-- phpMyAdmin SQL Dump
-- version 4.0.10.18
-- https://www.phpmyadmin.net
--
-- Host: localhost:3306
-- Generation Time: Apr 29, 2018 at 04:30 AM
-- Server version: 10.1.31-MariaDB-cll-lve
-- PHP Version: 5.6.30

SET SQL_MODE = "NO_AUTO_VALUE_ON_ZERO";
SET time_zone = "+00:00";


/*!40101 SET @OLD_CHARACTER_SET_CLIENT=@@CHARACTER_SET_CLIENT */;
/*!40101 SET @OLD_CHARACTER_SET_RESULTS=@@CHARACTER_SET_RESULTS */;
/*!40101 SET @OLD_COLLATION_CONNECTION=@@COLLATION_CONNECTION */;
/*!40101 SET NAMES utf8 */;

--
-- Database: `infiqryo_stock`
--

-- --------------------------------------------------------

--
-- Table structure for table `banks`
--

CREATE TABLE IF NOT EXISTS `banks` (
  `bankID` int(10) unsigned NOT NULL AUTO_INCREMENT,
  `name` varchar(191) COLLATE utf8mb4_unicode_ci NOT NULL,
  `AccountNumber` varchar(191) COLLATE utf8mb4_unicode_ci DEFAULT NULL,
  `userID` int(10) unsigned DEFAULT NULL,
  `deleted_at` timestamp NULL DEFAULT NULL,
  `created_at` timestamp NULL DEFAULT NULL,
  `updated_at` timestamp NULL DEFAULT NULL,
  PRIMARY KEY (`bankID`),
  KEY `banks_userid_index` (`userID`)
) ENGINE=InnoDB DEFAULT CHARSET=utf8mb4 COLLATE=utf8mb4_unicode_ci AUTO_INCREMENT=1 ;

-- --------------------------------------------------------

--
-- Table structure for table `bank_book`
--

CREATE TABLE IF NOT EXISTS `bank_book` (
  `bankBookID` int(10) unsigned NOT NULL AUTO_INCREMENT,
  `bankID` int(10) unsigned DEFAULT NULL,
  `amountDeposit` double(15,2) DEFAULT '0.00',
  `amountWithdraw` double(15,2) DEFAULT '0.00',
  `paymentDescription` varchar(191) COLLATE utf8mb4_unicode_ci DEFAULT NULL,
  `paymentType` varchar(15) COLLATE utf8mb4_unicode_ci DEFAULT 'Debit',
  `userID` int(10) unsigned DEFAULT NULL,
  `deleted_at` timestamp NULL DEFAULT NULL,
  `created_at` timestamp NULL DEFAULT NULL,
  `updated_at` timestamp NULL DEFAULT NULL,
  PRIMARY KEY (`bankBookID`),
  KEY `bank_book_bankid_index` (`bankID`),
  KEY `bank_book_userid_index` (`userID`)
) ENGINE=InnoDB  DEFAULT CHARSET=utf8mb4 COLLATE=utf8mb4_unicode_ci AUTO_INCREMENT=2 ;

--
-- Dumping data for table `bank_book`
--

INSERT INTO `bank_book` (`bankBookID`, `bankID`, `amountDeposit`, `amountWithdraw`, `paymentDescription`, `paymentType`, `userID`, `deleted_at`, `created_at`, `updated_at`) VALUES
(1, NULL, 20000.00, 0.00, NULL, 'Deposit', 1, NULL, '2018-04-27 01:50:54', '2018-04-27 01:50:54');

-- --------------------------------------------------------

--
-- Table structure for table `cash_book`
--

CREATE TABLE IF NOT EXISTS `cash_book` (
  `cashBookID` int(10) unsigned NOT NULL AUTO_INCREMENT,
  `amountDeposit` double(15,2) NOT NULL DEFAULT '0.00',
  `amountWithdraw` double(15,2) NOT NULL DEFAULT '0.00',
  `paymentDescription` text COLLATE utf8mb4_unicode_ci,
  `paymentType` varchar(15) COLLATE utf8mb4_unicode_ci DEFAULT 'Debit',
  `userID` int(10) unsigned DEFAULT NULL,
  `deleted_at` timestamp NULL DEFAULT NULL,
  `created_at` timestamp NULL DEFAULT NULL,
  `updated_at` timestamp NULL DEFAULT NULL,
  PRIMARY KEY (`cashBookID`),
  KEY `cash_book_userid_index` (`userID`)
) ENGINE=InnoDB  DEFAULT CHARSET=utf8mb4 COLLATE=utf8mb4_unicode_ci AUTO_INCREMENT=126 ;

--
-- Dumping data for table `cash_book`
--

INSERT INTO `cash_book` (`cashBookID`, `amountDeposit`, `amountWithdraw`, `paymentDescription`, `paymentType`, `userID`, `deleted_at`, `created_at`, `updated_at`) VALUES
(1, 1000000.00, 0.00, '0 | 0 | 0 | 0 | 0 | 0 | <abbr title="Cash In">01</abbr> | 0', 'Cash In', 1, NULL, '2018-04-08 14:37:42', '2018-04-08 14:37:42'),
(2, 0.00, 61350.50, '0 | <abbr title="Receipt ID">1</abbr> | 0 | <abbr title="Supplier ID">2</abbr> | 0 | 0 | 0 | <abbr title="Cash Out">02</abbr>', 'Cash Out', 1, NULL, '2018-04-09 14:54:20', '2018-04-09 14:54:20'),
(3, 0.00, 108855.50, '0 | <abbr title="Receipt ID">2</abbr> | 0 | <abbr title="Supplier ID">2</abbr> | 0 | 0 | 0 | <abbr title="Cash Out">02</abbr>', 'Cash Out', 1, NULL, '2018-04-10 17:21:23', '2018-04-10 17:21:23'),
(4, 0.00, 6120.00, '0 | <abbr title="Receipt ID">3</abbr> | 0 | <abbr title="Supplier ID">2</abbr> | 0 | 0 | 0 | <abbr title="Cash Out">02</abbr>', 'Cash Out', 1, NULL, '2018-04-10 19:01:01', '2018-04-10 19:01:01'),
(5, 0.00, 66439.30, '0 | <abbr title="Receipt ID">4</abbr> | 0 | <abbr title="Supplier ID">2</abbr> | 0 | 0 | 0 | <abbr title="Cash Out">02</abbr>', 'Cash Out', 1, NULL, '2018-04-10 19:37:32', '2018-04-10 19:37:32'),
(6, 0.00, 68176.00, '0 | <abbr title="Receipt ID">5</abbr> | 0 | <abbr title="Supplier ID">2</abbr> | 0 | 0 | 0 | <abbr title="Cash Out">02</abbr>', 'Cash Out', 1, NULL, '2018-04-10 19:56:46', '2018-04-10 19:56:46'),
(7, 0.00, 3360.00, '0 | <abbr title="Receipt ID">6</abbr> | 0 | <abbr title="Supplier ID">2</abbr> | 0 | 0 | 0 | <abbr title="Cash Out">02</abbr>', 'Cash Out', 1, NULL, '2018-04-10 23:00:13', '2018-04-10 23:00:13'),
(8, 0.00, 40086.00, '0 | <abbr title="Receipt ID">7</abbr> | 0 | <abbr title="Supplier ID">2</abbr> | 0 | 0 | 0 | <abbr title="Cash Out">02</abbr>', 'Cash Out', 1, NULL, '2018-04-11 00:28:16', '2018-04-11 00:28:16'),
(9, 0.00, 924.00, '0 | <abbr title="Receipt ID">8</abbr> | 0 | <abbr title="Supplier ID">2</abbr> | 0 | 0 | 0 | <abbr title="Cash Out">02</abbr>', 'Cash Out', 1, NULL, '2018-04-11 00:35:59', '2018-04-11 00:35:59'),
(10, 0.00, 3828.50, '0 | <abbr title="Receipt ID">9</abbr> | 0 | <abbr title="Supplier ID">2</abbr> | 0 | 0 | 0 | <abbr title="Cash Out">02</abbr>', 'Cash Out', 1, NULL, '2018-04-11 15:26:11', '2018-04-11 15:26:11'),
(11, 0.00, 2394.00, '0 | <abbr title="Receipt ID">10</abbr> | 0 | <abbr title="Supplier ID">4</abbr> | 0 | 0 | 0 | <abbr title="Cash Out">02</abbr>', 'Cash Out', 1, NULL, '2018-04-11 16:52:41', '2018-04-11 16:52:41'),
(12, 0.00, 2457.00, '0 | <abbr title="Receipt ID">11</abbr> | 0 | <abbr title="Supplier ID">4</abbr> | 0 | 0 | 0 | <abbr title="Cash Out">02</abbr>', 'Cash Out', 1, NULL, '2018-04-11 18:06:08', '2018-04-11 18:06:08'),
(13, 0.00, 315.00, '0 | <abbr title="Receipt ID">12</abbr> | 0 | <abbr title="Supplier ID">4</abbr> | 0 | 0 | 0 | <abbr title="Cash Out">02</abbr>', 'Cash Out', 1, NULL, '2018-04-11 18:08:22', '2018-04-11 18:08:22'),
(14, 0.00, 340.20, '0 | <abbr title="Receipt ID">13</abbr> | 0 | <abbr title="Supplier ID">4</abbr> | 0 | 0 | 0 | <abbr title="Cash Out">02</abbr>', 'Cash Out', 1, NULL, '2018-04-11 18:11:03', '2018-04-11 18:11:03'),
(15, 0.00, 16329.60, '0 | <abbr title="Receipt ID">14</abbr> | 0 | <abbr title="Supplier ID">4</abbr> | 0 | 0 | 0 | <abbr title="Cash Out">02</abbr>', 'Cash Out', 1, NULL, '2018-04-11 18:15:41', '2018-04-11 18:15:41'),
(16, 0.00, 16077.60, '0 | <abbr title="Receipt ID">15</abbr> | 0 | <abbr title="Supplier ID">4</abbr> | 0 | 0 | 0 | <abbr title="Cash Out">02</abbr>', 'Cash Out', 1, NULL, '2018-04-11 18:30:10', '2018-04-11 18:30:10'),
(17, 0.00, 9450.00, '0 | <abbr title="Receipt ID">16</abbr> | 0 | <abbr title="Supplier ID">4</abbr> | 0 | 0 | 0 | <abbr title="Cash Out">02</abbr>', 'Cash Out', 1, NULL, '2018-04-11 18:32:34', '2018-04-11 18:32:34'),
(18, 0.00, 9771.30, '0 | <abbr title="Receipt ID">17</abbr> | 0 | <abbr title="Supplier ID">4</abbr> | 0 | 0 | 0 | <abbr title="Cash Out">02</abbr>', 'Cash Out', 1, NULL, '2018-04-11 18:35:01', '2018-04-11 18:35:01'),
(19, 0.00, 5027.40, '0 | <abbr title="Receipt ID">18</abbr> | 0 | <abbr title="Supplier ID">4</abbr> | 0 | 0 | 0 | <abbr title="Cash Out">02</abbr>', 'Cash Out', 1, NULL, '2018-04-11 18:36:48', '2018-04-11 18:36:48'),
(20, 0.00, 15970.50, '0 | <abbr title="Receipt ID">19</abbr> | 0 | <abbr title="Supplier ID">4</abbr> | 0 | 0 | 0 | <abbr title="Cash Out">02</abbr>', 'Cash Out', 1, NULL, '2018-04-11 18:38:11', '2018-04-11 18:38:11'),
(21, 0.00, 9607.50, '0 | <abbr title="Receipt ID">20</abbr> | 0 | <abbr title="Supplier ID">4</abbr> | 0 | 0 | 0 | <abbr title="Cash Out">02</abbr>', 'Cash Out', 1, NULL, '2018-04-11 18:39:31', '2018-04-11 18:39:31'),
(22, 0.00, 1675.80, '0 | <abbr title="Receipt ID">21</abbr> | 0 | <abbr title="Supplier ID">4</abbr> | 0 | 0 | 0 | <abbr title="Cash Out">02</abbr>', 'Cash Out', 1, NULL, '2018-04-11 18:41:34', '2018-04-11 18:41:34'),
(23, 0.00, 2992.50, '0 | <abbr title="Receipt ID">22</abbr> | 0 | <abbr title="Supplier ID">4</abbr> | 0 | 0 | 0 | <abbr title="Cash Out">02</abbr>', 'Cash Out', 1, NULL, '2018-04-11 18:43:26', '2018-04-11 18:43:26'),
(24, 0.00, 3811.50, '0 | <abbr title="Receipt ID">23</abbr> | 0 | <abbr title="Supplier ID">4</abbr> | 0 | 0 | 0 | <abbr title="Cash Out">02</abbr>', 'Cash Out', 1, NULL, '2018-04-11 19:36:27', '2018-04-11 19:36:27'),
(25, 0.00, 13626.90, '0 | <abbr title="Receipt ID">24</abbr> | 0 | <abbr title="Supplier ID">4</abbr> | 0 | 0 | 0 | <abbr title="Cash Out">02</abbr>', 'Cash Out', 1, NULL, '2018-04-11 19:40:35', '2018-04-11 19:40:35'),
(26, 0.00, 3291.70, '0 | <abbr title="Receipt ID">25</abbr> | 0 | <abbr title="Supplier ID">4</abbr> | 0 | 0 | 0 | <abbr title="Cash Out">02</abbr>', 'Cash Out', 1, NULL, '2018-04-11 19:43:59', '2018-04-11 19:43:59'),
(27, 0.00, 4347.00, '0 | <abbr title="Receipt ID">26</abbr> | 0 | <abbr title="Supplier ID">4</abbr> | 0 | 0 | 0 | <abbr title="Cash Out">02</abbr>', 'Cash Out', 1, NULL, '2018-04-11 19:45:35', '2018-04-11 19:45:35'),
(28, 0.00, 12889.80, '0 | <abbr title="Receipt ID">27</abbr> | 0 | <abbr title="Supplier ID">4</abbr> | 0 | 0 | 0 | <abbr title="Cash Out">02</abbr>', 'Cash Out', 1, NULL, '2018-04-11 19:47:24', '2018-04-11 19:47:24'),
(29, 0.00, 13513.00, '0 | <abbr title="Receipt ID">28</abbr> | 0 | <abbr title="Supplier ID">4</abbr> | 0 | 0 | 0 | <abbr title="Cash Out">02</abbr>', 'Cash Out', 1, NULL, '2018-04-11 19:49:06', '2018-04-11 19:49:06'),
(30, 0.00, 16140.60, '0 | <abbr title="Receipt ID">29</abbr> | 0 | <abbr title="Supplier ID">4</abbr> | 0 | 0 | 0 | <abbr title="Cash Out">02</abbr>', 'Cash Out', 1, NULL, '2018-04-11 19:51:15', '2018-04-11 19:51:15'),
(31, 0.00, 6013.40, '0 | <abbr title="Receipt ID">30</abbr> | 0 | <abbr title="Supplier ID">4</abbr> | 0 | 0 | 0 | <abbr title="Cash Out">02</abbr>', 'Cash Out', 1, NULL, '2018-04-11 19:52:56', '2018-04-11 19:52:56'),
(32, 0.00, 3641.40, '0 | <abbr title="Receipt ID">31</abbr> | 0 | <abbr title="Supplier ID">4</abbr> | 0 | 0 | 0 | <abbr title="Cash Out">02</abbr>', 'Cash Out', 1, NULL, '2018-04-11 19:54:15', '2018-04-11 19:54:15'),
(33, 0.00, 6930.00, '0 | <abbr title="Receipt ID">32</abbr> | 0 | <abbr title="Supplier ID">4</abbr> | 0 | 0 | 0 | <abbr title="Cash Out">02</abbr>', 'Cash Out', 1, NULL, '2018-04-11 19:55:54', '2018-04-11 19:55:54'),
(34, 0.00, 1134.00, '0 | <abbr title="Receipt ID">33</abbr> | 0 | <abbr title="Supplier ID">4</abbr> | 0 | 0 | 0 | <abbr title="Cash Out">02</abbr>', 'Cash Out', 1, NULL, '2018-04-11 19:57:10', '2018-04-11 19:57:10'),
(35, 0.00, 7276.50, '0 | <abbr title="Receipt ID">34</abbr> | 0 | <abbr title="Supplier ID">4</abbr> | 0 | 0 | 0 | <abbr title="Cash Out">02</abbr>', 'Cash Out', 1, NULL, '2018-04-11 19:58:28', '2018-04-11 19:58:28'),
(36, 0.00, 5103.00, '0 | <abbr title="Receipt ID">35</abbr> | 0 | <abbr title="Supplier ID">4</abbr> | 0 | 0 | 0 | <abbr title="Cash Out">02</abbr>', 'Cash Out', 1, NULL, '2018-04-11 19:59:52', '2018-04-11 19:59:52'),
(37, 0.00, 5292.00, '0 | <abbr title="Receipt ID">36</abbr> | 0 | <abbr title="Supplier ID">4</abbr> | 0 | 0 | 0 | <abbr title="Cash Out">02</abbr>', 'Cash Out', 1, NULL, '2018-04-11 22:10:08', '2018-04-11 22:10:08'),
(38, 0.00, 8599.50, '0 | <abbr title="Receipt ID">37</abbr> | 0 | <abbr title="Supplier ID">4</abbr> | 0 | 0 | 0 | <abbr title="Cash Out">02</abbr>', 'Cash Out', 1, NULL, '2018-04-11 22:11:34', '2018-04-11 22:11:34'),
(39, 0.00, 17236.80, '0 | <abbr title="Receipt ID">38</abbr> | 0 | <abbr title="Supplier ID">4</abbr> | 0 | 0 | 0 | <abbr title="Cash Out">02</abbr>', 'Cash Out', 1, NULL, '2018-04-11 22:13:42', '2018-04-11 22:13:42'),
(40, 0.00, 112986.10, '0 | <abbr title="Receipt ID">39</abbr> | 0 | <abbr title="Supplier ID">4</abbr> | 0 | 0 | 0 | <abbr title="Cash Out">02</abbr>', 'Cash Out', 1, NULL, '2018-04-11 22:39:40', '2018-04-11 22:39:40'),
(41, 0.00, 5670.00, '0 | <abbr title="Receipt ID">40</abbr> | 0 | <abbr title="Supplier ID">4</abbr> | 0 | 0 | 0 | <abbr title="Cash Out">02</abbr>', 'Cash Out', 1, NULL, '2018-04-11 23:08:11', '2018-04-11 23:08:11'),
(42, 0.00, 151505.00, '0 | <abbr title="Receipt ID">41</abbr> | 0 | <abbr title="Supplier ID">5</abbr> | 0 | 0 | 0 | <abbr title="Cash Out">02</abbr>', 'Cash Out', 1, NULL, '2018-04-15 22:21:45', '2018-04-15 22:21:45'),
(43, 1280.00, 0.00, '<abbr title="Invoice ID">1</abbr> | 0 | <abbr title="Customer ID">2</abbr> | 0 | <abbr title="Customer Account Transaction ID">1</abbr> | 0 | <abbr title="Cash In">01</abbr> | 0', 'Cash In', 1, NULL, '2018-04-15 22:56:45', '2018-04-15 22:56:45'),
(44, 6000.00, 0.00, '<abbr title="Invoice ID">2</abbr> | 0 | <abbr title="Customer ID">3</abbr> | 0 | <abbr title="Customer Account Transaction ID">3</abbr> | 0 | <abbr title="Cash In">01</abbr> | 0', 'Cash In', 1, NULL, '2018-04-16 20:46:18', '2018-04-16 20:46:18'),
(45, 0.00, 73361.60, '0 | <abbr title="Receipt ID">42</abbr> | 0 | 0 | 0 | 0 | 0 | <abbr title="Cash Out">02</abbr>', 'Cash Out', 1, NULL, '2018-04-19 15:11:39', '2018-04-19 15:11:39'),
(46, 0.00, 0.50, '0 | <abbr title="Receipt ID">28</abbr> | 0 | 0 | 0 | 0 | 0 | <abbr title="Cash Out">02</abbr>', 'Cash Out', 1, NULL, '2018-04-19 15:11:55', '2018-04-19 15:11:55'),
(47, 0.00, 113277.50, '0 | <abbr title="Receipt ID">43</abbr> | 0 | <abbr title="Supplier ID">2</abbr> | 0 | 0 | 0 | <abbr title="Cash Out">02</abbr>', 'Cash Out', 1, NULL, '2018-04-19 16:21:14', '2018-04-19 16:21:14'),
(48, 0.00, 217994.70, '0 | <abbr title="Receipt ID">44</abbr> | 0 | <abbr title="Supplier ID">2</abbr> | 0 | 0 | 0 | <abbr title="Cash Out">02</abbr>', 'Cash Out', 1, NULL, '2018-04-19 17:15:34', '2018-04-19 17:15:34'),
(49, 0.00, 138055.50, '0 | <abbr title="Receipt ID">45</abbr> | 0 | <abbr title="Supplier ID">2</abbr> | 0 | 0 | 0 | <abbr title="Cash Out">02</abbr>', 'Cash Out', 1, NULL, '2018-04-19 19:37:53', '2018-04-19 19:37:53'),
(50, 0.00, 96082.20, '0 | <abbr title="Receipt ID">46</abbr> | 0 | <abbr title="Supplier ID">2</abbr> | 0 | 0 | 0 | <abbr title="Cash Out">02</abbr>', 'Cash Out', 1, NULL, '2018-04-19 21:56:23', '2018-04-19 21:56:23'),
(51, 0.00, 66973.40, '0 | <abbr title="Receipt ID">47</abbr> | 0 | <abbr title="Supplier ID">2</abbr> | 0 | 0 | 0 | <abbr title="Cash Out">02</abbr>', 'Cash Out', 1, NULL, '2018-04-20 00:23:18', '2018-04-20 00:23:18'),
(52, 0.00, 23787.50, '0 | <abbr title="Receipt ID">48</abbr> | 0 | <abbr title="Supplier ID">2</abbr> | 0 | 0 | 0 | <abbr title="Cash Out">02</abbr>', 'Cash Out', 1, NULL, '2018-04-20 00:35:01', '2018-04-20 00:35:01'),
(53, 0.00, 53056.00, '0 | <abbr title="Receipt ID">49</abbr> | 0 | <abbr title="Supplier ID">2</abbr> | 0 | 0 | 0 | <abbr title="Cash Out">02</abbr>', 'Cash Out', 1, NULL, '2018-04-21 16:12:47', '2018-04-21 16:12:47'),
(54, 2000.00, 0.00, '<abbr title="Invoice ID">3</abbr> | 0 | <abbr title="Customer ID">4</abbr> | 0 | <abbr title="Customer Account Transaction ID">4</abbr> | 0 | <abbr title="Cash In">01</abbr> | 0', 'Cash In', 1, NULL, '2018-04-21 16:19:28', '2018-04-21 16:19:28'),
(55, 0.00, 2000.00, '<abbr title="Invoice ID">3</abbr> | 0 | <abbr title="Customer ID">4</abbr> | 0 | <abbr title="Customer Account Transaction ID">5</abbr> | 0 | 0 | <abbr title="Cash Out">02</abbr>', 'Cash Out', 1, NULL, '2018-04-21 16:37:58', '2018-04-21 16:37:58'),
(56, 2190.00, 0.00, '<abbr title="Invoice ID">2</abbr> | 0 | <abbr title="Customer ID">3</abbr> | 0 | <abbr title="Customer Account Transaction ID">6</abbr> | 0 | <abbr title="Cash In">01</abbr> | 0', 'Cash In', 1, NULL, '2018-04-21 16:38:18', '2018-04-21 16:38:18'),
(57, 600.00, 0.00, '<abbr title="Invoice ID">5</abbr> | 0 | <abbr title="Customer ID">6</abbr> | 0 | <abbr title="Customer Account Transaction ID">8</abbr> | 0 | <abbr title="Cash In">01</abbr> | 0', 'Cash In', 1, NULL, '2018-04-21 21:20:51', '2018-04-21 21:20:51'),
(58, 0.00, 8470.00, '0 | 0 | 0 | 0 | 0 | <abbr title="Expense Transaction ID">1</abbr> | 0 | <abbr title="Cash Out">02</abbr>', 'Cash Out', 1, NULL, '2018-04-21 21:24:04', '2018-04-21 21:24:04'),
(59, 7000.00, 0.00, '<abbr title="Invoice ID">6</abbr> | 0 | <abbr title="Customer ID">7</abbr> | 0 | <abbr title="Customer Account Transaction ID">9</abbr> | 0 | <abbr title="Cash In">01</abbr> | 0', 'Cash In', 1, NULL, '2018-04-22 19:44:53', '2018-04-22 19:44:53'),
(60, 980.00, 0.00, '<abbr title="Invoice ID">9</abbr> | 0 | <abbr title="Customer ID">11</abbr> | 0 | <abbr title="Customer Account Transaction ID">12</abbr> | 0 | <abbr title="Cash In">01</abbr> | 0', 'Cash In', 1, NULL, '2018-04-23 00:57:49', '2018-04-23 00:57:49'),
(61, 10000.00, 0.00, '<abbr title="Invoice ID">10</abbr> | 0 | <abbr title="Customer ID">12</abbr> | 0 | <abbr title="Customer Account Transaction ID">13</abbr> | 0 | <abbr title="Cash In">01</abbr> | 0', 'Cash In', 1, NULL, '2018-04-23 16:07:40', '2018-04-23 16:07:40'),
(62, 340.00, 0.00, '<abbr title="Invoice ID">11</abbr> | 0 | <abbr title="Customer ID">13</abbr> | 0 | <abbr title="Customer Account Transaction ID">14</abbr> | 0 | <abbr title="Cash In">01</abbr> | 0', 'Cash In', 1, NULL, '2018-04-23 19:31:12', '2018-04-23 19:31:12'),
(63, 0.00, 5000.00, '0 | 0 | 0 | 0 | 0 | <abbr title="Expense Transaction ID">2</abbr> | 0 | <abbr title="Cash Out">02</abbr>', 'Cash Out', 1, NULL, '2018-04-23 23:08:06', '2018-04-23 23:08:06'),
(64, 0.00, 50.00, '0 | 0 | 0 | 0 | 0 | <abbr title="Expense Transaction ID">3</abbr> | 0 | <abbr title="Cash Out">02</abbr>', 'Cash Out', 1, NULL, '2018-04-23 23:13:11', '2018-04-23 23:13:11'),
(65, 0.00, 45.00, '0 | 0 | 0 | 0 | 0 | <abbr title="Expense Transaction ID">4</abbr> | 0 | <abbr title="Cash Out">02</abbr>', 'Cash Out', 1, NULL, '2018-04-23 23:13:25', '2018-04-23 23:13:25'),
(66, 0.00, 50.00, '0 | 0 | 0 | 0 | 0 | <abbr title="Expense Transaction ID">5</abbr> | 0 | <abbr title="Cash Out">02</abbr>', 'Cash Out', 1, NULL, '2018-04-23 23:13:43', '2018-04-23 23:13:43'),
(67, 0.00, 27.00, '0 | 0 | 0 | 0 | 0 | <abbr title="Expense Transaction ID">6</abbr> | 0 | <abbr title="Cash Out">02</abbr>', 'Cash Out', 1, NULL, '2018-04-24 00:09:54', '2018-04-24 00:09:54'),
(68, 370.00, 0.00, '<abbr title="Invoice ID">13</abbr> | 0 | <abbr title="Customer ID">15</abbr> | 0 | <abbr title="Customer Account Transaction ID">16</abbr> | 0 | <abbr title="Cash In">01</abbr> | 0', 'Cash In', 1, NULL, '2018-04-24 00:13:36', '2018-04-24 00:13:36'),
(69, 0.00, 150.00, '0 | 0 | 0 | 0 | 0 | <abbr title="Expense Transaction ID">7</abbr> | 0 | <abbr title="Cash Out">02</abbr>', 'Cash Out', 1, NULL, '2018-04-24 00:47:42', '2018-04-24 00:47:42'),
(70, 520.00, 0.00, '<abbr title="Invoice ID">14</abbr> | 0 | <abbr title="Customer ID">16</abbr> | 0 | <abbr title="Customer Account Transaction ID">17</abbr> | 0 | <abbr title="Cash In">01</abbr> | 0', 'Cash In', 1, NULL, '2018-04-24 01:09:53', '2018-04-24 01:09:53'),
(71, 1800.00, 0.00, '<abbr title="Invoice ID">15</abbr> | 0 | <abbr title="Customer ID">16</abbr> | 0 | <abbr title="Customer Account Transaction ID">18</abbr> | 0 | <abbr title="Cash In">01</abbr> | 0', 'Cash In', 1, NULL, '2018-04-24 16:04:38', '2018-04-24 16:04:38'),
(72, 380.00, 0.00, '<abbr title="Invoice ID">16</abbr> | 0 | <abbr title="Customer ID">16</abbr> | 0 | <abbr title="Customer Account Transaction ID">19</abbr> | 0 | <abbr title="Cash In">01</abbr> | 0', 'Cash In', 1, NULL, '2018-04-24 18:48:03', '2018-04-24 18:48:03'),
(73, 1500.00, 0.00, '0 | 0 | <abbr title="Customer ID">18</abbr> | 0 | <abbr title="Customer Account Transaction ID">21</abbr> | 0 | <abbr title="Cash In">01</abbr> | 0', 'Cash In', 1, NULL, '2018-04-24 20:12:22', '2018-04-24 20:12:22'),
(74, 0.00, 1500.00, '0 | 0 | <abbr title="Customer ID">18</abbr> | 0 | <abbr title="Customer Account Transaction ID">22</abbr> | 0 | 0 | <abbr title="Cash Out">02</abbr>', 'Cash Out', 1, NULL, '2018-04-24 20:14:08', '2018-04-24 20:14:08'),
(75, 1500.00, 0.00, '<abbr title="Invoice ID">19</abbr> | 0 | <abbr title="Customer ID">18</abbr> | 0 | <abbr title="Customer Account Transaction ID">23</abbr> | 0 | <abbr title="Cash In">01</abbr> | 0', 'Cash In', 1, NULL, '2018-04-24 20:20:14', '2018-04-24 20:20:14'),
(76, 0.00, 100.00, '0 | 0 | 0 | 0 | 0 | <abbr title="Expense Transaction ID">8</abbr> | 0 | <abbr title="Cash Out">02</abbr>', 'Cash Out', 1, NULL, '2018-04-24 20:28:31', '2018-04-24 20:28:31'),
(77, 14400.00, 0.00, '<abbr title="Invoice ID">20</abbr> | 0 | <abbr title="Customer ID">19</abbr> | 0 | <abbr title="Customer Account Transaction ID">26</abbr> | 0 | <abbr title="Cash In">01</abbr> | 0', 'Cash In', 1, NULL, '2018-04-24 23:02:15', '2018-04-24 23:02:15'),
(78, 0.00, 5000.00, '0 | 0 | 0 | 0 | 0 | <abbr title="Expense Transaction ID">9</abbr> | 0 | <abbr title="Cash Out">02</abbr>', 'Cash Out', 1, NULL, '2018-04-24 23:16:03', '2018-04-24 23:16:03'),
(79, 0.00, 8500.00, '0 | 0 | 0 | 0 | 0 | <abbr title="Expense Transaction ID">10</abbr> | 0 | <abbr title="Cash Out">02</abbr>', 'Cash Out', 1, NULL, '2018-04-24 23:54:57', '2018-04-24 23:54:57'),
(80, 350.00, 0.00, '<abbr title="Invoice ID">23</abbr> | 0 | <abbr title="Customer ID">16</abbr> | 0 | <abbr title="Customer Account Transaction ID">28</abbr> | 0 | <abbr title="Cash In">01</abbr> | 0', 'Cash In', 1, NULL, '2018-04-25 00:58:21', '2018-04-25 00:58:21'),
(81, 0.00, 300.00, '0 | 0 | 0 | 0 | 0 | <abbr title="Expense Transaction ID">11</abbr> | 0 | <abbr title="Cash Out">02</abbr>', 'Cash Out', 1, NULL, '2018-04-25 01:55:12', '2018-04-25 01:55:12'),
(82, 0.00, 150.00, '0 | 0 | 0 | 0 | 0 | <abbr title="Expense Transaction ID">12</abbr> | 0 | <abbr title="Cash Out">02</abbr>', 'Cash Out', 1, NULL, '2018-04-25 01:55:35', '2018-04-25 01:55:35'),
(83, 0.00, 2000.00, '0 | 0 | 0 | 0 | 0 | <abbr title="Expense Transaction ID">13</abbr> | 0 | <abbr title="Cash Out">02</abbr>', 'Cash Out', 1, NULL, '2018-04-25 01:56:37', '2018-04-25 01:56:37'),
(84, 0.00, 120689.00, '0 | <abbr title="Receipt ID">60</abbr> | 0 | 0 | 0 | 0 | 0 | <abbr title="Cash Out">02</abbr>', 'Cash Out', 1, NULL, '2018-04-25 19:55:46', '2018-04-25 19:55:46'),
(85, 2000.00, 0.00, '<abbr title="Invoice ID">25</abbr> | 0 | <abbr title="Customer ID">22</abbr> | 0 | <abbr title="Customer Account Transaction ID">30</abbr> | 0 | <abbr title="Cash In">01</abbr> | 0', 'Cash In', 1, NULL, '2018-04-25 22:28:44', '2018-04-25 22:28:44'),
(86, 24500.00, 0.00, '<abbr title="Invoice ID">26</abbr> | 0 | <abbr title="Customer ID">16</abbr> | 0 | <abbr title="Customer Account Transaction ID">31</abbr> | 0 | <abbr title="Cash In">01</abbr> | 0', 'Cash In', 1, NULL, '2018-04-26 01:11:24', '2018-04-26 01:11:24'),
(87, 0.00, 300.00, '0 | 0 | 0 | 0 | 0 | <abbr title="Expense Transaction ID">14</abbr> | 0 | <abbr title="Cash Out">02</abbr>', 'Cash Out', 1, NULL, '2018-04-26 01:12:27', '2018-04-26 01:12:27'),
(88, 0.00, 20000.00, '0 | 0 | 0 | 0 | 0 | <abbr title="Expense Transaction ID">15</abbr> | 0 | <abbr title="Cash Out">02</abbr>', 'Cash Out', 1, NULL, '2018-04-26 01:13:11', '2018-04-26 01:13:11'),
(89, 0.00, 2000.00, '0 | 0 | 0 | 0 | 0 | <abbr title="Expense Transaction ID">16</abbr> | 0 | <abbr title="Cash Out">02</abbr>', 'Cash Out', 1, NULL, '2018-04-26 01:13:38', '2018-04-26 01:13:38'),
(90, 0.00, 150.00, '0 | 0 | 0 | 0 | 0 | <abbr title="Expense Transaction ID">17</abbr> | 0 | <abbr title="Cash Out">02</abbr>', 'Cash Out', 1, NULL, '2018-04-26 01:13:55', '2018-04-26 01:13:55'),
(91, 0.00, 50.00, '0 | <abbr title="Receipt ID">62</abbr> | 0 | <abbr title="Supplier ID">10</abbr> | 0 | 0 | 0 | <abbr title="Cash Out">02</abbr>', 'Cash Out', 1, NULL, '2018-04-26 01:20:02', '2018-04-26 01:20:02'),
(92, 60.00, 0.00, '<abbr title="Invoice ID">27</abbr> | 0 | <abbr title="Customer ID">16</abbr> | 0 | <abbr title="Customer Account Transaction ID">32</abbr> | 0 | <abbr title="Cash In">01</abbr> | 0', 'Cash In', 1, NULL, '2018-04-26 01:21:46', '2018-04-26 01:21:46'),
(93, 1000.00, 0.00, '<abbr title="Invoice ID">17</abbr> | 0 | <abbr title="Customer ID">17</abbr> | 0 | <abbr title="Customer Account Transaction ID">33</abbr> | 0 | <abbr title="Cash In">01</abbr> | 0', 'Cash In', 1, NULL, '2018-04-26 01:45:20', '2018-04-26 01:45:20'),
(94, 0.00, 20.00, '0 | 0 | 0 | 0 | 0 | <abbr title="Expense Transaction ID">18</abbr> | 0 | <abbr title="Cash Out">02</abbr>', 'Cash Out', 1, NULL, '2018-04-26 15:49:25', '2018-04-26 15:49:25'),
(95, 0.00, 5000.00, '0 | 0 | 0 | 0 | 0 | <abbr title="Expense Transaction ID">19</abbr> | 0 | <abbr title="Cash Out">02</abbr>', 'Cash Out', 1, NULL, '2018-04-26 15:49:42', '2018-04-26 15:49:42'),
(96, 185.00, 0.00, '<abbr title="Invoice ID">28</abbr> | 0 | <abbr title="Customer ID">16</abbr> | 0 | <abbr title="Customer Account Transaction ID">34</abbr> | 0 | <abbr title="Cash In">01</abbr> | 0', 'Cash In', 1, NULL, '2018-04-26 18:53:02', '2018-04-26 18:53:02'),
(97, 0.00, 46403.50, '0 | <abbr title="Receipt ID">64</abbr> | 0 | <abbr title="Supplier ID">9</abbr> | 0 | 0 | 0 | <abbr title="Cash Out">02</abbr>', 'Cash Out', 1, NULL, '2018-04-26 19:12:12', '2018-04-26 19:12:12'),
(98, 0.00, 55.00, '0 | 0 | 0 | 0 | 0 | <abbr title="Expense Transaction ID">20</abbr> | 0 | <abbr title="Cash Out">02</abbr>', 'Cash Out', 1, NULL, '2018-04-26 19:13:24', '2018-04-26 19:13:24'),
(99, 0.00, 5000.00, '0 | 0 | 0 | 0 | 0 | <abbr title="Expense Transaction ID">21</abbr> | 0 | <abbr title="Cash Out">02</abbr>', 'Cash Out', 1, NULL, '2018-04-26 19:15:15', '2018-04-26 19:15:15'),
(100, 625.00, 0.00, '<abbr title="Invoice ID">29</abbr> | 0 | <abbr title="Customer ID">23</abbr> | 0 | <abbr title="Customer Account Transaction ID">35</abbr> | 0 | <abbr title="Cash In">01</abbr> | 0', 'Cash In', 1, NULL, '2018-04-26 20:31:13', '2018-04-26 20:31:13'),
(101, 0.00, 195.00, '0 | 0 | 0 | 0 | 0 | <abbr title="Expense Transaction ID">22</abbr> | 0 | <abbr title="Cash Out">02</abbr>', 'Cash Out', 1, NULL, '2018-04-26 20:38:42', '2018-04-26 20:38:42'),
(102, 1330.00, 0.00, '<abbr title="Invoice ID">30</abbr> | 0 | <abbr title="Customer ID">5</abbr> | 0 | <abbr title="Customer Account Transaction ID">36</abbr> | 0 | <abbr title="Cash In">01</abbr> | 0', 'Cash In', 1, NULL, '2018-04-27 00:11:59', '2018-04-27 00:11:59'),
(103, 0.00, 150.00, '0 | 0 | 0 | 0 | 0 | <abbr title="Expense Transaction ID">23</abbr> | 0 | <abbr title="Cash Out">02</abbr>', 'Cash Out', 1, NULL, '2018-04-27 01:47:25', '2018-04-27 01:47:25'),
(104, 0.00, 150.00, '0 | 0 | 0 | 0 | 0 | <abbr title="Expense Transaction ID">24</abbr> | 0 | <abbr title="Cash Out">02</abbr>', 'Cash Out', 1, NULL, '2018-04-27 01:47:48', '2018-04-27 01:47:48'),
(105, 0.00, 500.00, '0 | 0 | 0 | 0 | 0 | <abbr title="Expense Transaction ID">25</abbr> | 0 | <abbr title="Cash Out">02</abbr>', 'Cash Out', 1, NULL, '2018-04-27 01:48:24', '2018-04-27 01:48:24'),
(106, 4100.00, 0.00, '<abbr title="Invoice ID">33</abbr> | 0 | <abbr title="Customer ID">24</abbr> | 0 | <abbr title="Customer Account Transaction ID">40</abbr> | 0 | <abbr title="Cash In">01</abbr> | 0', 'Cash In', 1, NULL, '2018-04-28 17:24:06', '2018-04-28 17:24:06'),
(107, 2540.00, 0.00, '<abbr title="Invoice ID">34</abbr> | 0 | <abbr title="Customer ID">16</abbr> | 0 | <abbr title="Customer Account Transaction ID">41</abbr> | 0 | <abbr title="Cash In">01</abbr> | 0', 'Cash In', 1, NULL, '2018-04-28 17:30:31', '2018-04-28 17:30:31'),
(108, 445.00, 0.00, '<abbr title="Invoice ID">32</abbr> | 0 | <abbr title="Customer ID">16</abbr> | 0 | <abbr title="Customer Account Transaction ID">42</abbr> | 0 | <abbr title="Cash In">01</abbr> | 0', 'Cash In', 1, NULL, '2018-04-28 17:31:29', '2018-04-28 17:31:29'),
(109, 0.00, 44275.00, '0 | <abbr title="Receipt ID">69</abbr> | 0 | <abbr title="Supplier ID">9</abbr> | 0 | 0 | 0 | <abbr title="Cash Out">02</abbr>', 'Cash Out', 1, NULL, '2018-04-28 18:55:11', '2018-04-28 18:55:11'),
(110, 450.00, 0.00, '<abbr title="Invoice ID">35</abbr> | 0 | <abbr title="Customer ID">16</abbr> | 0 | <abbr title="Customer Account Transaction ID">43</abbr> | 0 | <abbr title="Cash In">01</abbr> | 0', 'Cash In', 1, NULL, '2018-04-28 19:13:27', '2018-04-28 19:13:27'),
(111, 0.00, 55870.00, '0 | <abbr title="Receipt ID">70</abbr> | 0 | <abbr title="Supplier ID">9</abbr> | 0 | 0 | 0 | <abbr title="Cash Out">02</abbr>', 'Cash Out', 1, NULL, '2018-04-28 20:00:15', '2018-04-28 20:00:15'),
(112, 1600.00, 0.00, '<abbr title="Invoice ID">37</abbr> | 0 | <abbr title="Customer ID">25</abbr> | 0 | <abbr title="Customer Account Transaction ID">45</abbr> | 0 | <abbr title="Cash In">01</abbr> | 0', 'Cash In', 1, NULL, '2018-04-28 21:09:47', '2018-04-28 21:09:47'),
(113, 70.00, 0.00, '<abbr title="Invoice ID">39</abbr> | 0 | <abbr title="Customer ID">16</abbr> | 0 | <abbr title="Customer Account Transaction ID">47</abbr> | 0 | <abbr title="Cash In">01</abbr> | 0', 'Cash In', 1, NULL, '2018-04-28 21:58:59', '2018-04-28 21:58:59'),
(114, 970.00, 0.00, '<abbr title="Invoice ID">41</abbr> | 0 | <abbr title="Customer ID">6</abbr> | 0 | <abbr title="Customer Account Transaction ID">49</abbr> | 0 | <abbr title="Cash In">01</abbr> | 0', 'Cash In', 1, NULL, '2018-04-28 22:07:26', '2018-04-28 22:07:26'),
(115, 16650.00, 0.00, '<abbr title="Invoice ID">42</abbr> | 0 | <abbr title="Customer ID">27</abbr> | 0 | <abbr title="Customer Account Transaction ID">50</abbr> | 0 | <abbr title="Cash In">01</abbr> | 0', 'Cash In', 1, NULL, '2018-04-28 23:12:52', '2018-04-28 23:12:52'),
(116, 0.00, 16650.00, '0 | 0 | 0 | 0 | 0 | 0 | 0 | <abbr title="Cash Out">02</abbr>', 'Cash Out', 1, NULL, '2018-04-28 23:24:32', '2018-04-28 23:24:32'),
(117, 0.00, 16650.00, '<abbr title="Invoice ID">42</abbr> | 0 | <abbr title="Customer ID">27</abbr> | 0 | <abbr title="Customer Account Transaction ID">52</abbr> | 0 | 0 | <abbr title="Cash Out">02</abbr>', 'Cash Out', 1, NULL, '2018-04-28 23:37:32', '2018-04-28 23:37:32'),
(118, 500.00, 0.00, '<abbr title="Invoice ID">17</abbr> | 0 | <abbr title="Customer ID">17</abbr> | 0 | <abbr title="Customer Account Transaction ID">54</abbr> | 0 | <abbr title="Cash In">01</abbr> | 0', 'Cash In', 1, NULL, '2018-04-28 23:58:44', '2018-04-28 23:58:44'),
(119, 440.00, 0.00, '<abbr title="Invoice ID">47</abbr> | 0 | <abbr title="Customer ID">16</abbr> | 0 | <abbr title="Customer Account Transaction ID">58</abbr> | 0 | <abbr title="Cash In">01</abbr> | 0', 'Cash In', 1, NULL, '2018-04-29 01:24:20', '2018-04-29 01:24:20'),
(120, 1640.00, 0.00, '<abbr title="Invoice ID">48</abbr> | 0 | <abbr title="Customer ID">26</abbr> | 0 | <abbr title="Customer Account Transaction ID">59</abbr> | 0 | <abbr title="Cash In">01</abbr> | 0', 'Cash In', 1, NULL, '2018-04-29 01:53:51', '2018-04-29 01:53:51'),
(121, 1290.00, 0.00, '<abbr title="Invoice ID">49</abbr> | 0 | <abbr title="Customer ID">16</abbr> | 0 | <abbr title="Customer Account Transaction ID">60</abbr> | 0 | <abbr title="Cash In">01</abbr> | 0', 'Cash In', 1, NULL, '2018-04-29 02:12:15', '2018-04-29 02:12:15'),
(122, 0.00, 250.00, '0 | 0 | 0 | 0 | 0 | <abbr title="Expense Transaction ID">26</abbr> | 0 | <abbr title="Cash Out">02</abbr>', 'Cash Out', 1, NULL, '2018-04-29 02:16:17', '2018-04-29 02:16:17'),
(123, 0.00, 3000.00, '0 | 0 | 0 | 0 | 0 | <abbr title="Expense Transaction ID">27</abbr> | 0 | <abbr title="Cash Out">02</abbr>', 'Cash Out', 1, NULL, '2018-04-29 02:16:30', '2018-04-29 02:16:30'),
(124, 0.00, 20.00, '0 | 0 | 0 | 0 | 0 | <abbr title="Expense Transaction ID">28</abbr> | 0 | <abbr title="Cash Out">02</abbr>', 'Cash Out', 1, NULL, '2018-04-29 02:17:29', '2018-04-29 02:17:29'),
(125, 0.00, 150.00, '0 | 0 | 0 | 0 | 0 | <abbr title="Expense Transaction ID">29</abbr> | 0 | <abbr title="Cash Out">02</abbr>', 'Cash Out', 1, NULL, '2018-04-29 02:26:19', '2018-04-29 02:26:19');

-- --------------------------------------------------------

--
-- Table structure for table `customers`
--

CREATE TABLE IF NOT EXISTS `customers` (
  `customerID` int(10) unsigned NOT NULL AUTO_INCREMENT,
  `customerCategoryID` int(10) unsigned DEFAULT NULL,
  `name` varchar(191) COLLATE utf8mb4_unicode_ci DEFAULT NULL,
  `company` varchar(191) COLLATE utf8mb4_unicode_ci DEFAULT NULL,
  `contact` varchar(30) COLLATE utf8mb4_unicode_ci DEFAULT NULL,
  `email` varchar(160) COLLATE utf8mb4_unicode_ci DEFAULT NULL,
  `social` varchar(191) COLLATE utf8mb4_unicode_ci DEFAULT NULL,
  `address` varchar(191) COLLATE utf8mb4_unicode_ci DEFAULT NULL,
  `description` varchar(191) COLLATE utf8mb4_unicode_ci DEFAULT NULL,
  `userID` int(10) unsigned DEFAULT NULL,
  `deleted_at` timestamp NULL DEFAULT NULL,
  `created_at` timestamp NULL DEFAULT NULL,
  `updated_at` timestamp NULL DEFAULT NULL,
  PRIMARY KEY (`customerID`),
  KEY `customers_customercategoryid_index` (`customerCategoryID`),
  KEY `customers_userid_index` (`userID`)
) ENGINE=InnoDB  DEFAULT CHARSET=utf8mb4 COLLATE=utf8mb4_unicode_ci AUTO_INCREMENT=30 ;

--
-- Dumping data for table `customers`
--

INSERT INTO `customers` (`customerID`, `customerCategoryID`, `name`, `company`, `contact`, `email`, `social`, `address`, `description`, `userID`, `deleted_at`, `created_at`, `updated_at`) VALUES
(1, NULL, 'Mr Shopon Vi', NULL, '01654846', NULL, NULL, NULL, NULL, NULL, NULL, '2017-11-02 22:29:38', '2017-11-02 22:29:38'),
(2, NULL, 'mr.', NULL, '000000000', NULL, NULL, NULL, NULL, NULL, NULL, '2018-04-15 22:55:33', '2018-04-15 22:55:33'),
(3, NULL, 'Nurani Electric', NULL, '01739476933', NULL, NULL, 'Shubid Bazar, Sylhet', NULL, NULL, NULL, '2018-04-16 01:00:41', '2018-04-16 01:00:41'),
(4, NULL, 'Habib', NULL, '01711064972', NULL, NULL, 'Nabiganj', NULL, NULL, NULL, '2018-04-16 19:08:38', '2018-04-16 19:08:38'),
(5, NULL, 'Ratri Electric', NULL, '01725109444', NULL, NULL, 'Shubid Bazar, Sylhet', NULL, NULL, NULL, '2018-04-21 20:51:42', '2018-04-21 20:51:42'),
(6, NULL, 'Junaki Electrical House', NULL, '01712909120', NULL, NULL, 'Bandor Bazar,Sylhet', NULL, NULL, NULL, '2018-04-21 21:20:28', '2018-04-21 21:20:28'),
(7, NULL, 'Abul Kalam', 'Kalam Tradras', '01753756291', NULL, NULL, 'Mejor Tila, Bazar', NULL, NULL, NULL, '2018-04-22 19:38:30', '2018-04-22 19:38:30'),
(9, NULL, 'Moha Nogor Electric.', NULL, '01712166862', NULL, NULL, 'Subanigut, Sylhet .', NULL, NULL, NULL, '2018-04-23 00:45:21', '2018-04-23 00:45:21'),
(10, NULL, 'RP Electric', NULL, '01548451425', NULL, NULL, 'Shibgon Sylhet', NULL, NULL, NULL, '2018-04-23 00:55:41', '2018-04-23 00:55:41'),
(11, NULL, 'RP Electric', NULL, '01548451425', NULL, NULL, 'Shibgon Sylhet', NULL, NULL, NULL, '2018-04-23 00:55:43', '2018-04-23 00:55:43'),
(12, NULL, 'Sharfin Electric', NULL, '01726687029', NULL, NULL, 'Modina Market, Sylhet.', NULL, NULL, NULL, '2018-04-23 16:03:01', '2018-04-23 16:03:01'),
(13, NULL, 'National Electric', NULL, '01712970727', NULL, NULL, 'Zinda Bazar', NULL, NULL, NULL, '2018-04-23 19:27:53', '2018-04-23 19:27:53'),
(14, NULL, 'Kamal vi', 'Modina Electric', '01720446400', NULL, NULL, 'Al Falah Complex, Sylhet.', NULL, NULL, NULL, '2018-04-23 23:35:37', '2018-04-23 23:35:37'),
(15, NULL, 'Mitu', NULL, '000000000', NULL, NULL, 'Sylhet', NULL, NULL, NULL, '2018-04-24 00:13:08', '2018-04-24 00:13:08'),
(16, NULL, 'Self', NULL, '01718363713', NULL, NULL, 'Sylhet', NULL, NULL, NULL, '2018-04-24 01:09:16', '2018-04-28 19:15:17'),
(17, NULL, 'Power Shine', NULL, '017771853481', NULL, NULL, 'Al Falah Complex, Sylhet.', NULL, NULL, NULL, '2018-04-24 19:05:17', '2018-04-24 19:05:17'),
(18, NULL, 'Dulal Vi', NULL, '01712534019', NULL, NULL, 'Sylhet', NULL, NULL, NULL, '2018-04-24 20:08:39', '2018-04-24 20:08:39'),
(19, NULL, 'Moon Electric', NULL, '01710263038', NULL, NULL, 'Gobinda Ganj', NULL, NULL, NULL, '2018-04-24 22:25:42', '2018-04-24 22:25:42'),
(20, NULL, 'National Trading', NULL, '01792253067', NULL, NULL, 'Jail Road, Sylhet', NULL, NULL, NULL, '2018-04-24 22:59:43', '2018-04-24 23:33:04'),
(21, NULL, 'Modina Solar', NULL, '01717129333', NULL, NULL, 'Sylhet', NULL, NULL, NULL, '2018-04-24 23:11:09', '2018-04-24 23:11:09'),
(22, NULL, 'Modern Electric', NULL, '01711983681', NULL, NULL, 'Biani Bazar', NULL, NULL, NULL, '2018-04-25 22:28:16', '2018-04-25 22:28:16'),
(23, NULL, 'Maruf Electric', NULL, '01712912396', NULL, NULL, 'Madical Road, Sylhet', NULL, NULL, NULL, '2018-04-26 20:26:53', '2018-04-26 20:26:53'),
(24, NULL, 'Sohidul Islam', NULL, '01766707887', NULL, NULL, 'Sylhet', NULL, NULL, NULL, '2018-04-28 17:16:34', '2018-04-28 17:16:34'),
(25, NULL, 'Abul Husain', NULL, '01715083938', NULL, NULL, NULL, NULL, NULL, NULL, '2018-04-28 21:09:21', '2018-04-28 21:09:21'),
(26, NULL, 'Ma Electric House', NULL, '01715929415', NULL, NULL, 'Zinda Bazar, Sylhet', NULL, NULL, NULL, '2018-04-28 21:16:55', '2018-04-28 21:16:55'),
(27, NULL, 'Ad Link', NULL, '01713301124', NULL, NULL, 'Mirza Zangal,Sylhet', NULL, NULL, NULL, '2018-04-28 23:08:27', '2018-04-28 23:08:27'),
(28, NULL, 'Mutahir''s ELectric', NULL, '01712218955', NULL, NULL, 'Sylhet', NULL, NULL, NULL, '2018-04-29 00:03:37', '2018-04-29 00:03:37'),
(29, NULL, 'Nurul Hoque', NULL, '01718363713', NULL, NULL, 'Sylhet', NULL, NULL, NULL, '2018-04-29 00:44:45', '2018-04-29 00:44:45');

-- --------------------------------------------------------

--
-- Table structure for table `customers_category`
--

CREATE TABLE IF NOT EXISTS `customers_category` (
  `customerCategoryID` int(10) unsigned NOT NULL AUTO_INCREMENT,
  `name` varchar(160) COLLATE utf8mb4_unicode_ci NOT NULL,
  `userID` int(10) unsigned DEFAULT NULL,
  `deleted_at` timestamp NULL DEFAULT NULL,
  `created_at` timestamp NULL DEFAULT NULL,
  `updated_at` timestamp NULL DEFAULT NULL,
  PRIMARY KEY (`customerCategoryID`),
  UNIQUE KEY `customers_category_name_unique` (`name`),
  KEY `customers_category_userid_index` (`userID`)
) ENGINE=InnoDB  DEFAULT CHARSET=utf8mb4 COLLATE=utf8mb4_unicode_ci AUTO_INCREMENT=4 ;

-- --------------------------------------------------------

--
-- Table structure for table `customer_accounts`
--

CREATE TABLE IF NOT EXISTS `customer_accounts` (
  `customerAccountsID` int(10) unsigned NOT NULL AUTO_INCREMENT,
  `customerID` int(10) unsigned DEFAULT NULL,
  `amount_add` double(15,2) NOT NULL DEFAULT '0.00',
  `amount_remove` double(15,2) NOT NULL DEFAULT '0.00',
  `type` varchar(10) COLLATE utf8mb4_unicode_ci DEFAULT 'Buy',
  `comment` varchar(191) COLLATE utf8mb4_unicode_ci DEFAULT NULL,
  `userID` int(10) unsigned DEFAULT NULL,
  `deleted_at` timestamp NULL DEFAULT NULL,
  `created_at` timestamp NULL DEFAULT NULL,
  `updated_at` timestamp NULL DEFAULT NULL,
  PRIMARY KEY (`customerAccountsID`),
  KEY `customer_accounts_customerid_index` (`customerID`),
  KEY `customer_accounts_userid_index` (`userID`)
) ENGINE=InnoDB  DEFAULT CHARSET=utf8mb4 COLLATE=utf8mb4_unicode_ci AUTO_INCREMENT=62 ;

--
-- Dumping data for table `customer_accounts`
--

INSERT INTO `customer_accounts` (`customerAccountsID`, `customerID`, `amount_add`, `amount_remove`, `type`, `comment`, `userID`, `deleted_at`, `created_at`, `updated_at`) VALUES
(1, 2, 1280.00, 1280.00, 'Buy', NULL, 1, NULL, '2018-04-15 22:56:45', '2018-04-15 22:56:45'),
(2, 4, 0.00, 2000.00, 'Buy', NULL, 1, NULL, '2018-04-16 19:09:37', '2018-04-16 19:09:37'),
(3, 3, 6000.00, 8190.00, 'Buy', NULL, 1, NULL, '2018-04-16 20:46:18', '2018-04-16 20:46:18'),
(4, 4, 2000.00, 0.00, 'Buy', NULL, 1, NULL, '2018-04-21 16:19:28', '2018-04-21 16:19:28'),
(5, 4, 0.00, 2000.00, 'Buy', NULL, 1, NULL, '2018-04-21 16:37:58', '2018-04-21 16:37:58'),
(6, 3, 2190.00, 0.00, 'Buy', NULL, 1, NULL, '2018-04-21 16:38:18', '2018-04-21 16:38:18'),
(7, 5, 0.00, 2734.92, 'Buy', NULL, 1, NULL, '2018-04-21 20:56:05', '2018-04-21 20:56:05'),
(8, 6, 600.00, 600.00, 'Buy', NULL, 1, NULL, '2018-04-21 21:20:51', '2018-04-21 21:20:51'),
(9, 7, 7000.00, 7000.00, 'Buy', NULL, 1, NULL, '2018-04-22 19:44:53', '2018-04-22 19:44:53'),
(10, 3, 0.00, 0.00, 'Buy', NULL, 1, NULL, '2018-04-23 00:27:15', '2018-04-23 00:27:15'),
(11, 9, 0.00, 13000.00, 'Buy', NULL, 1, NULL, '2018-04-23 00:47:07', '2018-04-23 00:47:07'),
(12, 11, 980.00, 980.00, 'Buy', NULL, 1, NULL, '2018-04-23 00:57:49', '2018-04-23 00:57:49'),
(13, 12, 10000.00, 12180.00, 'Buy', NULL, 1, NULL, '2018-04-23 16:07:40', '2018-04-23 16:07:40'),
(14, 13, 340.00, 340.80, 'Buy', NULL, 1, NULL, '2018-04-23 19:31:12', '2018-04-23 19:31:12'),
(15, 14, 0.00, 1450.00, 'Buy', NULL, 1, NULL, '2018-04-23 23:37:00', '2018-04-23 23:37:00'),
(16, 15, 370.00, 370.00, 'Buy', NULL, 1, NULL, '2018-04-24 00:13:36', '2018-04-24 00:13:36'),
(17, 16, 520.00, 520.00, 'Buy', NULL, 1, NULL, '2018-04-24 01:09:53', '2018-04-24 01:09:53'),
(18, 16, 1800.00, 1800.00, 'Buy', NULL, 1, NULL, '2018-04-24 16:04:38', '2018-04-24 16:04:38'),
(19, 16, 380.00, 380.00, 'Buy', NULL, 1, NULL, '2018-04-24 18:48:03', '2018-04-24 18:48:03'),
(20, 17, 0.00, 2615.60, 'Buy', NULL, 1, NULL, '2018-04-24 19:05:55', '2018-04-24 19:05:55'),
(21, 18, 1500.00, 0.00, 'Buy', NULL, 1, NULL, '2018-04-24 20:12:22', '2018-04-24 20:12:22'),
(22, 18, 0.00, 1500.00, 'Buy', NULL, 1, NULL, '2018-04-24 20:14:08', '2018-04-24 20:14:08'),
(23, 18, 1500.00, 3300.00, 'Buy', NULL, 1, NULL, '2018-04-24 20:20:14', '2018-04-24 20:20:14'),
(24, 19, 0.00, 14400.00, 'Buy', NULL, 1, NULL, '2018-04-24 22:52:41', '2018-04-24 22:52:41'),
(25, 20, 0.00, 1960.00, 'Buy', NULL, 1, NULL, '2018-04-24 22:59:59', '2018-04-24 22:59:59'),
(26, 19, 14400.00, 0.00, 'Buy', NULL, 1, NULL, '2018-04-24 23:02:15', '2018-04-24 23:02:15'),
(27, 21, 0.00, 215.00, 'Buy', NULL, 1, NULL, '2018-04-24 23:11:41', '2018-04-24 23:11:41'),
(28, 16, 350.00, 350.00, 'Buy', NULL, 1, NULL, '2018-04-25 00:58:21', '2018-04-25 00:58:21'),
(29, 20, 0.00, 1200.00, 'Buy', NULL, 1, NULL, '2018-04-25 21:53:48', '2018-04-25 21:53:48'),
(30, 22, 2000.00, 2000.00, 'Buy', NULL, 1, NULL, '2018-04-25 22:28:44', '2018-04-25 22:28:44'),
(31, 16, 24500.00, 24500.00, 'Buy', NULL, 1, NULL, '2018-04-26 01:11:24', '2018-04-26 01:11:24'),
(32, 16, 60.00, 60.00, 'Buy', NULL, 1, NULL, '2018-04-26 01:21:46', '2018-04-26 01:21:46'),
(33, 17, 1000.00, 0.00, 'Buy', NULL, 1, NULL, '2018-04-26 01:45:20', '2018-04-26 01:45:20'),
(34, 16, 185.00, 185.00, 'Buy', NULL, 1, NULL, '2018-04-26 18:53:02', '2018-04-26 18:53:02'),
(35, 23, 625.00, 625.00, 'Buy', NULL, 1, NULL, '2018-04-26 20:31:13', '2018-04-26 20:31:13'),
(36, 5, 1330.00, 1330.00, 'Buy', NULL, 1, NULL, '2018-04-27 00:11:59', '2018-04-27 00:11:59'),
(37, 3, 0.00, 1266.30, 'Buy', NULL, 1, NULL, '2018-04-27 01:19:00', '2018-04-27 01:19:00'),
(38, 16, 0.00, 445.00, 'Buy', NULL, 1, NULL, '2018-04-28 15:32:35', '2018-04-28 15:32:35'),
(39, 24, 0.00, 6620.00, 'Buy', NULL, 1, NULL, '2018-04-28 17:17:41', '2018-04-28 17:17:41'),
(40, 24, 4100.00, 0.00, 'Buy', NULL, 1, NULL, '2018-04-28 17:24:06', '2018-04-28 17:24:06'),
(41, 16, 2540.00, 2540.00, 'Buy', NULL, 1, NULL, '2018-04-28 17:30:31', '2018-04-28 17:30:31'),
(42, 16, 445.00, 0.00, 'Buy', NULL, 1, NULL, '2018-04-28 17:31:29', '2018-04-28 17:31:29'),
(43, 16, 450.00, 450.00, 'Buy', NULL, 1, NULL, '2018-04-28 19:13:27', '2018-04-28 19:13:27'),
(44, 20, 0.00, 600.00, 'Buy', NULL, 1, NULL, '2018-04-28 20:29:06', '2018-04-28 20:29:06'),
(45, 25, 1600.00, 1600.00, 'Buy', NULL, 1, NULL, '2018-04-28 21:09:47', '2018-04-28 21:09:47'),
(46, 26, 0.00, 1620.00, 'Buy', NULL, 1, NULL, '2018-04-28 21:17:16', '2018-04-28 21:17:16'),
(47, 16, 70.00, 70.00, 'Buy', NULL, 1, NULL, '2018-04-28 21:58:59', '2018-04-28 21:58:59'),
(48, 26, 0.00, 29000.00, 'Buy', NULL, 1, NULL, '2018-04-28 22:00:47', '2018-04-28 22:00:47'),
(49, 6, 970.00, 970.00, 'Buy', NULL, 1, NULL, '2018-04-28 22:07:26', '2018-04-28 22:07:26'),
(50, 27, 16650.00, 16650.00, 'Buy', NULL, 1, NULL, '2018-04-28 23:12:52', '2018-04-28 23:12:52'),
(51, 27, 16650.00, 0.00, 'Buy', NULL, 1, NULL, '2018-04-28 23:18:00', '2018-04-28 23:18:00'),
(52, 27, 0.00, 16650.00, 'Buy', NULL, 1, NULL, '2018-04-28 23:37:32', '2018-04-28 23:37:32'),
(53, 17, 0.00, 275.40, 'Buy', NULL, 1, NULL, '2018-04-28 23:53:51', '2018-04-28 23:53:51'),
(54, 17, 500.00, 0.00, 'Buy', NULL, 1, NULL, '2018-04-28 23:58:44', '2018-04-28 23:58:44'),
(55, 28, 0.00, 591.60, 'Buy', NULL, 1, NULL, '2018-04-29 00:04:24', '2018-04-29 00:04:24'),
(56, 29, 0.00, 210.00, 'Buy', NULL, 1, NULL, '2018-04-29 00:45:12', '2018-04-29 00:45:12'),
(57, 28, 0.00, 204.00, 'Buy', NULL, 1, NULL, '2018-04-29 00:57:04', '2018-04-29 00:57:04'),
(58, 16, 440.00, 440.00, 'Buy', NULL, 1, NULL, '2018-04-29 01:24:20', '2018-04-29 01:24:20'),
(59, 26, 1640.00, 1640.00, 'Buy', NULL, 1, NULL, '2018-04-29 01:53:51', '2018-04-29 01:53:51'),
(60, 16, 1290.00, 1290.00, 'Buy', NULL, 1, NULL, '2018-04-29 02:12:15', '2018-04-29 02:12:15'),
(61, 9, 0.00, 8682.00, 'Buy', NULL, 1, NULL, '2018-04-29 18:02:48', '2018-04-29 18:02:48');

-- --------------------------------------------------------

--
-- Table structure for table `expense`
--

CREATE TABLE IF NOT EXISTS `expense` (
  `expenseID` int(10) unsigned NOT NULL AUTO_INCREMENT,
  `name` varchar(160) COLLATE utf8mb4_unicode_ci NOT NULL,
  `userID` int(10) unsigned DEFAULT NULL,
  `deleted_at` timestamp NULL DEFAULT NULL,
  `created_at` timestamp NULL DEFAULT NULL,
  `updated_at` timestamp NULL DEFAULT NULL,
  PRIMARY KEY (`expenseID`),
  KEY `expense_userid_index` (`userID`)
) ENGINE=InnoDB  DEFAULT CHARSET=utf8mb4 COLLATE=utf8mb4_unicode_ci AUTO_INCREMENT=11 ;

--
-- Dumping data for table `expense`
--

INSERT INTO `expense` (`expenseID`, `name`, `userID`, `deleted_at`, `created_at`, `updated_at`) VALUES
(1, 'Electric bill', 1, NULL, '2018-04-21 21:23:36', '2018-04-21 21:26:44'),
(2, 'Ashikur Rahman', 1, NULL, '2018-04-23 23:07:38', '2018-04-23 23:07:38'),
(3, 'tee & Other', 1, NULL, '2018-04-23 23:12:35', '2018-04-23 23:12:35'),
(4, 'Allowance', 1, NULL, '2018-04-24 00:47:25', '2018-04-24 00:47:25'),
(5, 'Water', 1, NULL, '2018-04-24 20:28:01', '2018-04-24 20:28:01'),
(6, 'Super Sahin Cable', 1, NULL, '2018-04-24 23:15:42', '2018-04-24 23:15:42'),
(7, 'Nurul Hoque', 1, NULL, '2018-04-24 23:53:54', '2018-04-24 23:53:54'),
(8, 'Tabib', 1, NULL, '2018-04-26 01:12:53', '2018-04-26 01:12:53'),
(9, 'Politon S L Co.Ltd', 1, NULL, '2018-04-26 19:14:51', '2018-04-26 19:14:51'),
(10, 'Transport', 1, NULL, '2018-04-29 02:17:18', '2018-04-29 02:17:18');

-- --------------------------------------------------------

--
-- Table structure for table `expense_transactions`
--

CREATE TABLE IF NOT EXISTS `expense_transactions` (
  `expenseTransactionsID` int(10) unsigned NOT NULL AUTO_INCREMENT,
  `expenseName` varchar(160) COLLATE utf8mb4_unicode_ci DEFAULT NULL,
  `amount` double(15,2) DEFAULT '0.00',
  `userID` int(10) unsigned DEFAULT NULL,
  `deleted_at` timestamp NULL DEFAULT NULL,
  `created_at` timestamp NULL DEFAULT NULL,
  `updated_at` timestamp NULL DEFAULT NULL,
  PRIMARY KEY (`expenseTransactionsID`),
  KEY `expense_transactions_userid_index` (`userID`)
) ENGINE=InnoDB  DEFAULT CHARSET=utf8mb4 COLLATE=utf8mb4_unicode_ci AUTO_INCREMENT=30 ;

--
-- Dumping data for table `expense_transactions`
--

INSERT INTO `expense_transactions` (`expenseTransactionsID`, `expenseName`, `amount`, `userID`, `deleted_at`, `created_at`, `updated_at`) VALUES
(1, 'Electri bill', 8470.00, 1, NULL, '2018-04-21 21:24:04', '2018-04-21 21:24:04'),
(2, 'Ashikur Rahman', 5000.00, 1, NULL, '2018-04-23 23:08:06', '2018-04-23 23:08:06'),
(3, 'tee & Other', 50.00, 1, NULL, '2018-04-23 23:13:11', '2018-04-23 23:13:11'),
(4, 'tee & Other', 45.00, 1, NULL, '2018-04-23 23:13:25', '2018-04-23 23:13:25'),
(5, 'tee & Other', 50.00, 1, NULL, '2018-04-23 23:13:43', '2018-04-23 23:13:43'),
(6, 'tee & Other', 27.00, 1, NULL, '2018-04-24 00:09:54', '2018-04-24 00:09:54'),
(7, 'Allowance', 150.00, 1, NULL, '2018-04-24 00:47:42', '2018-04-24 00:47:42'),
(8, 'Water', 100.00, 1, NULL, '2018-04-24 20:28:31', '2018-04-24 20:28:31'),
(9, 'Super Sahin Cable', 5000.00, 1, NULL, '2018-04-24 23:16:03', '2018-04-24 23:16:03'),
(10, 'Nurul Hoque', 8500.00, 1, NULL, '2018-04-24 23:54:57', '2018-04-24 23:54:57'),
(11, 'tee & Other', 300.00, 1, NULL, '2018-04-25 01:55:12', '2018-04-25 01:55:12'),
(12, 'Allowance', 150.00, 1, NULL, '2018-04-25 01:55:35', '2018-04-25 01:55:35'),
(13, 'Ashikur Rahman', 2000.00, 1, NULL, '2018-04-25 01:56:37', '2018-04-25 01:56:37'),
(14, 'tee & Other', 300.00, 1, NULL, '2018-04-26 01:12:27', '2018-04-26 01:12:27'),
(15, 'Tabib', 20000.00, 1, NULL, '2018-04-26 01:13:11', '2018-04-26 01:13:11'),
(16, 'Nurul Hoque', 2000.00, 1, NULL, '2018-04-26 01:13:38', '2018-04-26 01:13:38'),
(17, 'Allowance', 150.00, 1, NULL, '2018-04-26 01:13:55', '2018-04-26 01:13:55'),
(18, 'tee & Other', 20.00, 1, NULL, '2018-04-26 15:49:25', '2018-04-26 15:49:25'),
(19, 'Electric bill', 5000.00, 1, NULL, '2018-04-26 15:49:42', '2018-04-26 15:49:42'),
(20, 'tee & Other', 55.00, 1, NULL, '2018-04-26 19:13:23', '2018-04-26 19:13:23'),
(21, 'Politon S L Co.Ltd', 5000.00, 1, NULL, '2018-04-26 19:15:15', '2018-04-26 19:15:15'),
(22, 'tee & Other', 195.00, 1, NULL, '2018-04-26 20:38:42', '2018-04-26 20:38:42'),
(23, 'tee & Other', 150.00, 1, NULL, '2018-04-27 01:47:25', '2018-04-27 01:47:25'),
(24, 'Allowance', 150.00, 1, NULL, '2018-04-27 01:47:48', '2018-04-27 01:47:48'),
(25, 'tee & Other', 500.00, 1, NULL, '2018-04-27 01:48:24', '2018-04-27 01:48:24'),
(26, 'tee & Other', 250.00, 1, NULL, '2018-04-29 02:16:17', '2018-04-29 02:16:17'),
(27, 'Nurul Hoque', 3000.00, 1, NULL, '2018-04-29 02:16:30', '2018-04-29 02:16:30'),
(28, 'Transport', 20.00, 1, NULL, '2018-04-29 02:17:29', '2018-04-29 02:17:29'),
(29, 'Allowance', 150.00, 1, NULL, '2018-04-29 02:26:19', '2018-04-29 02:26:19');

-- --------------------------------------------------------

--
-- Table structure for table `migrations`
--

CREATE TABLE IF NOT EXISTS `migrations` (
  `id` int(10) unsigned NOT NULL AUTO_INCREMENT,
  `migration` varchar(191) COLLATE utf8mb4_unicode_ci NOT NULL,
  `batch` int(11) NOT NULL,
  PRIMARY KEY (`id`)
) ENGINE=InnoDB  DEFAULT CHARSET=utf8mb4 COLLATE=utf8mb4_unicode_ci AUTO_INCREMENT=26 ;

--
-- Dumping data for table `migrations`
--

INSERT INTO `migrations` (`id`, `migration`, `batch`) VALUES
(1, '2014_10_12_000000_create_users_table', 1),
(2, '2014_10_12_100000_create_password_resets_table', 1),
(3, '2016_06_17_202433_create_product_category_table', 1),
(4, '2016_06_17_202716_create_product_brand_table', 1),
(5, '2016_06_17_202717_create_product_size_table', 1),
(6, '2016_06_17_202823_create_products_table', 1),
(7, '2016_06_17_202921_create_customers_category_table', 1),
(8, '2016_06_17_203000_create_customers_table', 1),
(9, '2016_06_17_203109_create_suppliers_category_table', 1),
(10, '2016_06_17_203141_create_suppliers_table', 1),
(11, '2016_06_17_203438_create_expense_table', 1),
(12, '2016_06_17_203439_create_expense_transactions_table', 1),
(13, '2016_06_18_181729_create_purchase_receipt_table', 1),
(14, '2016_06_18_181809_create_purchase_table', 1),
(15, '2016_06_18_181954_create_sell_invoice_table', 1),
(16, '2016_06_18_182042_create_sell_table', 1),
(17, '2016_06_30_062521_create_temp_buysell_table', 1),
(18, '2016_07_08_201834_create_product_damage_table', 1),
(19, '2017_09_11_120656_create_purchase_transactions_table', 1),
(20, '2017_09_11_120738_create_sell_transactions_table', 1),
(21, '2017_09_11_120930_create_banks_table', 1),
(22, '2017_09_11_121126_create_bank_book_table', 1),
(23, '2017_09_11_121148_create_cash_book_table', 1),
(24, '2017_09_11_140647_create_customer_accounts_table', 1),
(25, '2017_10_07_024543_create_product_book_table', 1);

-- --------------------------------------------------------

--
-- Table structure for table `password_resets`
--

CREATE TABLE IF NOT EXISTS `password_resets` (
  `email` varchar(191) COLLATE utf8mb4_unicode_ci NOT NULL,
  `token` varchar(191) COLLATE utf8mb4_unicode_ci NOT NULL,
  `created_at` timestamp NULL DEFAULT NULL,
  KEY `password_resets_email_index` (`email`)
) ENGINE=InnoDB DEFAULT CHARSET=utf8mb4 COLLATE=utf8mb4_unicode_ci;

-- --------------------------------------------------------

--
-- Table structure for table `products`
--

CREATE TABLE IF NOT EXISTS `products` (
  `productID` int(10) unsigned NOT NULL AUTO_INCREMENT,
  `name` varchar(191) COLLATE utf8mb4_unicode_ci NOT NULL,
  `type` varchar(10) COLLATE utf8mb4_unicode_ci DEFAULT 'Tiles',
  `grade` varchar(1) COLLATE utf8mb4_unicode_ci DEFAULT 'N',
  `description` varchar(191) COLLATE utf8mb4_unicode_ci DEFAULT NULL,
  `defaultSellPrice` double(8,2) DEFAULT '0.00',
  `defaultBuyPrice` double(8,2) DEFAULT '0.00',
  `stock` int(11) DEFAULT '0',
  `inOrder` int(11) DEFAULT '0',
  `productCategoryID` int(10) unsigned DEFAULT NULL,
  `productSizeID` int(10) unsigned DEFAULT NULL,
  `productBrandID` int(10) unsigned DEFAULT NULL,
  `unit` varchar(16) COLLATE utf8mb4_unicode_ci DEFAULT NULL,
  `userID` int(10) unsigned DEFAULT NULL,
  `deleted_at` timestamp NULL DEFAULT NULL,
  `created_at` timestamp NULL DEFAULT NULL,
  `updated_at` timestamp NULL DEFAULT NULL,
  PRIMARY KEY (`productID`),
  UNIQUE KEY `unique_products` (`name`,`type`,`grade`,`productCategoryID`,`productSizeID`,`productBrandID`),
  KEY `products_productcategoryid_index` (`productCategoryID`),
  KEY `products_productsizeid_index` (`productSizeID`),
  KEY `products_productbrandid_index` (`productBrandID`),
  KEY `products_userid_index` (`userID`)
) ENGINE=InnoDB  DEFAULT CHARSET=utf8mb4 COLLATE=utf8mb4_unicode_ci AUTO_INCREMENT=684 ;

--
-- Dumping data for table `products`
--

INSERT INTO `products` (`productID`, `name`, `type`, `grade`, `description`, `defaultSellPrice`, `defaultBuyPrice`, `stock`, `inOrder`, `productCategoryID`, `productSizeID`, `productBrandID`, `unit`, `userID`, `deleted_at`, `created_at`, `updated_at`) VALUES
(3, 'K-01', 'General', 'N', 'Khan Winner Switch', 18.00, 16.60, 459, 0, 3, NULL, 3, 'pis', 1, NULL, '2017-11-02 22:24:26', '2018-04-19 15:08:34'),
(4, 'k-02', 'General', 'N', 'Khan Winner Socket', 18.00, 16.60, 616, 0, 3, NULL, 3, 'pis', 1, NULL, '2017-11-02 22:36:18', '2018-04-19 15:08:34'),
(5, 'k-03', 'General', 'N', 'Khan Winner  Indicator', 21.00, 18.30, 456, 0, 3, NULL, 3, 'pis', 1, NULL, '2017-11-02 22:41:57', '2018-04-19 15:08:34'),
(6, 'k-04', 'General', 'N', 'Khan Winner  Bell Push', 21.00, 20.00, 450, 0, 3, NULL, 3, 'pis', 1, NULL, '2017-11-02 23:10:43', '2018-04-19 15:08:34'),
(7, 'k-05', 'General', 'N', 'Khan Winner Cutout', 23.00, 21.30, 285, 0, 3, NULL, 3, 'pis', 1, NULL, '2017-11-02 23:13:38', '2018-04-19 15:08:34'),
(8, 'k-06', 'General', 'N', 'Khan Winner  2 Way Switch', 23.00, 21.30, 304, 0, 3, NULL, 3, 'pis', 1, NULL, '2017-11-02 23:15:29', '2018-04-19 15:08:34'),
(9, 'k-07', 'General', 'N', 'Khan Winner  Dimer Heavy', 80.00, 76.00, 80, 0, 3, NULL, 3, 'pis', 1, NULL, '2017-11-02 23:16:57', '2018-04-26 23:59:31'),
(10, 'k-08', 'General', 'N', 'Khan Winner  Combined Socket', 140.00, 133.00, 39, 0, 3, NULL, 3, 'pis', 1, NULL, '2017-11-02 23:19:15', '2018-04-19 15:08:34'),
(11, 'k-09', 'General', 'N', 'Khan Winner  Combined Socket', 115.00, 109.30, 187, 0, 3, NULL, 3, 'pis', 1, NULL, '2017-11-02 23:21:06', '2018-04-19 15:08:34'),
(14, 'k-12', 'General', 'N', 'Khan Pretty Switch', 15.00, 14.30, 160, 0, 3, NULL, 3, 'pis', 1, NULL, '2017-11-02 23:25:53', '2018-04-29 18:02:48'),
(16, 'k-13', 'General', 'N', 'Khan Pretty socket', 15.00, 14.30, 227, 0, 3, NULL, 3, 'pis', 1, NULL, '2017-11-02 23:28:45', '2018-04-29 18:02:48'),
(17, 'k-14', 'General', 'N', 'Khan Pretty indicator', 17.00, 15.40, 271, 0, 3, NULL, 3, 'pis', 1, NULL, '2017-11-02 23:30:43', '2018-04-19 16:21:14'),
(18, 'k-15', 'General', 'N', 'Khan Pretty bell push', 17.00, 15.40, 276, 0, 3, NULL, 3, 'pis', 1, NULL, '2017-11-02 23:32:06', '2018-04-19 16:21:14'),
(19, 'k-16', 'General', 'N', 'Khan Pretty cutout', 19.00, 17.40, 113, 0, 3, NULL, 3, 'pis', 1, NULL, '2017-11-02 23:33:26', '2018-04-29 18:02:48'),
(20, 'k-17', 'General', 'N', 'Khan Pretty 2 way switch', 19.00, 17.40, 192, 0, 3, NULL, 3, 'pis', 1, NULL, '2017-11-02 23:35:14', '2018-04-19 16:21:14'),
(21, 'k-18', 'General', 'N', 'Khan Pretty dimmer', 65.00, 61.80, 60, 0, 3, NULL, 3, 'pis', 1, NULL, '2017-11-02 23:36:34', '2018-04-19 16:21:14'),
(22, 'k-19', 'General', 'N', 'Khan Pretty dimmer', 55.00, 52.30, 100, 0, 3, NULL, 3, 'pis', 1, NULL, '2017-11-02 23:37:56', '2018-04-19 16:21:14'),
(23, 'k-20', 'General', 'N', 'Khan safety pin holder', 25.50, 24.20, 172, 0, 3, NULL, 3, 'pis', 1, NULL, '2017-11-02 23:39:38', '2018-04-19 16:21:14'),
(24, 'k-21', 'General', 'N', 'Khan nice pin batten holder', 25.50, 24.20, 412, 0, 3, NULL, 3, 'pis', 1, NULL, '2017-11-02 23:41:40', '2018-04-19 16:21:14'),
(25, 'k-22', 'General', 'N', 'khan dx pin batten holder', 25.50, 24.20, 469, 0, 3, NULL, 3, 'pis', 1, NULL, '2017-11-02 23:43:22', '2018-04-29 00:57:04'),
(26, 'k-23', 'General', 'N', 'khan super pin holder', 25.50, 24.20, 128, 0, 3, NULL, 3, 'pis', 1, NULL, '2017-11-02 23:44:54', '2018-04-19 16:21:14'),
(27, 'k-24', 'General', 'N', 'khan nice ceiling rose', 17.10, 16.30, 276, 0, 3, NULL, 3, 'pis', 1, NULL, '2017-11-02 23:46:32', '2018-04-19 16:21:14'),
(28, 'k-25', 'General', 'N', 'khan super ceiling rose', 18.00, 17.00, 36, 0, 3, NULL, 3, 'pis', 1, NULL, '2017-11-02 23:48:08', '2018-04-19 16:21:14'),
(29, 'k-26', 'General', 'N', 'khan ceiling rose small', 14.30, 13.50, 192, 0, 3, NULL, 3, 'pis', 1, NULL, '2017-11-02 23:49:44', '2018-04-19 16:21:14'),
(30, 'k-27', 'General', 'N', 'khan 6 pin socket', 45.00, 42.80, 180, 0, 3, NULL, 3, 'pis', 1, NULL, '2017-11-02 23:51:17', '2018-04-19 16:21:14'),
(31, 'k-28', 'General', 'N', 'khan 8a 3 pin plug small', 23.80, 22.60, 108, 0, 3, NULL, 3, 'pis', 1, NULL, '2017-11-02 23:56:32', '2018-04-24 19:05:55'),
(32, 'k-29', 'General', 'N', 'khan dx thread batten holder', 25.50, 24.20, 240, 0, 3, NULL, 3, 'pis', 1, NULL, '2017-11-02 23:57:44', '2018-04-19 16:21:14'),
(33, 'k-30', 'General', 'N', 'khan 2 pin plug', 14.20, 13.50, 144, 0, 3, NULL, 3, 'pis', 1, NULL, '2017-11-02 23:58:40', '2018-04-19 16:21:14'),
(34, 'k-31', 'General', 'N', 'khan 2 pin plug pvc', 13.80, 13.10, 384, 0, 3, NULL, 3, 'pis', 1, NULL, '2017-11-02 23:59:53', '2018-04-19 16:21:14'),
(35, 'k-32', 'General', 'N', 'khan classic pin batten holder', 20.00, 19.00, 48, 0, 3, NULL, 3, 'pis', 1, NULL, '2017-11-03 00:01:15', '2018-04-19 16:21:14'),
(36, 'k-33', 'General', 'N', 'khan 15a 3 pin plug', 48.40, 46.00, 124, 0, 3, NULL, 3, 'pis', 1, NULL, '2017-11-03 00:02:37', '2018-04-21 16:12:47'),
(37, 'k-34', 'General', 'N', 'khan classic ceiling rose', 17.10, 16.30, 132, 0, 3, NULL, 3, 'pis', 1, NULL, '2017-11-03 00:03:39', '2018-04-19 16:21:14'),
(38, 'k-35', 'General', 'N', 'khan tumdler socket', 14.60, 13.90, 48, 0, 3, NULL, 3, 'pis', 1, NULL, '2017-11-03 00:04:51', '2018-04-19 16:21:14'),
(39, 'k-36', 'General', 'N', 'khan pendant pin batten holder', 15.50, 14.70, 457, 0, 3, NULL, 3, 'pis', 1, NULL, '2017-11-03 00:06:17', '2018-04-29 18:02:48'),
(40, 'k-37', 'General', 'N', 'khan winner dimmer normal', 65.00, 61.80, 38, 0, 3, NULL, 3, 'pis', 1, NULL, '2017-11-03 00:07:18', '2018-04-19 16:21:14'),
(41, 'k-38', 'General', 'N', 'khan pritty combined socket  with switch small', 115.00, 109.30, 15, 0, 3, NULL, 3, 'pis', 1, NULL, '2017-11-03 00:09:38', '2018-04-19 16:21:14'),
(42, 'k-39', 'General', 'N', 'Khan Pretty combined socket with switch large', 140.00, 133.00, 21, 0, 3, NULL, 3, 'pis', 1, NULL, '2017-11-03 00:11:29', '2018-04-19 16:21:14'),
(43, 'k-40', 'General', 'N', 'khan 3 pin socket universal', 35.00, 33.30, 243, 0, 3, NULL, 3, 'pis', 1, NULL, '2017-11-03 00:12:42', '2018-04-19 17:15:34'),
(44, 'k-41', 'General', 'N', 'khan iron plug', 23.00, 21.80, 88, 0, 3, NULL, 3, 'pis', 1, NULL, '2017-11-03 00:14:10', '2018-04-19 17:15:34'),
(45, 'k-42', 'General', 'N', 'khan classic bad switch', 19.20, 18.20, 244, 0, 3, NULL, 3, 'pis', 1, NULL, '2017-11-03 00:15:22', '2018-04-28 15:32:35'),
(46, 'k-43', 'General', 'N', 'khan nice bad switch', 20.00, 19.00, 36, 0, 3, NULL, 3, 'pis', 1, NULL, '2017-11-03 00:16:20', '2018-04-19 17:15:34'),
(47, 'k-44', 'General', 'N', 'khan mk regulator', 110.00, 104.50, 36, 0, 3, NULL, 3, 'pis', 1, NULL, '2017-11-03 00:17:42', '2018-04-29 18:02:48'),
(48, 'k-45', 'General', 'N', 'khan plus ceiling rose', 17.10, 16.30, 76, 0, 3, NULL, 3, 'pis', 1, NULL, '2017-11-03 00:18:55', '2018-04-19 17:15:34'),
(49, 'k-46', 'General', 'N', 'khan safety pendant holder', 17.10, 16.30, 19, 0, 3, NULL, 3, 'pis', 1, NULL, '2017-11-03 00:20:45', '2018-04-19 17:15:34'),
(50, 'k-48', 'General', 'N', 'khan nice batten holder thread', 19.20, 18.20, 295, 0, 3, NULL, 3, 'pis', 1, NULL, '2017-11-03 00:22:37', '2018-04-19 17:15:34'),
(51, 'k-49', 'General', 'N', 'khan square batten holder thread', 24.60, 23.40, 240, 0, 3, NULL, 3, 'pis', 1, NULL, '2017-11-03 00:24:45', '2018-04-19 17:15:34'),
(52, 'k-50', 'General', 'N', 'khan squar batten holder pin', 24.60, 23.40, 264, 0, 3, NULL, 3, 'pis', 1, NULL, '2017-11-03 00:26:17', '2018-04-19 17:15:34'),
(53, 'k-51', 'General', 'N', 'khan super batten holder pin', 20.50, 19.40, 77, 0, 3, NULL, 3, 'pis', 1, NULL, '2017-11-03 00:28:01', '2018-04-19 17:15:34'),
(54, 'k-52', 'General', 'N', 'khan pendant holder thread', 17.10, 16.30, 87, 0, 3, NULL, 3, 'pis', 1, NULL, '2017-11-03 00:29:59', '2018-04-19 17:15:34'),
(55, 'k-53', 'General', 'N', 'khan dx ceiling  rose', 23.80, 22.60, 259, 0, 3, NULL, 3, 'pis', 1, NULL, '2017-11-03 00:31:45', '2018-04-29 00:04:24'),
(56, 'k-54', 'General', 'N', 'khan nice plus batten holdar pin', 303.00, 298.00, 254, 0, 3, NULL, 3, 'pis', 1, NULL, '2017-11-03 00:34:30', '2018-04-19 17:15:34'),
(57, 'k-55', 'General', 'N', 'khan round pin holder large', 37.10, 35.70, 354, 0, 3, NULL, 3, 'pis', 1, NULL, '2017-11-03 00:36:48', '2018-04-19 17:15:34'),
(58, 'k-56', 'General', 'N', 'khan squar pin holder large', 40.90, 38.80, 205, 0, 3, NULL, 3, 'pis', 1, NULL, '2017-11-03 00:42:08', '2018-04-20 00:35:01'),
(59, 'k-57', 'General', 'N', 'khan nice plus thread holder', 26.30, 25.00, 138, 0, 3, NULL, 3, 'pis', 1, NULL, '2017-11-03 00:46:19', '2018-04-19 17:15:34'),
(61, 'k-58', 'General', 'N', 'khan 8 pole thread batten holder', 28.40, 27.00, 255, 0, 3, NULL, 3, 'pis', 1, NULL, '2017-11-03 00:48:36', '2018-04-23 19:31:12'),
(62, 'k-59', 'General', 'N', 'khan square ceiling rose', 20.00, 19.00, 256, 0, 3, NULL, 3, 'pis', 1, NULL, '2017-11-03 00:51:06', '2018-04-19 17:15:34'),
(63, 'k-60', 'General', 'N', 'Khan Sq Super  Pin Holder', 25.00, 23.80, 456, 0, 3, NULL, 3, 'pis', 1, NULL, '2017-11-03 02:08:59', '2018-04-19 17:15:34'),
(64, 'k-61', 'General', 'N', 'khan square suoer batten holder thread', 25.00, 23.80, 0, 0, 3, NULL, 3, 'pis', 1, NULL, '2017-11-04 15:45:46', '2017-11-04 15:45:46'),
(65, 'k-62', 'General', 'N', 'khan angle holder', 22.10, 21.00, 178, 0, 3, NULL, 3, 'pis', 1, NULL, '2017-11-04 15:46:54', '2018-04-19 17:15:34'),
(66, 'k-63', 'General', 'N', 'khan square thread batten holder large', 40.90, 38.80, 285, 0, 3, NULL, 3, 'pis', 1, NULL, '2017-11-04 15:48:50', '2018-04-26 01:11:24'),
(67, 'k-64', 'General', 'N', 'khan 8 pole  pin batten holder', 28.40, 27.00, 0, 0, 3, NULL, 3, 'pis', 1, NULL, '2017-11-04 15:51:00', '2017-11-04 15:51:00'),
(68, 'k-65', 'General', 'N', 'khan super thread batten holder', 25.50, 24.20, 137, 0, 3, NULL, 3, 'pis', 1, NULL, '2017-11-04 15:52:57', '2018-04-19 17:15:34'),
(69, 'k-66', 'General', 'N', 'khan tube holder', 40.50, 38.40, 24, 0, 3, NULL, 3, 'pis', 1, NULL, '2017-11-04 15:54:15', '2018-04-19 17:15:34'),
(70, 'k-67', 'General', 'N', 'khan 3 pair tube holder', 33.80, 32.10, 180, 0, 3, NULL, 3, 'pis', 1, NULL, '2017-11-04 15:56:35', '2018-04-19 17:15:34'),
(71, 'k-68', 'General', 'N', 'khan square ceiling rose large', 38.00, 36.10, 454, 0, 3, NULL, 3, 'pis', 1, NULL, '2017-11-04 15:59:07', '2018-04-21 20:40:32'),
(72, 'k-69', 'General', 'N', 'khan round ceiling rose large', 33.80, 32.10, 234, 0, 3, NULL, 3, 'pis', 1, NULL, '2017-11-04 16:00:54', '2018-04-19 17:15:34'),
(73, 'k-70', 'General', 'N', 'khan 8 pole pin batten holder small', 23.40, 22.20, 384, 0, 3, NULL, 3, 'pis', 1, NULL, '2017-11-04 16:02:21', '2018-04-19 17:15:34'),
(74, 'k-71', 'General', 'N', 'khan 8 pole thread batten holder small', 23.40, 22.20, 521, 0, 3, NULL, 3, 'pis', 1, NULL, '2017-11-04 16:04:29', '2018-04-19 19:37:53'),
(75, 'k-72', 'General', 'N', 'khan super plus pin batten holder', 24.60, 23.40, 72, 0, 3, NULL, 3, 'pis', 1, NULL, '2017-11-04 16:05:54', '2018-04-29 18:02:48'),
(76, 'k-73', 'General', 'N', 'khan round thread batten holder', 37.50, 35.70, 0, 0, 3, NULL, 3, 'pis', 1, NULL, '2017-11-04 16:08:20', '2017-11-04 16:08:20'),
(77, 'k-74', 'General', 'N', 'khan round pin batten holder', 28.80, 27.40, 240, 0, 3, NULL, 3, 'pis', 1, NULL, '2017-11-04 16:09:49', '2018-04-19 19:37:53'),
(78, 'k-75', 'General', 'N', 'khan round therad batten batten holder', 28.80, 27.40, 24, 0, 3, NULL, 3, 'pis', 1, NULL, '2017-11-04 16:14:19', '2018-04-19 19:37:53'),
(79, 'k-77', 'General', 'N', 'khan nice plus round ceiling rose', 18.80, 17.90, 292, 0, 3, NULL, 3, 'pis', 1, NULL, '2017-11-04 16:16:37', '2018-04-19 19:37:53'),
(80, 'k76', 'General', 'N', 'khan round ceiling rose', 23.40, 22.20, 0, 0, 3, NULL, 3, 'pis', 1, NULL, '2017-11-04 16:17:48', '2017-11-04 16:17:48'),
(81, 'k-78', 'General', 'N', 'khan mk dimmer with switch', 135.00, 128.30, 34, 0, 3, NULL, 3, 'pis', 1, NULL, '2017-11-04 16:19:05', '2018-04-28 21:17:16'),
(82, 'k-79', 'General', 'N', 'khan 7"x7" round cover', 35.00, 33.30, 61, 0, 3, NULL, 3, 'pis', 1, NULL, '2017-11-04 16:21:18', '2018-04-24 23:07:14'),
(83, 'k-80', 'General', 'N', 'khan 6"x6" round cover', 30.00, 28.10, 35, 0, 3, NULL, 3, 'pis', 1, NULL, '2017-11-04 16:22:35', '2018-04-24 23:07:14'),
(84, 'k-81', 'General', 'N', 'khan 5"x5" round cover', 21.00, 20.00, 106, 0, 3, NULL, 3, 'pis', 1, NULL, '2017-11-04 16:25:21', '2018-04-28 18:29:18'),
(85, 'k-82', 'General', 'N', 'khan 4"x4" round cover', 19.00, 18.10, 100, 0, 3, NULL, 3, 'pis', 1, NULL, '2017-11-04 16:26:44', '2018-04-28 18:29:18'),
(86, 'k-83', 'General', 'N', 'khan nice flower pin batten holder', 39.60, 37.60, 108, 0, 3, NULL, 3, 'pis', 1, NULL, '2017-11-04 16:29:08', '2018-04-19 19:37:53'),
(87, 'k-84', 'General', 'N', 'khan nice flower thread batten holder', 39.60, 37.60, 184, 0, 3, NULL, 3, 'pis', 1, NULL, '2017-11-04 16:31:14', '2018-04-19 19:37:53'),
(88, 'k-85', 'General', 'N', 'khan flower pin batten holder', 38.00, 36.10, 161, 0, 3, NULL, 3, 'pis', 1, NULL, '2017-11-04 16:32:43', '2018-04-21 16:12:47'),
(89, 'k-86', 'General', 'N', 'khan flower thread batten holder', 38.00, 36.10, 24, 0, 3, NULL, 3, 'pis', 1, NULL, '2017-11-04 16:34:52', '2018-04-19 19:37:54'),
(90, 'k-87', 'General', 'N', 'khan nice flower ceiling rose', 38.00, 36.10, 115, 0, 3, NULL, 3, 'pis', 1, NULL, '2017-11-04 16:37:05', '2018-04-19 19:37:54'),
(91, 'k-89', 'General', 'N', 'khan 2 pin plug u', 12.10, 11.50, 111, 0, 3, NULL, 3, 'pis', 1, NULL, '2017-11-04 16:38:54', '2018-04-19 19:37:54'),
(92, 'k-90', 'General', 'N', 'khan 2 pin plug nice', 13.40, 12.70, 132, 0, 3, NULL, 3, 'pis', 1, NULL, '2017-11-04 16:40:14', '2018-04-19 19:37:54'),
(93, 'k-91', 'General', 'N', 'khan orbit pin batten holder', 38.80, 36.90, 126, 0, 3, NULL, 3, 'pis', 1, NULL, '2017-11-04 16:43:16', '2018-04-19 19:37:54'),
(94, 'k-92', 'General', 'N', 'khan orbit ceiling rose', 33.80, 32.10, 39, 0, 3, NULL, 3, 'pis', 1, NULL, '2017-11-04 16:45:05', '2018-04-28 18:29:18'),
(95, 'k-93', 'General', 'N', 'khan nice safety pendant holder', 17.10, 16.30, 240, 0, 3, NULL, 3, 'pis', 1, NULL, '2017-11-04 16:47:32', '2018-04-28 18:29:18'),
(96, 'k-94', 'General', 'N', 'khan orbit thread batten holder', 38.80, 36.90, 84, 0, 3, NULL, 3, 'pis', 1, NULL, '2017-11-04 16:49:21', '2018-04-19 19:37:54'),
(97, 'k-95', 'General', 'N', 'khan multi 2 pin plug', 24.60, 23.40, 33, 0, 3, NULL, 3, 'pis', 1, NULL, '2017-11-04 16:51:02', '2018-04-19 19:37:54'),
(98, 'k-96', 'General', 'N', 'khan remote sensor', 555.00, 527.30, 6, 0, 3, NULL, 3, 'pis', 1, NULL, '2017-11-04 16:52:25', '2018-04-19 19:37:54'),
(99, 'k-97', 'General', 'N', 'khan super plus thread batten holder', 24.60, 23.40, 327, 0, 3, NULL, 3, 'pis', 1, NULL, '2017-11-04 16:54:04', '2018-04-19 19:37:54'),
(100, 'k-98', 'General', 'N', 'khan ring pin holder', 38.80, 36.90, 317, 0, 3, NULL, 3, 'pis', 1, NULL, '2017-11-04 16:55:20', '2018-04-19 19:37:54'),
(101, 'k-99', 'General', 'N', 'khan round ceiling rose', 33.80, 32.10, 72, 0, 3, NULL, 3, 'pis', 1, NULL, '2017-11-04 16:56:43', '2018-04-19 19:37:54'),
(102, 'k-100', 'General', 'N', 'khan remote sensor small', 33.80, 32.10, 0, 0, 3, NULL, 3, 'pis', 1, NULL, '2017-11-04 16:57:47', '2017-11-04 17:38:26'),
(103, 'k-101', 'General', 'N', 'khan ring thread holder', 38.80, 36.90, 188, 0, 3, NULL, 3, 'pis', 1, NULL, '2017-11-04 17:41:26', '2018-04-19 19:37:54'),
(104, 'k-103', 'General', 'N', 'khan square nice ceiling rose', 35.90, 34.10, 24, 0, 3, NULL, 3, 'pis', 1, NULL, '2017-11-04 17:43:15', '2018-04-26 23:59:31'),
(105, 'k-104', 'General', 'N', 'khan tube holder 2 pair', 27.10, 25.80, 0, 0, 3, NULL, 3, 'pis', 1, NULL, '2017-11-04 17:44:57', '2017-11-04 17:44:57'),
(106, 'k-105', 'General', 'N', 'khan 2 pin plug square', 13.00, 12.30, 0, 0, 3, NULL, 3, 'pis', 1, NULL, '2017-11-04 17:46:27', '2017-11-04 17:46:27'),
(107, 'k-106', 'General', 'N', 'khan 6 pin box', 12.00, 11.10, 0, 0, 3, NULL, 3, 'pis', 1, NULL, '2017-11-04 17:47:30', '2017-11-04 17:47:30'),
(108, 'k-108', 'General', 'N', 'khan super plus ceiling rose', 40.00, 38.00, 112, 0, 3, NULL, 3, 'pis', 1, NULL, '2017-11-04 17:48:57', '2018-04-19 19:37:54'),
(109, 'k-109', 'General', 'N', 'khan super pendant holder', 18.00, 13.00, 333, 0, 3, NULL, 3, 'pis', 1, NULL, '2017-11-04 18:22:52', '2018-04-19 19:37:54'),
(110, 'k-110', 'General', 'N', 'khan false cover', 12.50, 11.90, 72, 0, 3, NULL, 3, 'pis', 1, NULL, '2017-11-04 18:25:02', '2018-04-28 20:29:06'),
(111, 'k-111', 'General', 'N', 'khan pvc flat 2 pin plug', 10.50, 10.00, 324, 0, 3, NULL, 3, 'pis', 1, NULL, '2017-11-04 18:26:54', '2018-04-29 18:02:48'),
(112, 'k-112', 'General', 'N', 'khan pvc round 2 pin plug', 11.70, 11.10, 138, 0, 3, NULL, 3, 'pis', 1, NULL, '2017-11-04 18:29:22', '2018-04-19 19:37:54'),
(113, 'k-113', 'General', 'N', 'khan square orbit pin holder', 35.90, 34.10, 144, 0, 3, NULL, 3, 'pis', 1, NULL, '2017-11-04 18:31:15', '2018-04-19 19:37:54'),
(114, 'k-114', 'General', 'N', 'khan squar orbit thread holder', 35.90, 34.10, 287, 0, 3, NULL, 3, 'pis', 1, NULL, '2017-11-04 18:37:27', '2018-04-19 19:37:54'),
(115, 'k-115', 'General', 'N', 'khan lily pin batten holder', 40.90, 38.80, 42, 0, 3, NULL, 3, 'pis', 1, NULL, '2017-11-04 18:40:21', '2018-04-19 19:37:54'),
(116, 'k-116', 'General', 'N', 'khan lily thread batten holder', 40.90, 38.80, 32, 0, 3, NULL, 3, 'pis', 1, NULL, '2017-11-04 18:47:44', '2018-04-19 19:37:54'),
(117, 'k-117', 'General', 'N', 'khan 4"x4" square  cover', 19.00, 18.10, 0, 0, 3, NULL, 3, 'pis', 1, NULL, '2017-11-04 18:49:52', '2017-11-04 18:49:52'),
(118, 'k-118', 'General', 'N', 'khan ips dimmer', 90.00, 85.10, 20, 0, 3, NULL, 3, 'pis', 1, NULL, '2017-11-04 18:50:52', '2018-04-19 19:37:54'),
(119, 'k-119', 'General', 'N', 'khan lily ceiling rose', 38.00, 36.10, 234, 0, 3, NULL, 3, 'pis', 1, NULL, '2017-11-04 18:52:13', '2018-04-19 19:37:54'),
(120, 'k-120', 'General', 'N', 'khan fancy pin batten holder', 38.00, 36.10, 73, 0, 3, NULL, 3, 'pis', 1, NULL, '2017-11-04 18:53:31', '2018-04-21 20:56:05'),
(121, 'k-121', 'General', 'N', 'khan fancy thread batten holder', 38.00, 36.10, 432, 0, 3, NULL, 3, 'pis', 1, NULL, '2017-11-04 18:54:50', '2018-04-19 21:56:23'),
(122, 'k-122', 'General', 'N', 'khan fancy ceiling rose', 38.00, 36.10, 86, 0, 3, NULL, 3, 'pis', 1, NULL, '2017-11-04 18:56:40', '2018-04-21 20:56:05'),
(123, 'k-123', 'General', 'N', 'khan 5"x5" square cover', 21.00, 20.00, 15, 0, 3, NULL, 3, 'pis', 1, NULL, '2017-11-04 18:58:16', '2018-04-24 22:59:59'),
(124, 'k-124', 'General', 'N', 'khan 6 pole pin batten holder large', 40.90, 38.80, 131, 0, 3, NULL, 3, 'pis', 1, NULL, '2017-11-04 18:59:59', '2018-04-19 21:56:23'),
(125, 'k-125', 'General', 'N', 'khan 6 pole thread batten holder large', 40.90, 38.80, 174, 0, 3, NULL, 3, 'pis', 1, NULL, '2017-11-04 19:01:35', '2018-04-19 21:56:23'),
(126, 'k-126', 'General', 'N', 'khan 8"x8" roun cover', 45.00, 42.80, 54, 0, 3, NULL, 3, 'pis', 1, NULL, '2017-11-04 19:04:00', '2018-04-19 21:56:23'),
(127, 'k-127', 'General', 'N', 'khan 5"x7" square cover', 30.00, 28.10, 100, 0, 3, NULL, 3, 'pis', 1, NULL, '2017-11-04 19:06:22', '2018-04-19 21:56:23'),
(128, 'k-128', 'General', 'N', 'khan 4"x6" square cover', 21.00, 20.00, 140, 0, 3, NULL, 3, 'pis', 1, NULL, '2017-11-04 19:07:56', '2018-04-19 21:56:23'),
(129, 'k-129', 'General', 'N', 'khan tumbler switch 15A', 35.50, 30.50, 60, 0, 3, NULL, 3, 'pis', 1, NULL, '2017-11-04 19:10:15', '2018-04-19 21:56:23'),
(130, 'k-130', 'General', 'N', 'khan ceramic iron plug', 40.50, 38.40, 156, 0, 3, NULL, 3, 'pis', 1, NULL, '2017-11-04 19:11:52', '2018-04-19 21:56:23'),
(131, 'k-131', 'General', 'N', 'khan square orbit ceiling rose', 33.80, 32.10, 97, 0, 3, NULL, 3, 'pis', 1, NULL, '2017-11-04 19:13:25', '2018-04-19 21:56:23'),
(132, 'k-132', 'General', 'N', 'khan porcelain tumbler socket', 60.50, 57.40, 194, 0, 3, NULL, 3, 'pis', 1, NULL, '2017-11-04 19:16:10', '2018-04-19 21:56:23'),
(133, 'k-133', 'General', 'N', 'khan porcelain tumbler switch', 65.50, 62.20, 67, 0, 3, NULL, 3, 'pis', 1, NULL, '2017-11-04 19:19:28', '2018-04-19 21:56:23'),
(134, 'k-134', 'General', 'N', 'khan 7"x7 round pvc cover', 25.00, 23.80, 100, 0, 3, NULL, 3, 'pis', 1, NULL, '2017-11-04 19:22:53', '2018-04-28 18:29:18'),
(135, 'k-135', 'General', 'N', 'khan 5"x5" round pvc cover', 15.00, 14.30, 33, 0, 3, NULL, 3, 'pis', 1, NULL, '2017-11-04 19:25:55', '2018-04-28 18:29:18'),
(136, 'k-136', 'General', 'N', 'khan ips fan dimmer', 70.00, 66.50, 13, 0, 3, NULL, 3, 'pis', 1, NULL, '2017-11-04 19:27:55', '2018-04-26 23:59:31'),
(137, 'k-137', 'General', 'N', 'Khan Pretty ips fan dimmer', 70.00, 66.10, 0, 0, 3, NULL, 3, 'pis', 1, NULL, '2017-11-04 19:30:46', '2017-11-04 19:30:46'),
(138, 'k-138', 'General', 'N', 'khan mk ips fan dimmer', 195.00, 185.30, 80, 0, 3, NULL, 3, 'pis', 1, NULL, '2017-11-04 19:32:13', '2018-04-19 21:56:23'),
(139, 'k-140', 'General', 'N', 'khan porcelain 8a 2 pin socket', 25.50, 24.20, 152, 0, 3, NULL, 3, 'pis', 1, NULL, '2017-11-04 19:34:24', '2018-04-19 21:56:23'),
(140, 'k-141', 'General', 'N', 'khan classic plus pin batten holder', 23.80, 22.60, 166, 0, 3, NULL, 3, 'pis', 1, NULL, '2017-11-04 19:36:43', '2018-04-19 21:56:23'),
(141, 'k-142', 'General', 'N', 'khan classic plus thread batten holder', 23.80, 22.60, 0, 0, 3, NULL, 3, 'pis', 1, NULL, '2017-11-04 19:38:57', '2017-11-04 19:38:57'),
(142, 'k-143', 'General', 'N', 'khan classic super pin batten holder', 25.50, 24.20, 142, 0, 3, NULL, 3, 'pis', 1, NULL, '2017-11-04 19:40:53', '2018-04-21 16:12:47'),
(143, 'k-144', 'General', 'N', 'khan classic super thread batten holder', 25.50, 24.20, 174, 0, 3, NULL, 3, 'pis', 1, NULL, '2017-11-04 19:42:33', '2018-04-19 21:56:23'),
(144, 'k-145', 'General', 'N', 'khan classic plus ceiling rose', 18.80, 17.90, 132, 0, 3, NULL, 3, 'pis', 1, NULL, '2017-11-04 19:45:06', '2018-04-20 00:23:18'),
(145, 'k- 146', 'General', 'N', 'khan  15a 3 pin plug', 52.10, 49.50, 0, 0, 3, NULL, 3, 'pis', 1, NULL, '2017-11-04 19:46:51', '2017-11-04 19:46:51'),
(146, 'k-147', 'General', 'N', 'khan nice 2 pin plug', 18.00, 17.10, 124, 0, 3, NULL, 3, 'pis', 1, NULL, '2017-11-04 19:48:25', '2018-04-20 00:23:18'),
(147, 'k-148', 'General', 'N', 'khan classic two pin plug', 18.00, 17.10, 90, 0, 3, NULL, 3, 'pis', 1, NULL, '2017-11-04 19:50:08', '2018-04-20 00:23:18'),
(155, 'k-157', 'General', 'N', 'khan pc pin batten holder', 0.00, 0.00, 84, 0, 3, NULL, 3, 'pis', 1, NULL, '2017-11-05 21:09:29', '2018-04-28 23:53:51'),
(156, 'k-158', 'General', 'N', 'khan pc thread batten holder', 0.00, 0.00, 192, 0, 3, NULL, 3, 'pis', 1, NULL, '2017-11-05 21:10:21', '2018-04-20 00:23:18'),
(157, 'k-159', 'General', 'N', 'khan pc  ceiling rose', 0.00, 0.00, 131, 0, 3, NULL, 3, 'pis', 1, NULL, '2017-11-05 21:11:20', '2018-04-20 00:23:18'),
(158, 'f-01', 'General', 'N', 'fashion nice ceiling', 0.00, 0.00, 0, 0, 3, NULL, 3, 'pis', 1, NULL, '2017-11-05 21:12:48', '2017-11-05 21:12:48'),
(159, 'f-05', 'General', 'N', 'fashion combined', 0.00, 0.00, 0, 0, 3, NULL, 3, 'pis', 1, NULL, '2017-11-05 21:13:59', '2017-11-05 21:13:59'),
(160, 'f-06', 'General', 'N', 'fashion nice batten holder', 0.00, 0.00, 0, 0, 3, NULL, 3, 'pis', 1, NULL, '2017-11-05 21:15:03', '2017-11-05 21:15:03'),
(161, 'f-08', 'General', 'N', 'fashion conceal regulator', 0.00, 0.00, -1, 0, 3, NULL, 3, 'pis', 1, NULL, '2017-11-05 21:16:08', '2018-04-28 21:58:59'),
(162, 'k-pc-01', 'General', 'N', 'switch', 0.00, 0.00, 72, 0, 3, NULL, 3, 'pis', 1, NULL, '2017-11-05 21:17:45', '2018-04-20 00:23:18'),
(163, 'k-pc-02', 'General', 'N', 'socket', 0.00, 0.00, 175, 0, 3, NULL, 3, 'pis', 1, NULL, '2017-11-05 21:18:49', '2018-04-20 00:23:18'),
(164, 'k-pc-03', 'General', 'N', 'Indicator', 0.00, 0.00, 157, 0, 3, NULL, 3, 'pis', 1, NULL, '2017-11-05 21:19:26', '2018-04-20 00:23:18'),
(165, 'k-pc-04', 'General', 'N', 'Bell push', 0.00, 0.00, 176, 0, 3, NULL, 3, 'pis', 1, NULL, '2017-11-05 21:20:22', '2018-04-20 00:23:18'),
(166, 'k-pc-05', 'General', 'N', 'Fuse', 0.00, 0.00, 141, 0, 3, NULL, 3, 'pis', 1, NULL, '2017-11-05 21:22:32', '2018-04-20 00:23:18'),
(167, 'k-pc-06', 'General', 'N', 'One Gang Two way Switch', 0.00, 0.00, 92, 0, 3, NULL, 3, 'pis', 1, NULL, '2017-11-05 21:23:18', '2018-04-20 00:23:18'),
(168, 'k-pc-07', 'General', 'N', 'Fan Dimmer', 0.00, 0.00, 114, 0, 3, NULL, 3, 'pis', 1, NULL, '2017-11-05 21:24:12', '2018-04-20 00:23:18'),
(169, 'DP 7115', 'General', 'N', NULL, 118.00, 125.00, 0, 0, 4, NULL, 4, 'pis', 1, NULL, '2017-11-06 17:26:51', '2017-11-11 16:47:36'),
(170, 'kl 7693', 'General', 'N', NULL, 120.00, 125.00, 0, 0, 4, NULL, 5, 'pis', 1, NULL, '2017-11-07 00:20:34', '2017-11-07 00:20:34'),
(171, 'kl 7695', 'General', 'N', NULL, 135.00, 140.00, 0, 0, 4, NULL, 5, 'pis', 1, NULL, '2017-11-07 00:23:02', '2017-11-07 00:23:02'),
(172, 'DP 7107 B', 'General', 'N', NULL, 0.00, 0.00, 0, 0, 4, NULL, 4, 'pis', 1, NULL, '2017-11-07 21:23:21', '2017-11-07 21:23:21'),
(173, 'DP 7121', 'General', 'N', NULL, 0.00, 0.00, 0, 0, 4, NULL, 4, 'pis', 1, NULL, '2017-11-11 17:02:10', '2017-11-11 17:02:10'),
(174, 'DP 7103', 'General', 'N', NULL, 335.00, 310.00, 0, 0, 4, NULL, 4, 'pis', 1, NULL, '2017-11-11 18:16:40', '2017-11-11 18:16:40'),
(175, 'Dp 7128', 'General', 'N', NULL, 0.00, 0.00, 0, 0, 8, NULL, 4, 'pis', 1, NULL, '2017-11-11 18:19:07', '2017-11-11 18:19:07'),
(176, 'Dp 7129', 'General', 'N', NULL, 0.00, 0.00, 0, 0, 8, NULL, 4, 'pis', 1, NULL, '2017-11-11 18:19:54', '2017-11-11 18:19:54'),
(177, 'Dp 7123', 'General', 'N', NULL, 0.00, 0.00, 0, 0, 8, NULL, 4, 'pis', 1, NULL, '2017-11-11 18:20:56', '2017-11-11 18:20:56'),
(178, 'Dp 7104', 'General', 'N', NULL, 0.00, 0.00, 0, 0, 8, NULL, 4, 'pis', 1, NULL, '2017-11-11 18:22:33', '2017-11-11 18:22:33'),
(179, 'Dp 7104B', 'General', 'N', NULL, 0.00, 0.00, 0, 0, 8, NULL, 4, 'pis', 1, NULL, '2017-11-11 18:23:42', '2017-11-11 18:23:42'),
(180, 'Dp 628', 'General', 'N', NULL, 0.00, 0.00, 0, 0, 8, NULL, 4, 'pis', 1, NULL, '2017-11-11 18:25:10', '2017-11-11 18:25:10'),
(181, 'Dp 7111', 'General', 'N', NULL, 450.00, 425.00, 0, 0, 8, NULL, 4, 'pis', 1, NULL, '2017-11-11 19:20:46', '2017-11-11 19:20:46'),
(182, 'Dp 7110', 'General', 'N', NULL, 440.00, 415.00, 0, 0, 8, NULL, 4, 'pis', 1, NULL, '2017-11-11 19:22:45', '2017-11-11 19:22:45'),
(183, 'Dp 7121', 'General', 'N', NULL, 250.00, 230.00, 0, 0, 8, NULL, 4, 'pis', 1, NULL, '2017-11-11 19:23:44', '2017-11-11 19:23:44'),
(184, 'Dp 7122', 'General', 'N', NULL, 305.00, 270.00, 0, 0, 8, NULL, 4, 'pis', 1, NULL, '2017-11-11 19:26:42', '2017-11-11 19:26:42'),
(185, 'Dp 7105', 'General', 'N', NULL, 250.00, 220.00, 0, 0, 8, NULL, 4, 'pis', 1, NULL, '2017-11-11 19:28:29', '2017-11-11 19:28:29'),
(186, 'Dp 7105B', 'General', 'N', NULL, 250.00, 220.00, 0, 0, 8, NULL, 4, 'pis', 1, NULL, '2017-11-11 19:31:35', '2017-11-11 19:31:35'),
(187, 'Dp 7111B', 'General', 'N', NULL, 450.00, 420.00, 0, 0, 8, NULL, 4, 'pis', 1, NULL, '2017-11-11 19:33:54', '2017-11-11 19:33:54'),
(188, 'Dp 7115', 'General', 'N', NULL, 135.00, 120.00, 0, 0, 8, NULL, 4, 'pis', 1, NULL, '2017-11-11 19:35:47', '2017-11-11 19:35:47'),
(189, 'Dp 7124', 'General', 'N', NULL, 495.00, 455.00, 0, 0, 8, NULL, 4, 'pis', 1, NULL, '2017-11-11 19:39:12', '2017-11-11 19:39:12'),
(190, 'Dp 7107', 'General', 'N', NULL, 175.00, 155.00, 0, 0, 8, NULL, 4, 'pis', 1, NULL, '2017-11-11 19:40:44', '2017-11-11 19:40:44'),
(191, 'Dp 7125', 'General', 'N', NULL, 250.00, 230.00, 0, 0, 8, NULL, 4, 'pis', 1, NULL, '2017-11-11 19:42:58', '2017-11-11 19:42:58'),
(192, 'Dp 7111B', 'General', 'N', NULL, 450.00, 420.00, 0, 0, 8, NULL, 4, 'pis', 1, NULL, '2017-11-11 19:44:16', '2017-11-11 19:44:16'),
(193, 'Dp 7061B', 'General', 'N', 'Lantron', 560.00, 525.00, 0, 0, 8, NULL, 4, 'pis', 1, NULL, '2017-11-11 19:46:33', '2017-11-11 19:46:33'),
(194, 'Dp 7037B', 'General', 'N', 'Lantron', 395.00, 345.00, 0, 0, 8, NULL, 8, 'pis', 1, NULL, '2017-11-11 19:47:39', '2017-11-11 19:47:39'),
(195, 'Dp 7506', 'General', 'N', 'Lantron', 510.00, 485.00, 0, 0, 8, NULL, 4, 'pis', 1, NULL, '2017-11-11 19:49:11', '2017-11-11 19:49:11'),
(196, 'Dp 7403', 'General', 'N', 'Lantron', 320.00, 290.00, 0, 0, 8, NULL, 4, 'pis', 1, NULL, '2017-11-11 19:50:15', '2017-11-11 19:50:15'),
(197, 'Dp 7109', 'General', 'N', NULL, 550.00, 495.00, 0, 0, 8, NULL, 4, 'pis', 1, NULL, '2017-11-11 19:52:16', '2017-11-11 19:52:16'),
(198, 'Dp 7804', 'General', 'N', NULL, 395.00, 365.00, 0, 0, 8, NULL, 4, 'pis', 1, NULL, '2017-11-11 19:54:27', '2017-11-11 19:54:27'),
(199, 'Dp 7048B', 'General', 'N', 'Lantron', 555.00, 515.00, 0, 0, 8, NULL, 8, 'pis', 1, NULL, '2017-11-11 19:55:41', '2017-11-11 19:55:41'),
(200, 'Dp 7401', 'General', 'N', 'Lantron', 395.00, 345.00, 0, 0, 8, NULL, 4, 'pis', 1, NULL, '2017-11-11 19:56:49', '2017-11-11 19:56:49'),
(201, 'Dp 7405', 'General', 'N', 'Lantron', 360.00, 325.00, 0, 0, 8, NULL, 4, 'pis', 1, NULL, '2017-11-11 19:57:50', '2017-11-11 19:57:50'),
(202, 'Dp 809', 'General', 'N', 'Bat', 285.00, 260.00, 0, 0, 8, NULL, 4, 'pis', 1, NULL, '2017-11-11 19:58:56', '2017-11-11 19:58:56'),
(203, 'Dp 810', 'General', 'N', 'Bat', 285.00, 265.00, 0, 0, 8, NULL, 4, 'pis', 1, NULL, '2017-11-11 20:00:01', '2017-11-11 20:00:01'),
(204, 'Dp 811', 'General', 'N', NULL, 285.00, 265.00, 0, 0, 8, NULL, 4, 'pis', 1, NULL, '2017-11-11 20:01:13', '2017-11-11 20:01:13'),
(205, 'Kl 5823 A', 'General', 'N', 'R. Bulb', 420.00, 385.00, 52, 0, 8, NULL, 5, 'pis', 1, NULL, '2017-11-11 20:04:41', '2018-04-29 01:24:20'),
(206, 'Kl 5819A', 'General', 'N', 'R. Bulb', 390.00, 345.00, 45, 0, 8, NULL, 5, 'pis', 1, NULL, '2017-11-11 20:05:45', '2018-04-23 16:07:40'),
(207, 'Kl 5819', 'General', 'N', 'R. Bulb', 370.00, 325.00, 69, 0, 8, NULL, 5, 'pis', 1, NULL, '2017-11-11 20:07:03', '2018-04-28 22:07:26'),
(208, 'Kl 5818A', 'General', 'N', 'R. Bulb', 350.00, 305.00, 80, 0, 8, NULL, 5, 'pis', 1, NULL, '2017-11-11 20:08:15', '2018-04-25 00:58:21'),
(209, 'Kl 5818', 'General', 'N', 'R. Bulb', 300.00, 275.00, 42, 0, 8, NULL, 5, 'pis', 1, NULL, '2017-11-11 20:09:47', '2018-04-23 16:07:40'),
(210, 'Kl 5817', 'General', 'N', 'R. Bulb', 300.00, 275.00, 72, 0, 8, NULL, 5, 'pis', 1, NULL, '2017-11-11 20:11:06', '2018-04-28 22:07:26'),
(211, 'Kl 7677', 'General', 'N', NULL, 145.00, 138.00, 0, 0, 8, NULL, 5, 'pis', 1, NULL, '2017-11-11 20:33:13', '2017-11-11 20:33:13'),
(212, 'Dp 7803', 'General', 'N', NULL, 0.00, 0.00, 0, 0, 8, NULL, 4, 'pis', 1, NULL, '2017-11-11 22:56:20', '2017-11-11 22:56:20'),
(213, 'Kl 7701', 'General', 'N', NULL, 0.00, 0.00, 0, 0, 8, NULL, 5, 'pis', 1, NULL, '2017-11-11 22:58:33', '2017-11-11 22:58:33'),
(214, 'Kl 7698', 'General', 'N', NULL, 0.00, 0.00, 0, 0, 8, NULL, 5, 'pis', 1, NULL, '2017-11-11 23:12:17', '2017-11-11 23:12:17'),
(215, 'Bm 926 Tb', 'General', 'N', NULL, 0.00, 0.00, 0, 0, 8, NULL, 6, 'pis', 1, NULL, '2017-11-11 23:14:51', '2017-11-11 23:14:51'),
(216, 'Bm 926 U', 'General', 'N', NULL, 0.00, 0.00, 0, 0, 8, NULL, 6, 'pis', 1, NULL, '2017-11-11 23:15:33', '2017-11-11 23:15:33'),
(217, 'Bm 925 Tb', 'General', 'N', NULL, 0.00, 0.00, 0, 0, 8, NULL, 6, 'pis', 1, NULL, '2017-11-11 23:16:25', '2017-11-11 23:16:25'),
(218, 'Bm 925 U', 'General', 'N', NULL, 0.00, 0.00, 0, 0, 8, NULL, 6, 'pis', 1, NULL, '2017-11-11 23:17:28', '2017-11-11 23:17:28'),
(219, 'Bm 925 U', 'General', 'N', NULL, 0.00, 0.00, 0, 0, 8, NULL, 6, 'pis', 1, NULL, '2017-11-11 23:19:00', '2017-11-11 23:19:00'),
(220, 'Bm 931 Tb', 'General', 'N', NULL, 0.00, 0.00, 0, 0, 8, NULL, 6, 'pis', 1, NULL, '2017-11-11 23:19:59', '2017-11-11 23:19:59'),
(221, 'Bm 931 U', 'General', 'N', NULL, 0.00, 0.00, 0, 0, 8, NULL, 8, 'pis', 1, NULL, '2017-11-11 23:20:58', '2017-11-11 23:20:58'),
(222, 'Bm 7909 Tb', 'General', 'N', NULL, 230.00, 210.00, 0, 0, 8, NULL, 6, 'pis', 1, NULL, '2017-11-11 23:23:07', '2017-11-11 23:23:07'),
(280, 'Super star', 'General', 'N', '3 w', 220.00, 155.00, 0, 0, 17, NULL, 16, 'pis', 1, NULL, '2017-11-14 17:37:25', '2018-04-26 01:11:24'),
(281, 'Super star', 'General', 'N', '5 w', 280.00, 220.00, 2, 0, 17, NULL, 16, 'pis', 1, NULL, '2017-11-14 17:38:31', '2018-04-26 00:56:45'),
(282, 'KA - 02', 'General', 'N', '2 gang 1 way switch', 250.00, 146.25, 21, 0, 11, NULL, 3, 'pis', 1, NULL, '2018-03-25 19:07:25', '2018-04-28 18:29:18'),
(283, 'KA - 01', 'General', 'N', '1 gang 1 way switch', 150.00, 82.50, 44, 0, 11, NULL, 3, 'pis', 1, NULL, '2018-03-25 19:07:32', '2018-04-10 19:37:32'),
(284, 'KA - 03', 'General', 'N', '3 gang 1 way switch', 350.00, 172.50, 20, 0, 11, NULL, 3, 'pis', 1, NULL, '2018-03-25 19:43:44', '2018-04-28 18:29:18'),
(285, 'KA - 04', 'General', 'N', '4 gang 1 way switch', 450.00, 198.75, 21, 0, 11, NULL, 3, 'pis', 1, NULL, '2018-03-25 19:47:27', '2018-04-28 18:29:18'),
(286, 'KA - 05', 'General', 'N', 'Bell Push', 300.00, 180.00, 42, 0, 11, NULL, 3, 'pis', 1, NULL, '2018-03-25 19:50:10', '2018-04-23 00:27:15'),
(287, 'KA - 06', 'General', 'N', '16A power socket (AC)', 500.00, 296.25, 37, 0, 11, NULL, 3, 'pis', 1, NULL, '2018-03-25 19:54:24', '2018-04-28 17:17:41'),
(288, 'KA - 07', 'General', 'N', '13A Universel Socket With Switch', 350.00, 221.25, 40, 0, 11, NULL, 3, 'pis', 1, NULL, '2018-03-25 19:54:25', '2018-04-28 18:29:18'),
(289, 'KA - 08', 'General', 'N', '13A BS Socket With Switch', 300.00, 221.00, 31, 0, 11, NULL, 3, 'pcs', 1, NULL, '2018-03-25 20:04:48', '2018-04-10 19:37:32'),
(290, 'KA - 09', 'General', 'N', '13A 5in1 Socket With Switch', 400.00, 258.75, 1, 0, 11, NULL, 3, 'pcs', 1, NULL, '2018-03-25 20:09:23', '2018-04-23 00:27:15'),
(291, 'KA - 10', 'General', 'N', 'Switch Dimer', 600.00, 412.50, 30, 0, 11, NULL, 3, 'pcs', 1, NULL, '2018-03-25 20:12:18', '2018-04-23 00:27:15'),
(292, 'KA - 11', 'General', 'N', '1 gang TV Socket', 335.00, 180.00, 33, 0, 11, NULL, 3, 'pcs', 1, NULL, '2018-03-25 20:23:27', '2018-04-27 01:19:00'),
(293, 'KA - 12', 'General', 'N', '2 gang TV Socket', 350.00, 210.00, 50, 0, 11, NULL, 3, 'pcs', 1, NULL, '2018-03-25 20:27:35', '2018-04-10 19:37:32'),
(294, 'KA - 13', 'General', 'N', 'Telephone & Computer Socket', 550.00, 296.00, 7, 0, 11, NULL, 3, 'pcs', 1, NULL, '2018-03-25 20:33:29', '2018-04-10 19:37:32'),
(295, 'KA - 14', 'General', 'N', NULL, 550.00, 285.00, 17, 0, 11, NULL, 3, 'pcs', 1, NULL, '2018-03-25 20:36:12', '2018-04-10 19:37:32'),
(296, 'KA - 15', 'General', 'N', 'TV & Computer Socket', 500.00, 221.25, 16, 0, 11, NULL, 3, 'pcs', 1, NULL, '2018-03-25 20:40:11', '2018-04-10 19:37:32'),
(297, 'KA - 16', 'General', 'N', '1 switch 2 pin socket', 335.00, 146.25, 29, 0, 11, NULL, 3, 'pcs', 1, NULL, '2018-03-25 20:44:19', '2018-04-09 14:54:20'),
(298, 'KA - 17', 'General', 'N', 'Dp Switch 20A', 550.00, 300.00, 17, 0, 11, NULL, 3, 'pcs', 1, NULL, '2018-03-25 20:49:54', '2018-04-23 00:27:15'),
(300, 'KA - 19', 'General', 'N', 'Fan dimmer(IPS)', 500.00, 375.00, 68, 0, 11, NULL, 3, 'pcs', 1, NULL, '2018-03-25 20:55:00', '2018-04-10 19:37:32'),
(301, 'ka- 18', 'General', 'N', 'DP Switch 45A', 700.00, 427.50, 22, 0, 11, NULL, 3, 'pcs', 1, NULL, '2018-04-04 16:58:03', '2018-04-28 17:17:41'),
(302, 'KA - 20', 'General', 'N', '1Gang 2Way Switch', 235.00, 146.25, 13, 0, 11, NULL, 3, 'pcs', 1, NULL, '2018-04-04 17:14:33', '2018-04-23 00:27:15'),
(303, 'KA - 22', 'General', 'N', 'Telephone Socket', 335.00, 217.75, 0, 0, 11, NULL, 3, 'pcs', 1, NULL, '2018-04-04 17:18:13', '2018-04-04 17:18:13'),
(304, 'KA - 23', 'General', 'N', 'Computer Socket', 500.00, 325.00, 7, 0, NULL, NULL, 3, 'pcs', 1, NULL, '2018-04-04 17:20:02', '2018-04-09 14:54:20'),
(305, 'KA - 21', 'General', 'N', '2Gang 2Wya Switch', 335.00, 217.75, 8, 0, 11, NULL, 3, 'pcs', 1, NULL, '2018-04-04 17:56:12', '2018-04-10 19:37:32'),
(316, 'KB - 11', 'General', 'N', '13A 3Pin Multi', 250.00, 162.50, 41, 0, 11, NULL, 3, 'pcs', 1, NULL, '2018-04-04 19:30:44', '2018-04-10 17:21:23'),
(317, 'KB - 12', 'General', 'N', '13A Flat Pin Multi', 250.00, 162.50, 52, 0, 11, NULL, 3, 'pcs', 1, NULL, '2018-04-04 19:34:55', '2018-04-10 17:21:23'),
(318, 'KB - 13', 'General', 'N', '6 Pin Multi', 330.00, 214.50, 23, 0, 11, NULL, 3, 'pcs', 1, NULL, '2018-04-04 19:37:29', '2018-04-10 17:21:23'),
(320, 'KB - 14', 'General', 'N', '6 Pin Multi Without  Switch', 320.00, 208.00, 0, 0, 11, NULL, 3, 'pcs', 1, NULL, '2018-04-04 20:11:07', '2018-04-04 20:11:07'),
(321, 'KB - 15', 'General', 'N', '1 Gang TV Socket', 170.00, 110.50, 43, 0, 11, NULL, 3, 'pcs', 1, NULL, '2018-04-04 20:13:26', '2018-04-10 17:21:23'),
(322, 'KB - 16', 'General', 'N', '1 Gang Telephone Socket Single', 170.00, 110.50, 39, 0, 11, NULL, 3, 'pcs', 1, NULL, '2018-04-04 20:23:06', '2018-04-10 19:56:46'),
(323, 'KB - 17', 'General', 'N', '1 Gang Computer Socket Single', 230.00, 149.50, 19, 0, 11, NULL, 3, 'pcs', 1, NULL, '2018-04-04 20:31:23', '2018-04-10 17:21:23'),
(324, 'KB - 18', 'General', 'N', 'TV & Telephone Socket', 280.00, 182.00, 50, 0, 11, NULL, 3, 'pcs', 1, NULL, '2018-04-04 20:34:00', '2018-04-10 19:56:46'),
(325, 'KB - 19', 'General', 'N', 'TV & Computer Socket', 300.00, 195.00, 10, 0, 11, NULL, 3, 'pcs', 1, NULL, '2018-04-04 20:37:48', '2018-04-10 19:56:46'),
(326, 'KB - 20', 'General', 'N', '2 Gang Telephone & Computer Socket', 300.00, 195.00, 90, 0, 11, NULL, 3, 'pcs', 1, NULL, '2018-04-04 20:39:14', '2018-04-10 19:56:46'),
(327, 'KB - 21', 'General', 'N', '2 Gang Computer Socket', 300.00, 195.00, 36, 0, 11, NULL, 3, 'pcs', 1, NULL, '2018-04-04 20:44:51', '2018-04-10 19:56:46'),
(328, 'KB - 22', 'General', 'N', '300 Watt Fan Dimmer', 470.00, 305.50, 56, 0, 11, NULL, 3, 'pcs', 1, NULL, '2018-04-04 20:46:34', '2018-04-10 17:21:23'),
(329, 'KB - 23', 'General', 'N', '1Gang Switch Fan Dimmer', 500.00, 325.00, 70, 0, 11, NULL, 3, 'pcs', 1, NULL, '2018-04-04 20:49:39', '2018-04-10 19:56:46'),
(330, 'KB - 24', 'General', 'N', 'Bell push', 170.00, 110.50, 20, 0, 11, NULL, 3, 'pcs', 1, NULL, '2018-04-04 20:51:21', '2018-04-10 19:56:46'),
(333, 'Pertex Cable', 'Wire', 'N', '1/18 1X1.0re', 1097.00, 942.42, 0, 0, 19, NULL, NULL, 'coil', 1, NULL, '2018-04-09 15:29:06', '2018-04-09 15:29:06'),
(334, 'cable', 'Wire', 'N', 'BYA 1x1.re (red)', 943.42, 1097.00, 0, 0, 19, NULL, 21, 'coil', 1, NULL, '2018-04-09 15:43:39', '2018-04-09 15:43:39'),
(335, 'cable', 'Wire', 'N', '1.0', 1097.00, 943.42, 0, 0, 19, NULL, 21, 'coil', 1, NULL, '2018-04-09 15:51:25', '2018-04-09 15:51:25'),
(336, 'cable', 'General', 'N', 'BYA 1x1.0re(yellow+green)', 1097.00, 943.42, 0, 0, 19, NULL, 21, 'coil', 1, NULL, '2018-04-09 15:59:58', '2018-04-09 16:26:45'),
(337, 'cable', 'General', 'N', 'BYA 1x1.0rm(red)', 1137.00, 977.82, 0, 0, 19, NULL, 21, 'coil', 1, NULL, '2018-04-09 16:11:55', '2018-04-09 16:26:08'),
(338, 'cable', 'General', 'N', 'BYA 1x1.0rm(blak)', 1137.00, 977.82, 0, 0, 19, NULL, 21, 'coil', 1, NULL, '2018-04-09 16:13:50', '2018-04-09 16:27:18'),
(339, 'cable', 'General', 'N', 'BYA 1x1.3rm(red)', 1434.00, 1233.24, 0, 0, 19, NULL, 21, 'coil', 1, NULL, '2018-04-09 16:16:20', '2018-04-09 16:16:20'),
(340, 'cable', 'General', 'N', 'BYA 1x1.3rm(blak)', 1434.00, 1233.24, 0, 0, 19, NULL, 21, 'coil', 1, NULL, '2018-04-09 16:17:47', '2018-04-09 16:17:47'),
(341, 'cable', 'General', 'N', 'BYA 1x1.3re(yellow)', 1434.00, 1233.24, 0, 0, 19, NULL, 21, 'coil', 1, NULL, '2018-04-09 16:22:07', '2018-04-09 16:22:07'),
(342, 'cable', 'General', 'N', 'BYA 1x1.5re(yellow+green)', 1588.00, 1365.68, 0, 0, 19, NULL, 21, 'coil', 1, NULL, '2018-04-09 16:38:02', '2018-04-09 16:38:02'),
(343, 'cable', 'General', 'N', 'BYA 1x1.5rm(red)', 1637.00, 1407.82, 0, 0, 19, NULL, 21, 'coil', 1, NULL, '2018-04-09 16:41:55', '2018-04-09 16:41:55'),
(344, 'cable', 'General', 'N', 'BYA 1x1.5rm(blak)', 1637.00, 1407.82, 0, 0, 19, NULL, 21, 'coil', 1, NULL, '2018-04-09 16:43:21', '2018-04-09 16:43:21'),
(345, 'cable', 'General', 'N', 'BYA 1x2.0rm(yellow)', 2175.00, 1870.50, 0, 0, 19, NULL, 21, 'coil', 1, NULL, '2018-04-09 16:45:42', '2018-04-09 16:45:42'),
(346, 'cable', 'General', 'N', 'BYA 1x2.0rm(red)', 2175.00, 1870.50, 0, 0, 19, NULL, 21, 'coil', 1, NULL, '2018-04-09 16:48:23', '2018-04-09 16:48:23'),
(347, 'cable', 'General', 'N', 'BYA 1x2.0rm(blak)', 2175.00, 1870.50, 0, 0, 19, NULL, 21, 'coil', 1, NULL, '2018-04-09 16:50:31', '2018-04-09 16:50:31'),
(348, 'cable', 'General', 'N', 'BYA 1x3.0rm(red)', 3158.00, 2715.88, 0, 0, 19, NULL, 21, 'coil', 1, NULL, '2018-04-09 16:53:18', '2018-04-09 16:53:18'),
(349, 'cable', 'General', 'N', 'BYA 1x3.0rm(blak)', 3158.00, 2715.88, 0, 0, 19, NULL, 21, 'coil', 1, NULL, '2018-04-09 16:59:12', '2018-04-09 16:59:12'),
(350, 'cable', 'General', 'N', 'BYA 1x2.5re', 2588.00, 2225.68, 0, 0, 19, NULL, 21, 'coil', 1, NULL, '2018-04-09 17:07:31', '2018-04-09 17:07:31'),
(351, 'cable', 'General', 'N', 'BYA 1x2.5rm(red)', 2622.00, 2254.92, 0, 0, 19, NULL, 21, 'coil', 1, NULL, '2018-04-09 17:11:18', '2018-04-09 17:11:18'),
(352, 'cable', 'General', 'N', 'BYA 1x2.5rm(blak)', 2622.00, 2254.92, 0, 0, 19, NULL, 21, 'coil', 1, NULL, '2018-04-09 17:13:13', '2018-04-09 17:13:13'),
(353, 'cable', 'General', 'N', '1x4.0rm', 4082.00, 3510.52, 0, 0, 19, NULL, 21, 'coil', 1, NULL, '2018-04-09 17:19:11', '2018-04-10 14:52:52'),
(355, 'KA - 18', 'General', 'N', 'DP Switch 45 A', 700.00, 420.00, 39, 0, 11, NULL, 3, 'pcs', 1, NULL, '2018-04-10 19:42:35', '2018-04-10 19:56:46'),
(357, 'KB - 02', 'General', 'N', '2 Gang 1 Way Switch', 145.00, 87.00, 28, 0, 11, NULL, 3, 'pcs', 1, NULL, '2018-04-10 22:16:52', '2018-04-10 23:00:13'),
(358, 'KB - 03', 'General', 'N', '3 Gang 1 Way Switch', 210.00, 126.00, 28, 0, 11, NULL, 3, 'pcs', 1, NULL, '2018-04-10 23:49:32', '2018-04-11 00:28:16'),
(359, 'KB - 04', 'General', 'N', '4 Gang 1 Way Switch', 240.00, 144.00, 43, 0, 11, NULL, 3, 'pcs', 1, NULL, '2018-04-10 23:52:13', '2018-04-11 00:28:16'),
(360, 'KB - 05', 'General', 'N', '1 Switch  2 Pin Socket', 200.00, 120.00, 33, 0, 11, NULL, 3, 'pcs', 1, NULL, '2018-04-10 23:53:27', '2018-04-11 00:28:16'),
(361, 'KB - 06', 'General', 'N', '2 Switch 2 Pin Socket', 240.00, 144.00, 56, 0, 11, NULL, 3, 'pcs', 1, NULL, '2018-04-10 23:54:39', '2018-04-11 00:28:16'),
(362, 'KB -07', 'General', 'N', '1 Switch 2Gang 2 Pin Socket', 240.00, 144.00, 42, 0, 11, NULL, 3, 'pcs', 1, NULL, '2018-04-11 00:02:45', '2018-04-11 00:28:16'),
(363, 'KB -08', 'General', 'N', '2 Switch 2 Gang 2 Pin Socket', 260.00, 156.00, 18, 0, 11, NULL, 3, 'pcs', 1, NULL, '2018-04-11 00:04:21', '2018-04-11 00:28:16'),
(364, 'KB -09', 'General', 'N', '2 Pin MF Socket with Switch 5 Pin Multi', 310.00, 186.00, 51, 0, 11, NULL, 3, 'pcs', 1, NULL, '2018-04-11 00:07:32', '2018-04-11 00:28:16'),
(365, 'KB - 01', 'General', 'N', '1 Gang  1 Way Switch', 70.00, 42.00, 22, 0, 11, NULL, 3, 'pcs', 1, NULL, '2018-04-11 00:33:34', '2018-04-11 00:35:59'),
(367, 'Galaxy - 1 gang', 'General', 'N', '1 Gang  1 Way Switch', 100.00, 63.00, 38, 0, 11, NULL, 22, 'pcs', 1, NULL, '2018-04-11 16:02:52', '2018-04-11 16:52:41'),
(368, 'Galaxy - 1 gang', 'General', 'N', '1 Gang 2 Way Switch', 190.00, 119.70, 14, 0, 11, NULL, 22, 'pcs', 1, NULL, '2018-04-11 16:07:37', '2018-04-11 18:41:34'),
(369, 'Galaxy - 2 gang', 'General', 'N', '2 Gang 1 Way Switch', 195.00, 122.85, 20, 0, 11, NULL, 22, 'pcs', 1, NULL, '2018-04-11 16:09:44', '2018-04-11 18:06:08'),
(370, 'Galaxy - 2 gang', 'General', 'N', '2 Gang 2 Way Switch', 250.00, 157.50, 0, 0, 11, NULL, 22, 'pcs', 1, NULL, '2018-04-11 16:11:28', '2018-04-11 16:13:17'),
(371, 'Galaxy - 3 gang', 'General', 'N', '3 Gang Switch', 250.00, 157.50, 2, 0, 11, NULL, 22, 'pcs', 1, NULL, '2018-04-11 16:17:35', '2018-04-11 18:08:22'),
(372, 'Galaxy - 4 gang', 'General', 'N', '4 Gang Switch', 270.00, 170.10, 2, 0, 11, NULL, 22, 'pcs', 1, NULL, '2018-04-11 16:19:34', '2018-04-11 18:11:03'),
(373, 'Galaxy - 2 pin', 'General', 'N', '2 Pin Socket With Switch', 270.00, 170.10, 126, 0, 11, NULL, 22, 'pcs', 1, NULL, '2018-04-11 16:22:22', '2018-04-11 19:59:52'),
(374, 'Galaxy - 13A', 'General', 'N', '13A 3Pin Multi', 290.00, 182.70, 0, 0, 11, NULL, 22, 'pcs', 1, NULL, '2018-04-11 16:24:52', '2018-04-11 16:24:52'),
(375, 'Galaxy - 6 pin', 'General', 'N', '6 Pin Multi With  Switch', 315.00, 198.45, 0, 0, 11, NULL, 22, 'pcs', 1, NULL, '2018-04-11 16:26:39', '2018-04-11 16:26:39'),
(376, 'Galaxy - 15A', 'General', 'N', '15A 3 pin round', 290.00, 182.70, 88, 0, 11, NULL, 22, 'pcs', 1, NULL, '2018-04-11 16:30:16', '2018-04-11 18:30:10'),
(377, 'Galaxy - Tv', 'General', 'N', 'Tv Socket', 250.00, 157.50, 19, 0, 11, NULL, 22, 'pcs', 1, NULL, '2018-04-11 16:32:14', '2018-04-11 18:43:26'),
(378, 'Galaxy - Telephone', 'General', 'N', 'Telephone Socket', 250.00, 157.50, 61, 0, 11, NULL, 22, 'pcs', 1, NULL, '2018-04-11 16:34:02', '2018-04-11 18:39:31'),
(379, 'Galaxy - Bell', 'General', 'N', 'Bell push', 250.00, 157.50, 60, 0, 11, NULL, 22, 'pcs', 1, NULL, '2018-04-11 16:35:23', '2018-04-11 18:32:34'),
(380, 'Galaxy - 20A', 'General', 'N', 'DP Switch 20A', 390.00, 245.70, 65, 0, 11, NULL, 22, 'pcs', 1, NULL, '2018-04-11 16:37:22', '2018-04-11 18:38:11'),
(381, 'Galaxy - Dimer', 'General', 'N', 'Fan Dimmer', 380.00, 239.40, 21, 0, 11, NULL, 22, 'pcs', 1, NULL, '2018-04-11 16:39:57', '2018-04-11 18:36:48'),
(382, 'Galaxy - Dimer', 'General', 'N', 'Fan Dimmer With Switch', 470.00, 296.10, 33, 0, 11, NULL, 22, 'pcs', 1, NULL, '2018-04-11 16:43:19', '2018-04-11 18:35:01'),
(383, 'Gold - 1 gang', 'General', 'N', '1 Gang  1 Way Switch', 110.00, 69.30, 55, 0, 11, NULL, 22, 'pcs', 1, NULL, '2018-04-11 18:46:14', '2018-04-11 19:36:27'),
(384, 'Gold - 1 gang 2w', 'General', 'N', '1Gang 2Way Switch', 200.00, 126.00, 9, 0, 11, NULL, 22, 'pcs', 1, NULL, '2018-04-11 18:47:45', '2018-04-11 19:57:10'),
(385, 'Gold - 2 gang', 'General', 'N', '2 Gang 1 Way Switch', 210.00, 132.30, 103, 0, 11, NULL, 22, 'pcs', 1, NULL, '2018-04-11 18:49:26', '2018-04-11 19:40:35'),
(386, 'Gold - 2 gang 2w', 'General', 'N', '2 Gang 2 Way Switch', 275.00, 173.25, 0, 0, 11, NULL, 22, 'pcs', 1, NULL, '2018-04-11 18:52:11', '2018-04-11 18:52:11'),
(387, 'Gold - 3 gang', 'General', 'N', '3 Gang Switch', 275.00, 173.25, 19, 0, 11, NULL, 22, 'pcs', 1, NULL, '2018-04-11 18:55:14', '2018-04-11 19:43:59'),
(388, 'Gold - 4 gang', 'General', 'N', '4 Gang Switch', 300.00, 189.00, 23, 0, 11, NULL, 22, 'pcs', 1, NULL, '2018-04-11 18:57:33', '2018-04-11 19:45:35'),
(389, 'Gold - 2 pin', 'General', 'N', '2 Pin Socket With Switch', 300.00, 189.00, 30, 0, 11, NULL, 22, 'pcs', 1, NULL, '2018-04-11 19:17:48', '2018-04-11 23:08:11'),
(390, 'Gold - 13A', 'General', 'N', '13A 3Pin Multi', 315.00, 198.45, 0, 0, 11, NULL, 22, 'pcs', 1, NULL, '2018-04-11 19:20:58', '2018-04-11 19:20:58'),
(391, 'Gold - 6 Pin', 'General', 'N', '6 Pin Multi With  Switch', 340.00, 214.20, 17, 0, 11, NULL, 22, 'pcs', 1, NULL, '2018-04-11 19:23:08', '2018-04-11 19:54:15'),
(392, 'Gold - 15A', 'General', 'N', '15A 3 pin round', 310.00, 195.30, 66, 0, 11, NULL, 22, 'pcs', 1, NULL, '2018-04-11 19:24:42', '2018-04-11 19:47:24'),
(393, 'Gold - Tv', 'General', 'N', 'Tv Socket', 275.00, 173.25, 42, 0, 11, NULL, 22, 'pcs', 1, NULL, '2018-04-11 19:26:06', '2018-04-11 19:58:28'),
(394, 'Gold - Telephone', 'General', 'N', 'Telephone Socket', 275.00, 173.25, 40, 0, 11, NULL, 22, 'pcs', 1, NULL, '2018-04-11 19:27:52', '2018-04-11 19:55:54'),
(395, 'Gold - Bell', 'General', 'N', 'Bell push', 275.00, 173.25, 78, 0, 11, NULL, 22, 'pcs', 1, NULL, '2018-04-11 19:29:04', '2018-04-11 19:49:06'),
(396, 'Gold - Dp', 'General', 'N', 'DP Switch 20A', 420.00, 264.60, 61, 0, 11, NULL, 22, 'pcs', 1, NULL, '2018-04-11 19:30:23', '2018-04-11 19:51:15'),
(397, 'Gold- Dimer', 'General', 'N', 'Fan Dimmer', 415.00, 261.45, 23, 0, 11, NULL, 22, 'pcs', 1, NULL, '2018-04-11 19:32:25', '2018-04-11 19:52:56'),
(398, 'Gold - S Dimer', 'General', 'N', 'Fan Dimmer With Switch', 495.00, 299.25, 0, 0, 11, NULL, 22, 'pcs', 1, NULL, '2018-04-11 19:34:27', '2018-04-11 19:34:27'),
(399, 'Platinum- 1 gang', 'General', 'N', '1 Gang  1 Way Switch', 175.00, 110.25, 48, 0, 11, NULL, 22, 'pcs', 1, NULL, '2018-04-11 20:02:21', '2018-04-11 22:10:08'),
(400, 'Platinum- 1 gang 2w', 'General', 'N', '1Gang 2Way Switch', 225.00, 141.75, 3, 0, 11, NULL, 22, 'pcs', 1, NULL, '2018-04-11 20:04:32', '2018-04-11 22:39:40'),
(401, 'Platinum- 2 gang', 'General', 'N', '2 Gang 1 Way Switch', 280.00, 174.40, 40, 0, 11, NULL, 22, 'pcs', 1, NULL, '2018-04-11 20:06:05', '2018-04-11 22:39:40'),
(402, 'Platinum- 2 gang 2w', 'General', 'N', '2 Gang 2 Way Switch', 325.00, 204.75, 0, 0, 11, NULL, 22, 'pcs', 1, NULL, '2018-04-11 20:07:28', '2018-04-11 20:07:28'),
(403, 'Platinum- 3 gang', 'General', 'N', '3 Gang Switch', 350.00, 220.50, 39, 0, 11, NULL, 22, 'pcs', 1, NULL, '2018-04-11 20:09:15', '2018-04-11 22:11:34'),
(404, 'Platinum- 4 gang', 'General', 'N', '4 Gang Switch', 380.00, 239.40, 72, 0, 11, NULL, 22, 'pcs', 1, NULL, '2018-04-11 20:19:06', '2018-04-11 22:13:42'),
(405, 'Platinum- 2 Pin', 'General', 'N', '2 Pin Socket With Switch', 320.00, 201.60, 8, 0, 11, NULL, 22, 'pcs', 1, NULL, '2018-04-11 20:21:08', '2018-04-11 22:39:40'),
(406, 'Platinum- 13A', 'General', 'N', '13A 3Pin Multi', 370.00, 233.10, 7, 0, 11, NULL, 22, 'pcs', 1, NULL, '2018-04-11 20:22:28', '2018-04-11 22:39:40'),
(407, 'Platinum- 6 Pin', 'General', 'N', '6 Pin Multi Without  Switch', 425.00, 267.75, 94, 0, 11, NULL, 22, 'pcs', 1, NULL, '2018-04-11 20:26:35', '2018-04-11 22:39:40'),
(408, 'Platinum- 15A', 'General', 'N', '15A 3 pin round', 380.00, 239.40, 37, 0, 11, NULL, 22, 'pcs', 1, NULL, '2018-04-11 20:27:45', '2018-04-11 22:39:40'),
(409, 'Platinum- Tv', 'General', 'N', 'Tv Socket', 305.00, 192.15, 10, 0, 11, NULL, 22, 'pcs', 1, NULL, '2018-04-11 20:29:10', '2018-04-11 22:39:40'),
(410, 'Platinum- Telephone', 'General', 'N', 'Telephone Socket', 305.00, 192.15, 40, 0, 11, NULL, 22, 'pcs', 1, NULL, '2018-04-11 20:30:25', '2018-04-11 22:39:40'),
(411, 'Platinum- Bell', 'General', 'N', 'Bell push', 305.00, 192.15, 1, 0, 11, NULL, 22, 'pcs', 1, NULL, '2018-04-11 20:31:27', '2018-04-11 22:39:40'),
(412, 'Platinum- DP', 'General', 'N', 'DP Switch 20A', 470.00, 296.10, 16, 0, 11, NULL, 22, 'pcs', 1, NULL, '2018-04-11 20:32:26', '2018-04-11 22:39:40'),
(413, 'Platinum- Dimer', 'General', 'N', 'Fan Dimmer', 460.00, 289.80, 94, 0, 11, NULL, 22, 'pcs', 1, NULL, '2018-04-11 20:33:45', '2018-04-11 22:39:40'),
(414, 'Platinum- S Dimer', 'General', 'N', 'Fan Dimmer With Switch', 540.00, 340.20, 78, 0, 11, NULL, 22, 'pcs', 1, NULL, '2018-04-11 20:34:53', '2018-04-11 22:39:40'),
(415, 'k-10', 'General', 'N', 'Khan Mk  Combined Socket', 120.00, 114.00, 19, 0, 3, NULL, 3, 'pcs', 1, NULL, '2018-04-19 15:35:04', '2018-04-19 16:21:14'),
(416, 'k-11', 'General', 'N', 'Khan Mk  Combined Socket', 120.00, 114.00, 20, 0, 3, NULL, 3, 'pcs', 1, NULL, '2018-04-19 15:42:20', '2018-04-25 21:53:48'),
(417, 'k-76', 'General', 'N', 'khan round ceiling rose', 23.40, 22.20, 86, 0, 3, NULL, 3, 'pcs', 1, NULL, '2018-04-19 18:54:54', '2018-04-19 19:37:53');
INSERT INTO `products` (`productID`, `name`, `type`, `grade`, `description`, `defaultSellPrice`, `defaultBuyPrice`, `stock`, `inOrder`, `productCategoryID`, `productSizeID`, `productBrandID`, `unit`, `userID`, `deleted_at`, `created_at`, `updated_at`) VALUES
(418, 'k-146', 'General', 'N', 'khan 15a 3 pin plug', 60.50, 57.40, 204, 0, 3, NULL, 3, 'pcs', 1, NULL, '2018-04-19 22:06:36', '2018-04-20 00:23:18'),
(419, 'k-149', 'General', 'N', 'khan gold switch', 17.90, 16.60, 72, 0, 3, NULL, 3, 'pcs', 1, NULL, '2018-04-19 22:18:56', '2018-04-20 00:23:18'),
(420, 'k-150', 'General', 'N', 'khan gold socket', 17.90, 16.60, 120, 0, 3, NULL, 3, 'pcs', 1, NULL, '2018-04-19 23:25:18', '2018-04-20 00:23:18'),
(421, 'k-151', 'General', 'N', 'khan gold indicator', 17.90, 16.60, 96, 0, 3, NULL, 3, 'pcs', 1, NULL, '2018-04-19 23:28:49', '2018-04-20 00:23:18'),
(422, 'k-152', 'General', 'N', 'khan gold coutout', 22.50, 20.90, 60, 0, 3, NULL, 3, 'pcs', 1, NULL, '2018-04-19 23:41:47', '2018-04-20 00:23:18'),
(423, 'k-153', 'General', 'N', 'khan gold bell push', 21.00, 19.80, 84, 0, 3, NULL, 3, 'pcs', 1, NULL, '2018-04-19 23:45:28', '2018-04-20 00:23:18'),
(424, 'k-154', 'General', 'N', 'khan gold 2way switch', 24.25, 23.00, 72, 0, 3, NULL, 3, 'pcs', 1, NULL, '2018-04-19 23:48:41', '2018-04-20 00:23:18'),
(425, 'k-155', 'General', 'N', 'khan gold fan dimmer', 70.00, 66.50, 50, 0, 3, NULL, 3, 'pcs', 1, NULL, '2018-04-19 23:51:38', '2018-04-28 18:29:18'),
(428, 'kp-1', 'General', 'N', 'khan 13A flat 3pin plug', 55.00, 45.00, 108, 0, 3, NULL, 3, 'pcs', 1, NULL, '2018-04-21 16:06:49', '2018-04-24 19:05:55'),
(429, 'kp-2', 'General', 'N', 'khan 13A flat 3pin plug', 60.00, 55.00, 200, 0, 3, NULL, 3, 'pcs', 1, NULL, '2018-04-21 16:07:58', '2018-04-29 18:02:48'),
(458, 'AG', 'General', 'N', 'Ag easy 56 fan', 1450.00, 1415.00, 6, 0, 26, NULL, 25, 'pcs', 1, NULL, '2018-04-23 23:24:16', '2018-04-28 22:00:47'),
(459, 'AM2L', 'General', 'N', 'AM2L', 1200.00, 975.00, 16, 0, 14, NULL, 15, 'pcs', 1, NULL, '2018-04-24 15:25:43', '2018-04-24 16:00:39'),
(460, 'AM3L', 'General', 'N', 'AM3L', 1350.00, 1105.00, 19, 0, 14, NULL, 15, 'pcs', 1, NULL, '2018-04-24 15:27:20', '2018-04-24 16:00:39'),
(461, 'AM4L', 'General', 'N', 'AM4L', 1650.00, 1305.00, 24, 0, 14, NULL, 15, 'pcs', 1, NULL, '2018-04-24 15:28:26', '2018-04-24 16:00:39'),
(462, 'AM5L', 'General', 'N', 'AM5L', 1800.00, 1405.00, 22, 0, 14, NULL, 15, 'pcs', 1, NULL, '2018-04-24 15:30:05', '2018-04-24 16:04:38'),
(463, 'AC3L', 'General', 'N', 'AC3L', 1450.00, 1255.00, 10, 0, 14, NULL, 15, 'pcs', 1, NULL, '2018-04-24 15:31:39', '2018-04-24 16:00:39'),
(464, 'AC2L', 'General', 'N', 'AC2L', 1350.00, 1105.00, 11, 0, 14, NULL, 15, 'pcs', 1, NULL, '2018-04-24 15:33:24', '2018-04-24 16:00:39'),
(465, 'AD3L', 'General', 'N', 'AD3l', 1850.00, 1455.00, 0, 0, 14, NULL, 15, 'pcs', 1, NULL, '2018-04-24 15:50:27', '2018-04-24 15:50:27'),
(466, '6A Sp P+', 'General', 'N', '6A Sp', 180.00, 85.00, 52, 0, 25, NULL, 22, 'pcs', 1, NULL, '2018-04-24 16:29:21', '2018-04-24 18:02:09'),
(467, '10A Sp P+', 'General', 'N', '10A Sp', 180.00, 85.00, 11, 0, 25, NULL, 22, 'pcs', 1, NULL, '2018-04-24 16:30:35', '2018-04-28 17:17:41'),
(468, '16A Sp P+', 'General', 'N', '16A Sp', 180.00, 85.00, 32, 0, 25, NULL, 22, 'pcs', 1, NULL, '2018-04-24 16:32:26', '2018-04-24 18:02:09'),
(469, '20A Sp P+', 'General', 'N', '20A Sp', 180.00, 85.00, 42, 0, 25, NULL, 22, 'pcs', 1, NULL, '2018-04-24 16:39:22', '2018-04-24 23:11:41'),
(470, '32A Sp P+', 'General', 'N', '32A', 180.00, 85.00, 84, 0, 25, NULL, 22, 'pcs', 1, NULL, '2018-04-24 16:43:38', '2018-04-24 18:02:09'),
(471, '40A Sp P+', 'General', 'N', '40A Sp', 180.00, 85.00, 60, 0, 25, NULL, 22, 'pcs', 1, NULL, '2018-04-24 16:45:06', '2018-04-24 18:02:09'),
(472, '10A Dp P+', 'General', 'N', '10A Dp', 360.00, 170.00, 0, 0, 25, NULL, 22, 'pcs', 1, NULL, '2018-04-24 16:47:56', '2018-04-24 16:47:56'),
(473, '16A Dp P+', 'General', 'N', '16A Dp', 360.00, 170.00, 16, 0, 25, NULL, 22, 'pcs', 1, NULL, '2018-04-24 16:51:56', '2018-04-24 18:02:09'),
(474, '32A Dp P+', 'General', 'N', '32A Dp', 360.00, 85.00, 28, 0, 25, NULL, 22, 'pcs', 1, NULL, '2018-04-24 16:52:59', '2018-04-24 18:02:09'),
(475, '40A Dp P+', 'General', 'N', '40A Dp', 360.00, 170.00, 13, 0, 25, NULL, 22, 'pcs', 1, NULL, '2018-04-24 16:59:42', '2018-04-24 18:02:09'),
(476, '63A Dp P+', 'General', 'N', '63A', 360.00, 170.00, 15, 0, 25, NULL, 22, 'pcs', 1, NULL, '2018-04-24 17:04:17', '2018-04-28 17:17:41'),
(477, '6A Sp P&G', 'General', 'N', '6A Sp', 185.00, 110.00, 123, 0, 25, NULL, 22, 'pcs', 1, NULL, '2018-04-24 17:06:35', '2018-04-24 18:02:09'),
(478, '10A Sp P&G', 'General', 'N', '10A Sp', 185.00, 110.00, 0, 0, 25, NULL, 22, 'pcs', 1, NULL, '2018-04-24 17:08:01', '2018-04-26 20:31:13'),
(479, '16A Sp P&G', 'General', 'N', '16A Sp', 185.00, 110.00, 70, 0, 25, NULL, 22, 'pcs', 1, NULL, '2018-04-24 17:11:45', '2018-04-29 01:53:51'),
(480, '20A Sp P&G', 'General', 'N', '20A Sp', 185.00, 110.00, 0, 0, 25, NULL, 22, 'pcs', 1, NULL, '2018-04-24 17:12:51', '2018-04-24 17:12:51'),
(481, '32A Sp P&G', 'General', 'N', '32A Sp', 185.00, 110.00, 15, 0, 25, NULL, 22, 'pcs', 1, NULL, '2018-04-24 17:15:20', '2018-04-24 18:02:09'),
(482, '40A Sp P&G', 'General', 'N', '40A Sp', 185.00, 110.00, 6, 0, 25, NULL, 22, 'pcs', 1, NULL, '2018-04-24 17:17:32', '2018-04-24 18:02:09'),
(483, '63A Sp P&G', 'General', 'N', '63A Sp', 185.00, 110.00, 4, 0, 25, NULL, 22, 'pcs', 1, NULL, '2018-04-24 17:19:04', '2018-04-24 18:02:09'),
(484, '10A Dp P&G', 'General', 'N', '10A Dp', 370.00, 220.00, 0, 0, 25, NULL, 22, 'pcs', 1, NULL, '2018-04-24 17:20:10', '2018-04-24 17:20:10'),
(485, '16A Dp P&G', 'General', 'N', '16A Dp', 370.00, 220.00, 0, 0, 25, NULL, 22, 'pcs', 1, NULL, '2018-04-24 17:21:13', '2018-04-24 17:21:13'),
(486, '20A Dp P&G', 'General', 'N', '20A Dp', 370.00, 220.00, 10, 0, 25, NULL, 22, 'pcs', 1, NULL, '2018-04-24 17:22:45', '2018-04-24 18:02:09'),
(487, '20A Dp P+', 'General', 'N', '20A Dp', 360.00, 170.00, 0, 0, 25, NULL, 22, 'pcs', 1, NULL, '2018-04-24 17:24:28', '2018-04-24 17:24:28'),
(488, '32A Dp P&G', 'General', 'N', '32A Dp', 370.00, 220.00, -1, 0, 25, NULL, 22, 'pcs', 1, NULL, '2018-04-24 17:25:28', '2018-04-26 20:31:13'),
(489, '40A Dp P&G', 'General', 'N', '40A Dp', 370.00, 220.00, 37, 0, 25, NULL, 22, 'pcs', 1, NULL, '2018-04-24 17:45:50', '2018-04-24 18:02:09'),
(490, '63A Dp P&G', 'General', 'N', '63A Dp', 370.00, 220.00, 28, 0, 25, NULL, 22, 'pcs', 1, NULL, '2018-04-24 17:47:05', '2018-04-24 18:02:09'),
(491, '63A Sp P+', 'General', 'N', '63A Sp', 180.00, 85.00, 44, 0, 25, NULL, 22, 'pcs', 1, NULL, '2018-04-24 17:49:24', '2018-04-24 18:02:09'),
(492, 'L1', 'General', 'N', 'L1 Db Box', 35.00, 26.00, 0, 0, 30, NULL, 22, 'pcs', 1, NULL, '2018-04-24 18:14:56', '2018-04-25 00:12:13'),
(493, 'L2', 'General', 'N', 'L2 Db Box', 32.00, 45.00, 3, 0, 30, NULL, 22, 'pcs', 1, NULL, '2018-04-24 18:21:45', '2018-04-24 18:56:28'),
(494, 'L4', 'General', 'N', 'L4 Db Box', 85.00, 62.00, 39, 0, 30, NULL, 22, 'pcs', 1, NULL, '2018-04-24 18:24:51', '2018-04-24 18:56:28'),
(495, '2-4', 'General', 'N', '2-4 Db Box', 220.00, 170.00, 0, 0, 30, NULL, 22, 'pcs', 1, NULL, '2018-04-24 18:32:21', '2018-04-24 18:32:21'),
(496, '4-6', 'General', 'N', '4-6 Db Box', 330.00, 270.00, 33, 0, 30, NULL, 22, 'pcs', 1, NULL, '2018-04-24 18:34:55', '2018-04-24 18:56:28'),
(497, '7-9', 'General', 'N', '7-9 Db Box', 380.00, 300.00, 36, 0, 30, NULL, 22, 'pcs', 1, NULL, '2018-04-24 18:36:35', '2018-04-24 18:56:28'),
(498, '10-13', 'General', 'N', '10-13 Db Box', 480.00, 400.00, 2, 0, 30, NULL, 22, 'pcs', 1, NULL, '2018-04-24 18:38:49', '2018-04-24 18:56:28'),
(499, '14-16', 'General', 'N', '14-16 Db Box', 620.00, 500.00, 2, 0, 30, NULL, 22, 'pcs', 1, NULL, '2018-04-24 18:40:16', '2018-04-24 18:56:28'),
(500, '18-22', 'General', 'N', '18-22 Db Box', 850.00, 700.00, -1, 0, 30, NULL, 22, 'pcs', 1, NULL, '2018-04-24 18:41:41', '2018-04-28 17:17:41'),
(501, '20-26', 'General', 'N', '20-26 Db Box', 1150.00, 940.00, 0, 0, 30, NULL, 22, 'pcs', 1, NULL, '2018-04-24 18:43:09', '2018-04-24 18:43:09'),
(502, 'Km-01', 'General', 'N', '6 Pin Multi With  Switch', 100.00, 95.00, 47, 0, 3, NULL, 3, 'pcs', 1, NULL, '2018-04-24 19:11:17', '2018-04-29 00:45:12'),
(503, 'Km-02', 'General', 'N', '6 Pin Multi With  Switch', 95.00, 88.00, 90, 0, 3, NULL, 3, 'pcs', 1, NULL, '2018-04-24 19:12:16', '2018-04-29 02:12:15'),
(504, '2018', 'General', 'N', '6w Surface blue R', 350.00, 240.00, 5, 0, 24, NULL, 29, 'pcs', 1, NULL, '2018-04-25 00:47:21', '2018-04-25 19:54:46'),
(505, '2019', 'General', 'N', '6w Surface Red R', 350.00, 240.00, 5, 0, 24, NULL, 29, 'pcs', 1, NULL, '2018-04-25 01:03:25', '2018-04-25 19:54:46'),
(506, '2020', 'General', 'N', '6w Surface Green R', 350.00, 240.00, 1, 0, 24, NULL, 29, 'pcs', 1, NULL, '2018-04-25 01:04:54', '2018-04-25 19:54:46'),
(507, '2021', 'General', 'N', '6+3 multi Surface', 450.00, 400.00, 5, 0, 24, NULL, 29, 'pcs', 1, NULL, '2018-04-25 01:08:59', '2018-04-29 01:53:51'),
(508, '2033', 'General', 'N', '6w Surface  R', 200.00, 130.00, 0, 0, 24, NULL, 29, 'pcs', 1, NULL, '2018-04-25 01:37:39', '2018-04-25 01:37:39'),
(509, '2022', 'General', 'N', '12 w Surface R', 250.00, 155.00, 30, 0, 24, NULL, 29, 'pcs', 1, NULL, '2018-04-25 01:40:08', '2018-04-25 19:54:46'),
(510, '2023', 'General', 'N', '12 w Surface  SQ', 250.00, 155.00, 5, 0, 24, NULL, 29, 'pcs', 1, NULL, '2018-04-25 01:41:16', '2018-04-25 19:54:46'),
(511, '2024', 'General', 'N', '18 W Surface  R', 350.00, 250.00, 21, 0, 24, NULL, 29, 'pcs', 1, NULL, '2018-04-25 01:42:55', '2018-04-25 19:54:46'),
(512, '2025', 'General', 'N', '18 W Surface  SQ', 350.00, 250.00, 7, 0, 24, NULL, 29, 'pcs', 1, NULL, '2018-04-25 01:44:20', '2018-04-25 19:54:46'),
(513, '2026', 'General', 'N', 'Panal  R', 350.00, 230.00, 10, 0, 24, NULL, 29, 'pcs', 1, NULL, '2018-04-25 01:46:35', '2018-04-25 19:54:46'),
(514, '2027', 'General', 'N', '24 W Panal SQ', 450.00, 350.00, 3, 0, 24, NULL, 29, 'pcs', 1, NULL, '2018-04-25 01:47:54', '2018-04-25 19:54:46'),
(515, '2028', 'General', 'N', '24 W Panal R', 450.00, 350.00, 0, 0, 24, NULL, 29, 'pcs', 1, NULL, '2018-04-25 01:48:42', '2018-04-25 01:48:42'),
(516, '2028', 'General', 'N', '24 W Panal R', 450.00, 350.00, 6, 0, 24, NULL, 29, 'pcs', 1, NULL, '2018-04-25 01:48:43', '2018-04-25 19:54:46'),
(517, '2029', 'General', 'N', '12 W Panal R', 200.00, 130.00, 5, 0, 24, NULL, 29, 'pcs', 1, NULL, '2018-04-25 01:50:10', '2018-04-25 19:54:46'),
(518, '2029', 'General', 'N', '12 W Panal R', 200.00, 130.00, 0, 0, 24, NULL, 29, 'pcs', 1, NULL, '2018-04-25 01:50:10', '2018-04-25 01:50:10'),
(519, '2030', 'General', 'N', '12 W Panal SQ', 200.00, 130.00, 5, 0, 24, NULL, 29, 'pcs', 1, NULL, '2018-04-25 01:51:02', '2018-04-25 19:54:46'),
(520, '2031', 'General', 'N', '6 W Panal SQ', 150.00, 110.00, 1, 0, 24, NULL, 29, 'pcs', 1, NULL, '2018-04-25 01:52:12', '2018-04-25 19:54:46'),
(521, '2032', 'General', 'N', '6 W Panal R', 150.00, 110.00, 3, 0, 24, NULL, 29, 'pcs', 1, NULL, '2018-04-25 01:53:09', '2018-04-25 19:54:46'),
(522, '2033', 'General', 'N', '6+3 multi SQ', 450.00, 400.00, 2, 0, 24, NULL, 29, 'pcs', 1, NULL, '2018-04-25 14:54:28', '2018-04-25 19:54:46'),
(523, '2034', 'General', 'N', '12+4 W Multi R', 650.00, 450.00, 3, 0, 24, NULL, 29, 'pcs', 1, NULL, '2018-04-25 14:56:36', '2018-04-29 01:53:51'),
(524, '2035', 'General', 'N', '12+6 W Multi SQ', 650.00, 450.00, 1, 0, 24, NULL, 29, 'pcs', 1, NULL, '2018-04-25 14:58:01', '2018-04-25 19:54:46'),
(525, '2036', 'General', 'N', '3+3 Multi R', 400.00, 300.00, 10, 0, 24, NULL, 29, 'pcs', 1, NULL, '2018-04-25 14:59:29', '2018-04-25 19:54:46'),
(526, '2037', 'General', 'N', '3+3 Multi SQ', 400.00, 300.00, 1, 0, 24, NULL, 29, 'pcs', 1, NULL, '2018-04-25 15:01:13', '2018-04-25 19:54:46'),
(527, '2038', 'General', 'N', '12 W Panal + R', 600.00, 400.00, 15, 0, 24, NULL, 29, 'pcs', 1, NULL, '2018-04-25 15:04:52', '2018-04-25 19:54:46'),
(528, '2039', 'General', 'N', '12 W Panal + SQ', 600.00, 400.00, 1, 0, 24, NULL, 29, 'pcs', 1, NULL, '2018-04-25 15:05:42', '2018-04-25 19:54:46'),
(529, '2040', 'General', 'N', '100 W LED Metal EGB', 4500.00, 2500.00, 1, 0, 24, NULL, 29, 'pcs', 1, NULL, '2018-04-25 15:15:06', '2018-04-25 19:54:46'),
(530, '2041', 'General', 'N', '100 W LED Metal N', 1550.00, 1350.00, 1, 0, 24, NULL, 29, 'pcs', 1, NULL, '2018-04-25 15:16:22', '2018-04-25 19:54:46'),
(531, '2042', 'General', 'N', '100 W LED Metal GR', 5000.00, 4000.00, 1, 0, 24, NULL, 29, 'pcs', 1, NULL, '2018-04-25 15:17:39', '2018-04-25 19:54:46'),
(532, '2043', 'General', 'N', '50 W LED Metal N', 950.00, 800.00, 1, 0, 24, NULL, 29, 'pcs', 1, NULL, '2018-04-25 15:20:36', '2018-04-25 19:54:46'),
(533, '2044', 'General', 'N', '20 W LED Metal N', 750.00, 550.00, 5, 0, 24, NULL, 29, 'pcs', 1, NULL, '2018-04-25 15:23:11', '2018-04-25 19:54:46'),
(534, '2045', 'General', 'N', '10 W LED Metal N', 450.00, 350.00, 2, 0, 24, NULL, 29, 'pcs', 1, NULL, '2018-04-25 15:24:19', '2018-04-25 19:54:46'),
(535, '25', 'General', 'N', 'Bat Set', 175.00, 152.00, 12, 0, 32, NULL, 29, 'pcs', 1, NULL, '2018-04-25 15:41:12', '2018-04-25 19:54:46'),
(536, '2046', 'General', 'N', '12 W Trac Set', 1500.00, 900.00, 20, 0, 32, NULL, 23, 'pcs', 1, NULL, '2018-04-25 15:58:02', '2018-04-25 19:54:46'),
(537, '2047', 'General', 'N', '3 W Trac Set', 650.00, 450.00, 1, 0, 32, NULL, 23, 'pcs', 1, NULL, '2018-04-25 15:59:03', '2018-04-25 19:54:46'),
(538, '2048', 'General', 'N', '30 W Trac Set', 2150.00, 1250.00, 1, 0, 32, NULL, 23, 'pcs', 1, NULL, '2018-04-25 16:00:00', '2018-04-25 19:54:46'),
(539, '2049', 'General', 'N', '7 W Trac Set', 900.00, 600.00, 2, 0, 32, NULL, 23, 'pcs', 1, NULL, '2018-04-25 16:01:52', '2018-04-25 19:54:46'),
(540, '21', 'General', 'N', 'Soccer Shade', 170.00, 145.00, 21, 0, 32, NULL, 29, 'pcs', 1, NULL, '2018-04-25 17:12:35', '2018-04-25 19:54:46'),
(541, '22', 'General', 'N', 'Security Shade', 290.00, 220.00, 6, 0, 32, NULL, 29, 'pcs', 1, NULL, '2018-04-25 17:14:32', '2018-04-25 19:54:46'),
(542, '19', 'General', 'N', 'Soccer Shade', 200.00, 130.00, 15, 0, 32, NULL, 29, 'pcs', 1, NULL, '2018-04-25 17:20:40', '2018-04-25 19:54:46'),
(543, '20', 'General', 'N', 'Soccer Shade', 380.00, 200.00, 9, 0, 32, NULL, 29, 'pcs', 1, NULL, '2018-04-25 17:21:55', '2018-04-25 19:54:46'),
(544, '18', 'General', 'N', 'Soccer Shade', 450.00, 210.00, 8, 0, 32, NULL, 29, 'pcs', 1, NULL, '2018-04-25 17:24:26', '2018-04-25 19:54:46'),
(545, '24', 'General', 'N', 'Security Shade', 450.00, 203.00, 10, 0, 32, NULL, 29, 'pcs', 1, NULL, '2018-04-25 17:28:37', '2018-04-25 19:54:46'),
(546, '26', 'General', 'N', 'Security Shade', 120.00, 85.00, 7, 0, 32, NULL, 29, 'pcs', 1, NULL, '2018-04-25 17:54:29', '2018-04-25 19:54:46'),
(547, '27', 'General', 'N', 'Security Shade', 200.00, 170.00, 7, 0, 32, NULL, 29, 'pcs', 1, NULL, '2018-04-25 18:00:20', '2018-04-25 19:54:46'),
(548, '28', 'General', 'N', 'Bath Shade', 120.00, 85.00, 14, 0, 32, NULL, 29, 'pcs', 1, NULL, '2018-04-25 18:02:20', '2018-04-25 19:54:46'),
(549, '29', 'General', 'N', 'Security Shade', 280.00, 210.00, 16, 0, 32, NULL, 29, 'pcs', 1, NULL, '2018-04-25 18:07:05', '2018-04-25 19:54:46'),
(550, '30', 'General', 'N', 'Bath Shade', 250.00, 95.00, 8, 0, 32, NULL, 29, 'pcs', 1, NULL, '2018-04-25 18:09:51', '2018-04-25 19:54:46'),
(551, '31', 'General', 'N', '105w Energy Saveing Shade', 1650.00, 1150.00, 9, 0, 32, NULL, 29, 'pcs', 1, NULL, '2018-04-25 18:27:17', '2018-04-25 19:54:46'),
(552, '225', 'General', 'N', '30w Energy Saveing Shade', 500.00, 285.00, 21, 0, 32, NULL, 29, 'pcs', 1, NULL, '2018-04-25 18:29:06', '2018-04-25 19:54:46'),
(553, '226', 'General', 'N', '65w Energy Saveing Shade', 550.00, 370.00, 5, 0, 32, NULL, 29, 'pcs', 1, NULL, '2018-04-25 18:32:13', '2018-04-25 19:54:46'),
(554, '2050', 'General', 'N', 'Cilling Soccer', 350.00, 210.00, 15, 0, 32, NULL, 29, 'pcs', 1, NULL, '2018-04-25 18:40:41', '2018-04-25 19:54:46'),
(555, '2051', 'General', 'N', 'Cilling Soccer', 450.00, 250.00, 14, 0, 32, NULL, 29, 'pcs', 1, NULL, '2018-04-25 18:41:18', '2018-04-25 19:54:46'),
(556, '2052', 'General', 'N', '500w Hellogen', 450.00, 350.00, 11, 0, 32, NULL, 29, 'pcs', 1, NULL, '2018-04-25 18:49:17', '2018-04-25 19:54:46'),
(557, '2053', 'General', 'N', 'Bath Shade', 120.00, 85.00, 3, 0, 32, NULL, 29, 'pcs', 1, NULL, '2018-04-25 18:50:52', '2018-04-25 19:54:46'),
(558, '2054', 'General', 'N', 'Bath Shade', 220.00, 150.00, 1, 0, 32, NULL, 29, 'pcs', 1, NULL, '2018-04-25 19:32:42', '2018-04-25 19:54:46'),
(559, '100w  Panel Poly', 'General', 'N', '100w Solar Panel', 6500.00, 3700.00, 1, 0, 33, NULL, 19, 'pcs', 1, NULL, '2018-04-25 22:10:51', '2018-04-26 01:11:24'),
(560, '50w Panel Poly', 'General', 'N', '50w Solar Panel', 3250.00, 1850.00, 3, 0, 33, NULL, 19, 'pcs', 1, NULL, '2018-04-25 22:12:36', '2018-04-26 01:11:24'),
(561, '150w Panel poly', 'General', 'N', '150w  Solar Panel', 9750.00, 5550.00, 1, 0, 33, NULL, 19, 'pcs', 1, NULL, '2018-04-25 22:49:29', '2018-04-26 00:56:45'),
(562, '60w Panel Poly', 'General', 'N', '60w Solar Panel', 3900.00, 2220.00, 7, 0, 33, NULL, 19, 'pcs', 1, NULL, '2018-04-25 22:51:33', '2018-04-26 00:56:45'),
(563, '30w Panel Mono', 'General', 'N', '30w Solar Panel', 2100.00, 1260.00, 1, 0, 33, NULL, 19, 'pcs', 1, NULL, '2018-04-25 22:53:51', '2018-04-26 00:56:45'),
(564, '150w Panel Mono', 'General', 'N', '150w  Solar Panel', 10500.00, 6300.00, 1, 0, 33, NULL, 19, 'pcs', 1, NULL, '2018-04-25 22:55:57', '2018-04-26 00:56:45'),
(565, '20w Panel Poly', 'General', 'N', '20w Solar Panel', 1300.00, 740.00, 0, 0, 33, NULL, 19, 'pcs', 1, NULL, '2018-04-25 22:58:31', '2018-04-25 22:58:31'),
(566, 'Oralco C/C', 'General', 'N', 'Oralco Contoler', 750.00, 460.00, 115, 0, 33, NULL, 30, 'pcs', 1, NULL, '2018-04-25 23:05:40', '2018-04-26 01:11:24'),
(567, 'Structure', 'General', 'N', 'Panel Structure', 150.00, 43.00, -3, 0, 33, NULL, 19, 'pcs', 1, NULL, '2018-04-25 23:35:53', '2018-04-26 01:11:24'),
(568, 'T-5 Dc', 'General', 'N', 'T-5', 60.00, 43.00, 0, 0, 33, NULL, 19, 'pcs', 1, NULL, '2018-04-25 23:37:23', '2018-04-25 23:37:23'),
(569, 'Battary Cable', 'General', 'N', 'B, Cable', 150.00, 65.00, -1, 0, 33, NULL, 19, 'pcs', 1, NULL, '2018-04-25 23:38:43', '2018-04-26 01:11:24'),
(570, 'Mx 6516e', 'General', 'N', '16" Dc Fan', 2250.00, 1600.00, -3, 0, 35, NULL, 31, 'pcs', 1, NULL, '2018-04-25 23:46:44', '2018-04-26 01:11:24'),
(571, '23/76 Cable', 'Wire', 'N', '23/76', 6.00, 2.50, 0, 0, 36, NULL, 19, 'pcs', 1, NULL, '2018-04-25 23:56:39', '2018-04-25 23:56:39'),
(572, '23/76 Cable', 'General', 'N', '23/76', 6.00, 2.50, 0, 0, 36, NULL, 19, 'ft', 1, NULL, '2018-04-25 23:58:40', '2018-04-25 23:59:10'),
(573, '40/76 Cable', 'General', 'N', '40/76', 10.00, 7.00, -300, 0, 36, NULL, 19, 'ft', 1, NULL, '2018-04-26 00:00:30', '2018-04-26 01:11:24'),
(574, '70/76 Cable', 'General', 'N', '70/76', 12.00, 6.00, -100, 0, 36, NULL, 19, 'ft', 1, NULL, '2018-04-26 00:01:47', '2018-04-26 01:11:24'),
(575, 'Tesa Tape', 'General', 'N', 'Tape', 25.00, 18.25, 7, 0, 37, NULL, 32, 'pcs', 1, NULL, '2018-04-26 00:07:52', '2018-04-28 17:17:41'),
(576, 'Cable Clip', 'General', 'N', 'C. Clip', 45.00, 25.00, -3, 0, 37, NULL, 32, 'pcs', 1, NULL, '2018-04-26 00:09:17', '2018-04-26 01:11:24'),
(577, 'Mobail Charger', 'General', 'N', 'Ac Mobail Charger', 350.00, 215.00, -1, 0, 33, NULL, 16, 'pcs', 1, NULL, '2018-04-26 00:43:39', '2018-04-26 01:11:24'),
(578, 'Soler Switch', 'General', 'N', 'Soler Switch', 45.00, 28.00, -10, 0, 33, NULL, 19, 'pcs', 1, NULL, '2018-04-26 01:03:48', '2018-04-26 01:11:24'),
(579, 'Soler Dim Light', 'General', 'N', 'Dim Light', 30.00, 25.00, 0, 0, 17, NULL, 19, 'pcs', 1, NULL, '2018-04-26 01:18:50', '2018-04-26 01:21:46'),
(580, '6" Ex Fan pvc', 'General', 'N', '6" Pvc Ex Fan', 530.00, 470.00, 0, 0, 32, NULL, 22, 'pcs', 1, NULL, '2018-04-26 14:41:45', '2018-04-26 14:44:53'),
(581, '8" Ex Fan pvc', 'General', 'N', '8" pvc Ex Fan', 540.00, 480.00, 0, 0, 32, NULL, 22, 'pcs', 1, NULL, '2018-04-26 14:43:54', '2018-04-26 14:43:54'),
(582, '10" Ex Fan pvc', 'General', 'N', '10" Pvc Ex Fan', 630.00, 550.00, 1, 0, 32, NULL, 22, 'pcs', 1, NULL, '2018-04-26 14:48:15', '2018-04-26 18:34:09'),
(583, '12" Ex Fan pvc', 'General', 'N', '12" Pvc Ex Fan', 750.00, 650.00, 18, 0, 32, NULL, 22, 'pcs', 1, NULL, '2018-04-26 14:50:26', '2018-04-26 18:34:09'),
(584, '8" Ex Fan Stl', 'General', 'N', '8" Stl Ex Fan', 850.00, 700.00, 0, 0, 32, NULL, 22, 'pcs', 1, NULL, '2018-04-26 14:52:54', '2018-04-26 14:52:54'),
(585, '10" Ex Fan Stl', 'General', 'N', '10" Stl Ex Fan', 950.00, 800.00, 2, 0, 32, NULL, 29, 'pcs', 1, NULL, '2018-04-26 14:54:35', '2018-04-26 18:34:09'),
(586, '12" Ex Fan Stl', 'General', 'N', '12" Stl Ex Fan', 1050.00, 900.00, 0, 0, 32, NULL, 29, 'pcs', 1, NULL, '2018-04-26 14:55:51', '2018-04-26 14:55:51'),
(587, '14" Ex Fan Stl', 'General', 'N', '14" Stl Ex Fan', 1350.00, 1170.00, 9, 0, 32, NULL, 22, 'pcs', 1, NULL, '2018-04-26 14:57:46', '2018-04-27 00:11:59'),
(588, '270', 'General', 'N', '2 Way Bath Shade', 550.00, 290.00, 3, 0, 32, NULL, 29, 'pcs', 1, NULL, '2018-04-26 15:20:56', '2018-04-26 19:12:12'),
(589, '228', 'General', 'N', '2 Way Bath Shade', 680.00, 270.00, 22, 0, 32, NULL, 29, 'pcs', 1, NULL, '2018-04-26 15:23:31', '2018-04-26 19:12:12'),
(590, '278', 'General', 'N', 'Braket Single', 1590.00, 750.00, 10, 0, 32, NULL, 29, 'pcs', 1, NULL, '2018-04-26 15:28:56', '2018-04-26 19:12:12'),
(591, '533', 'General', 'N', '12w Track light', 1480.00, 1153.00, 1, 0, 32, NULL, 29, 'pcs', 1, NULL, '2018-04-26 15:36:35', '2018-04-26 19:12:12'),
(592, '745', 'General', 'N', 'Braket Single', 3500.00, 2200.00, 2, 0, 32, NULL, 29, 'pcs', 1, NULL, '2018-04-26 15:38:21', '2018-04-26 19:12:12'),
(593, '622', 'General', 'N', 'Braket Single', 1300.00, 1080.00, 2, 0, 32, NULL, 29, 'pcs', 1, NULL, '2018-04-26 15:41:58', '2018-04-26 19:12:12'),
(594, '230', 'General', 'N', '2w Braket', 1250.00, 750.00, 5, 0, 32, NULL, 29, 'pcs', 1, NULL, '2018-04-26 15:43:55', '2018-04-26 19:12:12'),
(595, '402', 'General', 'N', 'Bath Shade', 1350.00, 950.00, 1, 0, 32, NULL, 29, 'pcs', 1, NULL, '2018-04-26 15:45:58', '2018-04-26 19:12:12'),
(596, '362', 'General', 'N', 'Braket Single', 1050.00, 605.00, 2, 0, 32, NULL, 29, 'pcs', 1, NULL, '2018-04-26 15:47:30', '2018-04-26 19:12:12'),
(597, '355', 'General', 'N', 'Braket Single', 1850.00, 1005.00, 1, 0, 32, NULL, 29, 'pcs', 1, NULL, '2018-04-26 15:50:56', '2018-04-26 19:12:12'),
(598, '433', 'General', 'N', '2w Braket', 2250.00, 1700.00, 6, 0, 32, NULL, 29, 'pcs', 1, NULL, '2018-04-26 15:53:01', '2018-04-26 19:12:12'),
(599, '290', 'General', 'N', '2w Braket', 2250.00, 1700.00, 0, 0, 32, NULL, 29, 'pcs', 1, NULL, '2018-04-26 15:54:34', '2018-04-26 15:54:34'),
(600, '15A Main Switch', 'General', 'N', '15A Main Switch N', 300.00, 270.00, 53, 0, 32, NULL, 8, 'pcs', 1, NULL, '2018-04-26 15:59:18', '2018-04-26 23:52:02'),
(601, '30A Main Switch', 'General', 'N', '30A Main Switch N', 750.00, 705.00, 10, 0, 32, NULL, 8, 'pcs', 1, NULL, '2018-04-26 16:03:19', '2018-04-26 23:52:02'),
(602, '15A Main Switch Ex', 'General', 'N', '15A Main Switch Ex', 580.00, 522.00, 5, 0, 32, NULL, 8, 'pcs', 1, NULL, '2018-04-26 16:22:08', '2018-04-26 23:52:02'),
(603, '30A Main Switch Ex', 'General', 'N', '30A Main Switch Ex', 1300.00, 1170.00, 5, 0, 32, NULL, 8, 'pcs', 1, NULL, '2018-04-26 16:23:30', '2018-04-26 23:52:02'),
(604, '60A Main Switch', 'General', 'N', '60A Dp Main Switch', 2600.00, 2340.00, 2, 0, 32, NULL, 8, 'pcs', 1, NULL, '2018-04-26 16:29:24', '2018-04-26 23:52:02'),
(605, '30A Dp Change Over', 'General', 'N', '30A Dp Change Over', 1230.00, 1107.00, 2, 0, 32, NULL, 8, 'pcs', 1, NULL, '2018-04-26 16:32:17', '2018-04-26 23:52:02'),
(606, '60A Tp Main Switch', 'General', 'N', '60A Tp Main Switch', 2950.00, 2655.00, 1, 0, 32, NULL, 8, 'pcs', 1, NULL, '2018-04-26 16:34:53', '2018-04-26 23:52:02'),
(607, '30A Cat Out', 'General', 'N', '30A Cat Out', 105.00, 90.00, 11, 0, 32, NULL, 8, 'pcs', 1, NULL, '2018-04-26 16:45:28', '2018-04-26 23:52:02'),
(608, '60A Cat Out', 'General', 'N', '60A Cat Out', 225.00, 192.00, 7, 0, 32, NULL, 8, 'pcs', 1, NULL, '2018-04-26 16:47:01', '2018-04-26 23:52:02'),
(609, '100A Cat Out', 'General', 'N', '100A Cat Out', 325.00, 276.50, 4, 0, 32, NULL, 8, 'pcs', 1, NULL, '2018-04-26 16:48:45', '2018-04-26 23:52:02'),
(610, '50w Led Mashroum', 'General', 'N', '50w Mashroum', 1250.00, 1000.00, 1, 0, 38, NULL, 8, 'pcs', 1, NULL, '2018-04-26 16:53:36', '2018-04-26 23:52:02'),
(611, '70w Led Mashroum', 'General', 'N', '70w Mashroum', 1750.00, 1400.00, 2, 0, 38, NULL, 8, 'pcs', 1, NULL, '2018-04-26 16:55:09', '2018-04-26 23:52:02'),
(612, '65w Energy Bulb', 'General', 'N', '65w Energy', 715.00, 572.00, 2, 0, 39, NULL, 8, 'pcs', 1, NULL, '2018-04-26 16:58:48', '2018-04-26 23:52:02'),
(613, '85w Energy Bulb', 'General', 'N', '85w Energy Bulb', 910.00, 728.00, 3, 0, 39, NULL, 8, 'pcs', 1, NULL, '2018-04-26 17:00:04', '2018-04-26 23:52:02'),
(614, '105w Energy Bulb', 'General', 'N', '105w Energy Bulb', 1030.00, 824.00, 2, 0, 39, NULL, 8, 'pcs', 1, NULL, '2018-04-26 17:01:31', '2018-04-26 23:52:02'),
(615, '11w Energy Bulb', 'General', 'N', '11w Energy Bulb', 165.00, 132.00, 64, 0, 39, NULL, 8, 'pcs', 1, NULL, '2018-04-26 17:03:20', '2018-04-26 23:52:02'),
(616, '15w Energy Bulb', 'General', 'N', '15w Energy Bulb', 180.00, 144.00, 44, 0, 39, NULL, 8, 'pcs', 1, NULL, '2018-04-26 17:04:42', '2018-04-26 23:52:02'),
(617, '20w Energy Bulb', 'General', 'N', '20w Energy Bulb', 205.00, 164.00, 62, 0, 39, NULL, 8, 'pcs', 1, NULL, '2018-04-26 17:07:34', '2018-04-26 23:52:02'),
(618, '26w Energy Bulb', 'General', 'N', '26w Energy Bulb', 215.00, 172.00, 64, 0, 39, NULL, 8, 'pcs', 1, NULL, '2018-04-26 17:11:17', '2018-04-26 23:52:02'),
(619, '33w Energy Bulb', 'General', 'N', '33w Energy Bulb', 225.00, 180.00, 46, 0, 39, NULL, 8, 'pcs', 1, NULL, '2018-04-26 17:12:28', '2018-04-26 23:52:02'),
(620, '6" Globe Color', 'General', 'N', '6" Globe Color', 280.00, 240.00, 0, 0, 39, NULL, 8, 'pcs', 1, NULL, '2018-04-26 17:17:48', '2018-04-26 17:17:48'),
(621, '8" Globe Color', 'General', 'N', '8" Globe Color', 380.00, 320.00, 0, 0, 39, NULL, 8, 'pcs', 1, NULL, '2018-04-26 17:19:07', '2018-04-26 17:22:07'),
(622, '8" Globe White', 'General', 'N', '8" Globe White', 300.00, 260.00, 0, 0, 39, NULL, 8, 'pcs', 1, NULL, '2018-04-26 17:21:35', '2018-04-26 17:21:35'),
(623, '56" Suprim Fan', 'General', 'N', 'Prodip 56" Suprim Fan', 1550.00, 1420.00, 0, 0, 26, NULL, 8, 'pcs', 1, NULL, '2018-04-26 17:46:51', '2018-04-26 17:46:51'),
(624, '56" Nabil Gold Fan', 'General', 'N', 'Prodip 56" Nabil Gold Fan', 1850.00, 1580.00, 0, 0, 26, NULL, 8, 'pcs', 1, NULL, '2018-04-26 17:48:17', '2018-04-26 17:50:03'),
(625, '10" Globe White', 'General', 'N', '10" Globe White', 400.00, 360.00, 0, 0, 32, NULL, 8, 'pcs', 1, NULL, '2018-04-26 17:57:40', '2018-04-26 17:57:40'),
(626, '10" Globe Color', 'General', 'N', '10" Globe Color', 480.00, 420.00, 0, 0, 32, NULL, 8, 'pcs', 1, NULL, '2018-04-26 17:58:51', '2018-04-26 17:58:51'),
(627, 'Mx 08', 'General', 'N', '8" Car Fan', 520.00, 460.00, 3, 0, 33, NULL, 31, 'pcs', 1, NULL, '2018-04-26 18:13:42', '2018-04-26 22:22:04'),
(628, 'Mx 8T', 'General', 'N', '8"T Car Fan', 550.00, 490.00, 43, 0, 33, NULL, 31, 'pcs', 1, NULL, '2018-04-26 18:17:00', '2018-04-26 22:22:04'),
(629, 'Mx 29220D', 'General', 'N', 'Mx 2922D Soler Fan', 1250.00, 1100.00, 10, 0, 33, NULL, 31, 'pcs', 1, NULL, '2018-04-26 18:20:09', '2018-04-26 22:22:04'),
(630, 'Mx 29120D', 'General', 'N', 'Mx 2912D Soler Fan', 1250.00, 1100.00, 42, 0, 33, NULL, 31, 'pcs', 1, NULL, '2018-04-26 18:21:40', '2018-04-26 22:22:04'),
(632, 'Mx 1023', 'General', 'N', 'Mx 1023 Soler Fan', 1250.00, 990.00, 0, 0, 33, NULL, 31, 'pcs', 1, NULL, '2018-04-26 18:25:39', '2018-04-26 18:25:39'),
(633, '2055', 'General', 'N', 'Dorbell E Pac', 450.00, 350.00, 17, 0, 32, NULL, 29, 'pcs', 1, NULL, '2018-04-26 18:37:10', '2018-04-26 19:12:12'),
(634, 'Globe Tape', 'General', 'N', 'Globe Pvc Tape', 15.50, 12.90, 84, 0, 37, NULL, 29, 'pcs', 1, NULL, '2018-04-26 18:50:05', '2018-04-26 19:12:12'),
(635, 'Mx 1024', 'General', 'N', 'Mx 1024 A/D Fan', 1350.00, 1650.00, 0, 0, 33, NULL, 31, 'pcs', 1, NULL, '2018-04-26 20:56:29', '2018-04-26 20:56:29'),
(636, 'KL 14', 'General', 'N', '14" Cherger Fan', 3450.00, 2930.00, 2, 0, 40, NULL, 31, 'pcs', 1, NULL, '2018-04-26 21:00:35', '2018-04-26 22:22:04'),
(637, 'KL 2917D', 'General', 'N', '16" Cherger Fan', 2850.00, 2480.00, 1, 0, 40, NULL, 31, 'pcs', 1, NULL, '2018-04-26 21:02:38', '2018-04-26 22:22:04'),
(638, 'KL 2917', 'General', 'N', '16" Cherger Fan', 2800.00, 2400.00, 1, 0, 40, NULL, 31, 'pcs', 1, NULL, '2018-04-26 21:04:48', '2018-04-26 22:22:04'),
(639, 'Sf 2388', 'General', 'N', '16" Cherger Fan', 2850.00, 2425.00, 4, 0, 40, NULL, 31, 'pcs', 1, NULL, '2018-04-26 21:07:06', '2018-04-26 22:22:04'),
(640, 'Sf 2389', 'General', 'N', '16" Cherger Fan', 3200.00, 2775.00, 0, 0, 40, NULL, 31, 'pcs', 1, NULL, '2018-04-26 21:08:17', '2018-04-26 21:08:17'),
(641, 'Sf 2389R', 'General', 'N', '16" Cherger Fan Rimot', 3400.00, 2880.00, 3, 0, 40, NULL, 31, 'pcs', 1, NULL, '2018-04-26 21:09:49', '2018-04-26 22:22:04'),
(642, 'KL 2914', 'General', 'N', '14" Cherger Fan', 2450.00, 2220.00, 3, 0, 40, NULL, 31, 'pcs', 1, NULL, '2018-04-26 21:12:19', '2018-04-26 22:22:04'),
(643, 'KL 2399', 'General', 'N', '14" Cherger Fan', 2480.00, 2220.00, 1, 0, 40, NULL, 31, 'pcs', 1, NULL, '2018-04-26 21:13:24', '2018-04-26 22:22:04'),
(644, 'Mx 3927', 'General', 'N', '16" Stand Fan', 2200.00, 1620.00, 1, 0, 35, NULL, 31, 'pcs', 1, NULL, '2018-04-26 21:40:29', '2018-04-26 22:22:04'),
(645, 'Mx 3926Hd', 'General', 'N', '16" Stand Fan', 2200.00, 1630.00, 2, 0, 40, NULL, 31, 'pcs', 1, NULL, '2018-04-26 21:52:34', '2018-04-26 22:22:04'),
(646, 'Mx 12', 'General', 'N', 'Mx 12" Car Fan', 750.00, 520.00, 12, 0, 33, NULL, 31, 'pcs', 1, NULL, '2018-04-26 21:58:36', '2018-04-26 22:22:04'),
(647, 'Mx 10', 'General', 'N', '10" Car Fan', 650.00, 500.00, 37, 0, 33, NULL, 31, 'pcs', 1, NULL, '2018-04-26 22:00:23', '2018-04-26 22:22:04'),
(648, 'Mx 1026', 'General', 'N', '16" Table Fan', 1450.00, 1220.00, 4, 0, 33, NULL, 31, 'pcs', 1, NULL, '2018-04-26 22:11:37', '2018-04-26 22:22:04'),
(649, '274', 'General', 'N', 'Braket 2Way', 1250.00, 750.00, 7, 0, 32, NULL, 29, 'pcs', 1, NULL, '2018-04-28 15:37:23', '2018-04-28 18:55:11'),
(650, '364', 'General', 'N', 'Braket Single', 1270.00, 805.00, 4, 0, 32, NULL, 29, 'pcs', 1, NULL, '2018-04-28 15:39:04', '2018-04-28 18:55:11'),
(651, '277', 'General', 'N', 'Braket 2Way', 1670.00, 1250.00, 12, 0, 32, NULL, 29, 'pcs', 1, NULL, '2018-04-28 15:40:32', '2018-04-28 18:55:11'),
(652, '1gan Mk Board Pvc', 'General', 'N', '1gan Mk Board Pvc', 25.00, 17.50, -6, 0, 32, NULL, 29, 'pcs', 1, NULL, '2018-04-28 16:44:26', '2018-04-28 17:17:41'),
(653, '2gan Mk Board Pvc', 'General', 'N', '2gan Mk Board Pvc', 50.00, 35.00, -4, 0, 32, NULL, 29, 'pcs', 1, NULL, '2018-04-28 16:45:32', '2018-04-28 17:17:41'),
(654, '3gan Mk Board Pvc', 'General', 'N', '3gan Mk Board Pvc', 75.00, 50.00, -2, 0, 32, NULL, 29, 'pcs', 1, NULL, '2018-04-28 16:46:44', '2018-04-28 17:17:41'),
(655, 'Ceta Set 1''', 'General', 'N', '1'' Ceta Set', 250.00, 200.00, -3, 0, 32, NULL, 23, 'pcs', 1, NULL, '2018-04-28 16:49:47', '2018-04-28 17:17:41'),
(656, '1" Canel', 'General', 'N', '1" Canel', 30.00, 24.00, -10, 0, 32, NULL, 29, 'pcs', 1, NULL, '2018-04-28 16:51:32', '2018-04-28 17:17:41'),
(657, 'Dril Bit', 'General', 'N', 'Dril Bit', 30.00, 25.00, -1, 0, 32, NULL, 29, 'pcs', 1, NULL, '2018-04-28 16:52:47', '2018-04-28 17:17:41'),
(658, '1" Star Scrow', 'General', 'N', '1" Star Scrow', 10.00, 6.00, -12, 0, 32, NULL, 29, 'pcs', 1, NULL, '2018-04-28 17:02:52', '2018-04-28 17:17:41'),
(659, '746', 'General', 'N', 'Braket 2Way', 2500.00, 1500.00, 2, 0, 32, NULL, 29, 'pcs', 1, NULL, '2018-04-28 18:40:28', '2018-04-28 18:55:11'),
(660, '418', 'General', 'N', 'Cilling Soccer', 1980.00, 1625.00, 2, 0, 32, NULL, 29, 'pcs', 1, NULL, '2018-04-28 18:42:22', '2018-04-28 18:55:11'),
(661, '359', 'General', 'N', 'Braket 2Way', 970.00, 535.00, 3, 0, 32, NULL, 29, 'pcs', 1, NULL, '2018-04-28 18:43:41', '2018-04-28 18:55:11'),
(662, '360', 'General', 'N', 'Braket 2Way', 750.00, 280.00, 1, 0, 32, NULL, 29, 'pcs', 1, NULL, '2018-04-28 18:44:39', '2018-04-28 18:55:11'),
(663, '363', 'General', 'N', 'Braket 2Way', 1080.00, 650.00, 1, 0, 32, NULL, 29, 'pcs', 1, NULL, '2018-04-28 18:45:38', '2018-04-28 18:55:11'),
(664, '361', 'General', 'N', 'Braket 2Way', 1350.00, 980.00, 3, 0, 32, NULL, 29, 'pcs', 1, NULL, '2018-04-28 18:46:38', '2018-04-28 18:55:11'),
(665, '2057', 'General', 'N', 'Bath Shade', 350.00, 240.00, 20, 0, 32, NULL, 29, 'pcs', 1, NULL, '2018-04-28 18:48:05', '2018-04-28 18:55:11'),
(666, '2058', 'General', 'N', 'Bath Shade', 450.00, 330.00, 10, 0, 32, NULL, 29, 'pcs', 1, NULL, '2018-04-28 18:48:53', '2018-04-28 18:55:11'),
(667, '2921', 'General', 'N', 'Braket 2Way', 1350.00, 980.00, 1, 0, 32, NULL, 29, 'pcs', 1, NULL, '2018-04-28 18:50:06', '2018-04-28 18:55:11'),
(668, '743', 'General', 'N', 'Braket 2Way', 1350.00, 950.00, 2, 0, 32, NULL, 29, 'pcs', 1, NULL, '2018-04-28 19:17:54', '2018-04-28 20:00:15'),
(669, '744', 'General', 'N', 'Braket 2Way', 3500.00, 2200.00, 2, 0, 32, NULL, 29, 'pcs', 1, NULL, '2018-04-28 19:19:23', '2018-04-28 20:00:15'),
(670, '356', 'General', 'N', 'Braket 2Way', 1450.00, 985.00, 7, 0, 32, NULL, 29, 'pcs', 1, NULL, '2018-04-28 19:20:43', '2018-04-28 20:00:15'),
(671, '358', 'General', 'N', 'Braket 2Way', 1750.00, 1375.00, 5, 0, 32, NULL, 29, 'pcs', 1, NULL, '2018-04-28 19:22:57', '2018-04-28 20:00:15'),
(672, '239', 'General', 'N', 'Braket Single', 3000.00, 2000.00, 4, 0, 32, NULL, 29, 'pcs', 1, NULL, '2018-04-28 19:34:16', '2018-04-28 20:00:15'),
(673, '300', 'General', 'N', 'Braket Single', 1450.00, 1000.00, 1, 0, 32, NULL, 29, 'pcs', 1, NULL, '2018-04-28 19:35:17', '2018-04-28 20:00:15'),
(674, '223', 'General', 'N', '3p Bath Shade', 2500.00, 1800.00, 2, 0, 32, NULL, 29, 'pcs', 1, NULL, '2018-04-28 19:37:36', '2018-04-28 20:00:15'),
(675, '357', 'General', 'N', 'Braket Single', 1050.00, 720.00, 9, 0, 32, NULL, 29, 'pcs', 1, NULL, '2018-04-28 19:39:37', '2018-04-28 20:00:15'),
(676, '224', 'General', 'N', 'Bassin Set', 1650.00, 1200.00, 1, 0, 32, NULL, 29, 'pcs', 1, NULL, '2018-04-28 19:41:17', '2018-04-28 20:00:15'),
(677, '299', 'General', 'N', 'Bassin Set', 1650.00, 1355.00, 1, 0, 32, NULL, 29, 'pcs', 1, NULL, '2018-04-28 19:42:24', '2018-04-28 20:00:15'),
(678, '291', 'General', 'N', 'Braket 2Way', 1580.00, 900.00, 8, 0, 32, NULL, 29, 'pcs', 1, NULL, '2018-04-28 19:43:49', '2018-04-28 20:00:15'),
(679, '292', 'General', 'N', 'Braket Single', 1000.00, 500.00, 1, 0, 32, NULL, 29, 'pcs', 1, NULL, '2018-04-28 19:46:07', '2018-04-28 20:00:15'),
(680, '273', 'General', 'N', 'Braket 2Way', 870.00, 430.00, 5, 0, 32, NULL, 29, 'pcs', 1, NULL, '2018-04-28 19:47:10', '2018-04-28 20:00:15'),
(681, '762', 'General', 'N', 'Braket Single', 1200.00, 1000.00, 1, 0, 32, NULL, 29, 'pcs', 1, NULL, '2018-04-28 19:48:28', '2018-04-28 20:00:15'),
(682, '422', 'General', 'N', 'Braket Led', 1550.00, 1105.00, 3, 0, 32, NULL, 29, 'pcs', 1, NULL, '2018-04-28 19:50:25', '2018-04-28 20:00:15'),
(683, '4'' Led Tube', 'General', 'N', '4'' led Tube', 450.00, 300.00, 0, 0, 32, NULL, 29, 'pcs', 1, NULL, '2018-04-28 23:10:44', '2018-04-28 23:18:00');

-- --------------------------------------------------------

--
-- Table structure for table `product_book`
--

CREATE TABLE IF NOT EXISTS `product_book` (
  `productBookID` int(10) unsigned NOT NULL AUTO_INCREMENT,
  `productID` int(10) unsigned DEFAULT NULL,
  `qtyIn` int(11) DEFAULT '0',
  `qtyOut` int(11) DEFAULT '0',
  `userID` int(10) unsigned DEFAULT NULL,
  `deleted_at` timestamp NULL DEFAULT NULL,
  `created_at` timestamp NULL DEFAULT NULL,
  `updated_at` timestamp NULL DEFAULT NULL,
  PRIMARY KEY (`productBookID`),
  KEY `product_book_productid_index` (`productID`),
  KEY `product_book_userid_index` (`userID`)
) ENGINE=InnoDB  DEFAULT CHARSET=utf8mb4 COLLATE=utf8mb4_unicode_ci AUTO_INCREMENT=596 ;

--
-- Dumping data for table `product_book`
--

INSERT INTO `product_book` (`productBookID`, `productID`, `qtyIn`, `qtyOut`, `userID`, `deleted_at`, `created_at`, `updated_at`) VALUES
(1, 285, 16, 0, NULL, NULL, '2018-04-09 14:54:20', '2018-04-09 14:54:20'),
(2, 286, 12, 0, NULL, NULL, '2018-04-09 14:54:20', '2018-04-09 14:54:20'),
(3, 287, 20, 0, NULL, NULL, '2018-04-09 14:54:20', '2018-04-09 14:54:20'),
(4, 289, 6, 0, NULL, NULL, '2018-04-09 14:54:20', '2018-04-09 14:54:20'),
(5, 290, 21, 0, NULL, NULL, '2018-04-09 14:54:20', '2018-04-09 14:54:20'),
(6, 291, 21, 0, NULL, NULL, '2018-04-09 14:54:20', '2018-04-09 14:54:20'),
(7, 292, 13, 0, NULL, NULL, '2018-04-09 14:54:20', '2018-04-09 14:54:20'),
(8, 293, 10, 0, NULL, NULL, '2018-04-09 14:54:20', '2018-04-09 14:54:20'),
(9, 297, 29, 0, NULL, NULL, '2018-04-09 14:54:20', '2018-04-09 14:54:20'),
(10, 298, 17, 0, NULL, NULL, '2018-04-09 14:54:20', '2018-04-09 14:54:20'),
(11, 300, 18, 0, NULL, NULL, '2018-04-09 14:54:20', '2018-04-09 14:54:20'),
(12, 301, 23, 0, NULL, NULL, '2018-04-09 14:54:20', '2018-04-09 14:54:20'),
(13, 302, 7, 0, NULL, NULL, '2018-04-09 14:54:20', '2018-04-09 14:54:20'),
(14, 304, 7, 0, NULL, NULL, '2018-04-09 14:54:20', '2018-04-09 14:54:20'),
(15, 305, 4, 0, NULL, NULL, '2018-04-09 14:54:20', '2018-04-09 14:54:20'),
(16, NULL, 30, 0, NULL, NULL, '2018-04-09 14:54:20', '2018-04-09 14:54:20'),
(17, NULL, 22, 0, NULL, NULL, '2018-04-10 17:21:23', '2018-04-10 17:21:23'),
(18, NULL, 28, 0, NULL, NULL, '2018-04-10 17:21:23', '2018-04-10 17:21:23'),
(19, NULL, 43, 0, NULL, NULL, '2018-04-10 17:21:23', '2018-04-10 17:21:23'),
(20, NULL, 33, 0, NULL, NULL, '2018-04-10 17:21:23', '2018-04-10 17:21:23'),
(21, NULL, 56, 0, NULL, NULL, '2018-04-10 17:21:23', '2018-04-10 17:21:23'),
(22, NULL, 42, 0, NULL, NULL, '2018-04-10 17:21:23', '2018-04-10 17:21:23'),
(23, NULL, 18, 0, NULL, NULL, '2018-04-10 17:21:23', '2018-04-10 17:21:23'),
(24, NULL, 51, 0, NULL, NULL, '2018-04-10 17:21:23', '2018-04-10 17:21:23'),
(25, NULL, 19, 0, NULL, NULL, '2018-04-10 17:21:23', '2018-04-10 17:21:23'),
(26, 316, 41, 0, NULL, NULL, '2018-04-10 17:21:23', '2018-04-10 17:21:23'),
(27, 317, 52, 0, NULL, NULL, '2018-04-10 17:21:23', '2018-04-10 17:21:23'),
(28, 318, 23, 0, NULL, NULL, '2018-04-10 17:21:23', '2018-04-10 17:21:23'),
(29, 321, 43, 0, NULL, NULL, '2018-04-10 17:21:23', '2018-04-10 17:21:23'),
(30, 322, 10, 0, NULL, NULL, '2018-04-10 17:21:23', '2018-04-10 17:21:23'),
(31, 323, 19, 0, NULL, NULL, '2018-04-10 17:21:23', '2018-04-10 17:21:23'),
(32, 328, 56, 0, NULL, NULL, '2018-04-10 17:21:23', '2018-04-10 17:21:23'),
(33, 329, 43, 0, NULL, NULL, '2018-04-10 17:21:23', '2018-04-10 17:21:23'),
(34, 330, 7, 0, NULL, NULL, '2018-04-10 17:21:23', '2018-04-10 17:21:23'),
(35, 286, 34, 0, NULL, NULL, '2018-04-10 19:01:01', '2018-04-10 19:01:01'),
(36, 283, 44, 0, NULL, NULL, '2018-04-10 19:37:32', '2018-04-10 19:37:32'),
(37, 287, 24, 0, NULL, NULL, '2018-04-10 19:37:32', '2018-04-10 19:37:32'),
(38, 289, 25, 0, NULL, NULL, '2018-04-10 19:37:32', '2018-04-10 19:37:32'),
(39, 291, 3, 0, NULL, NULL, '2018-04-10 19:37:32', '2018-04-10 19:37:32'),
(40, 292, 26, 0, NULL, NULL, '2018-04-10 19:37:32', '2018-04-10 19:37:32'),
(41, 282, 11, 0, NULL, NULL, '2018-04-10 19:37:32', '2018-04-10 19:37:32'),
(42, 293, 40, 0, NULL, NULL, '2018-04-10 19:37:32', '2018-04-10 19:37:32'),
(43, 294, 7, 0, NULL, NULL, '2018-04-10 19:37:32', '2018-04-10 19:37:32'),
(44, 295, 17, 0, NULL, NULL, '2018-04-10 19:37:32', '2018-04-10 19:37:32'),
(45, 296, 16, 0, NULL, NULL, '2018-04-10 19:37:32', '2018-04-10 19:37:32'),
(46, 298, 10, 0, NULL, NULL, '2018-04-10 19:37:32', '2018-04-10 19:37:32'),
(47, 300, 50, 0, NULL, NULL, '2018-04-10 19:37:32', '2018-04-10 19:37:32'),
(48, 302, 8, 0, NULL, NULL, '2018-04-10 19:37:32', '2018-04-10 19:37:32'),
(49, 305, 4, 0, NULL, NULL, '2018-04-10 19:37:32', '2018-04-10 19:37:32'),
(50, 355, 39, 0, NULL, NULL, '2018-04-10 19:56:46', '2018-04-10 19:56:46'),
(51, 284, 16, 0, NULL, NULL, '2018-04-10 19:56:46', '2018-04-10 19:56:46'),
(52, 322, 29, 0, NULL, NULL, '2018-04-10 19:56:46', '2018-04-10 19:56:46'),
(53, 329, 27, 0, NULL, NULL, '2018-04-10 19:56:46', '2018-04-10 19:56:46'),
(54, 325, 10, 0, NULL, NULL, '2018-04-10 19:56:46', '2018-04-10 19:56:46'),
(55, 324, 50, 0, NULL, NULL, '2018-04-10 19:56:46', '2018-04-10 19:56:46'),
(56, 327, 36, 0, NULL, NULL, '2018-04-10 19:56:46', '2018-04-10 19:56:46'),
(57, 330, 13, 0, NULL, NULL, '2018-04-10 19:56:46', '2018-04-10 19:56:46'),
(58, 326, 90, 0, NULL, NULL, '2018-04-10 19:56:46', '2018-04-10 19:56:46'),
(59, NULL, 22, 0, NULL, NULL, '2018-04-10 23:00:13', '2018-04-10 23:00:13'),
(60, 357, 28, 0, NULL, NULL, '2018-04-10 23:00:13', '2018-04-10 23:00:13'),
(61, 358, 28, 0, NULL, NULL, '2018-04-11 00:28:16', '2018-04-11 00:28:16'),
(62, 359, 43, 0, NULL, NULL, '2018-04-11 00:28:16', '2018-04-11 00:28:16'),
(63, 360, 33, 0, NULL, NULL, '2018-04-11 00:28:16', '2018-04-11 00:28:16'),
(64, 361, 56, 0, NULL, NULL, '2018-04-11 00:28:16', '2018-04-11 00:28:16'),
(65, 362, 42, 0, NULL, NULL, '2018-04-11 00:28:16', '2018-04-11 00:28:16'),
(66, 363, 18, 0, NULL, NULL, '2018-04-11 00:28:16', '2018-04-11 00:28:16'),
(67, 364, 51, 0, NULL, NULL, '2018-04-11 00:28:16', '2018-04-11 00:28:16'),
(68, 365, 22, 0, NULL, NULL, '2018-04-11 00:35:59', '2018-04-11 00:35:59'),
(69, NULL, 19, 0, NULL, NULL, '2018-04-11 15:26:11', '2018-04-11 15:26:11'),
(70, 367, 38, 0, NULL, NULL, '2018-04-11 16:52:41', '2018-04-11 16:52:41'),
(71, 369, 20, 0, NULL, NULL, '2018-04-11 18:06:08', '2018-04-11 18:06:08'),
(72, 371, 2, 0, NULL, NULL, '2018-04-11 18:08:22', '2018-04-11 18:08:22'),
(73, 372, 2, 0, NULL, NULL, '2018-04-11 18:11:03', '2018-04-11 18:11:03'),
(74, 373, 96, 0, NULL, NULL, '2018-04-11 18:15:41', '2018-04-11 18:15:41'),
(75, 376, 88, 0, NULL, NULL, '2018-04-11 18:30:10', '2018-04-11 18:30:10'),
(76, 379, 60, 0, NULL, NULL, '2018-04-11 18:32:34', '2018-04-11 18:32:34'),
(77, 382, 33, 0, NULL, NULL, '2018-04-11 18:35:01', '2018-04-11 18:35:01'),
(78, 381, 21, 0, NULL, NULL, '2018-04-11 18:36:48', '2018-04-11 18:36:48'),
(79, 380, 65, 0, NULL, NULL, '2018-04-11 18:38:11', '2018-04-11 18:38:11'),
(80, 378, 61, 0, NULL, NULL, '2018-04-11 18:39:31', '2018-04-11 18:39:31'),
(81, 368, 14, 0, NULL, NULL, '2018-04-11 18:41:34', '2018-04-11 18:41:34'),
(82, 377, 19, 0, NULL, NULL, '2018-04-11 18:43:26', '2018-04-11 18:43:26'),
(83, 383, 55, 0, NULL, NULL, '2018-04-11 19:36:27', '2018-04-11 19:36:27'),
(84, 385, 103, 0, NULL, NULL, '2018-04-11 19:40:35', '2018-04-11 19:40:35'),
(85, 387, 19, 0, NULL, NULL, '2018-04-11 19:43:59', '2018-04-11 19:43:59'),
(86, 388, 23, 0, NULL, NULL, '2018-04-11 19:45:35', '2018-04-11 19:45:35'),
(87, 392, 66, 0, NULL, NULL, '2018-04-11 19:47:24', '2018-04-11 19:47:24'),
(88, 395, 78, 0, NULL, NULL, '2018-04-11 19:49:06', '2018-04-11 19:49:06'),
(89, 396, 61, 0, NULL, NULL, '2018-04-11 19:51:15', '2018-04-11 19:51:15'),
(90, 397, 23, 0, NULL, NULL, '2018-04-11 19:52:56', '2018-04-11 19:52:56'),
(91, 391, 17, 0, NULL, NULL, '2018-04-11 19:54:15', '2018-04-11 19:54:15'),
(92, 394, 40, 0, NULL, NULL, '2018-04-11 19:55:54', '2018-04-11 19:55:54'),
(93, 384, 9, 0, NULL, NULL, '2018-04-11 19:57:10', '2018-04-11 19:57:10'),
(94, 393, 42, 0, NULL, NULL, '2018-04-11 19:58:28', '2018-04-11 19:58:28'),
(95, 373, 30, 0, NULL, NULL, '2018-04-11 19:59:52', '2018-04-11 19:59:52'),
(96, 399, 48, 0, NULL, NULL, '2018-04-11 22:10:08', '2018-04-11 22:10:08'),
(97, 403, 39, 0, NULL, NULL, '2018-04-11 22:11:34', '2018-04-11 22:11:34'),
(98, 404, 72, 0, NULL, NULL, '2018-04-11 22:13:42', '2018-04-11 22:13:42'),
(99, 407, 94, 0, NULL, NULL, '2018-04-11 22:39:40', '2018-04-11 22:39:40'),
(100, 408, 37, 0, NULL, NULL, '2018-04-11 22:39:40', '2018-04-11 22:39:40'),
(101, 414, 78, 0, NULL, NULL, '2018-04-11 22:39:40', '2018-04-11 22:39:40'),
(102, 413, 94, 0, NULL, NULL, '2018-04-11 22:39:40', '2018-04-11 22:39:40'),
(103, 412, 16, 0, NULL, NULL, '2018-04-11 22:39:40', '2018-04-11 22:39:40'),
(104, 411, 1, 0, NULL, NULL, '2018-04-11 22:39:40', '2018-04-11 22:39:40'),
(105, 409, 10, 0, NULL, NULL, '2018-04-11 22:39:40', '2018-04-11 22:39:40'),
(106, 410, 40, 0, NULL, NULL, '2018-04-11 22:39:40', '2018-04-11 22:39:40'),
(107, 405, 8, 0, NULL, NULL, '2018-04-11 22:39:40', '2018-04-11 22:39:40'),
(108, 401, 40, 0, NULL, NULL, '2018-04-11 22:39:40', '2018-04-11 22:39:40'),
(109, 400, 3, 0, NULL, NULL, '2018-04-11 22:39:40', '2018-04-11 22:39:40'),
(110, 406, 7, 0, NULL, NULL, '2018-04-11 22:39:40', '2018-04-11 22:39:40'),
(111, 389, 30, 0, NULL, NULL, '2018-04-11 23:08:11', '2018-04-11 23:08:11'),
(112, 210, 80, 0, NULL, NULL, '2018-04-15 22:21:45', '2018-04-15 22:21:45'),
(113, 209, 80, 0, NULL, NULL, '2018-04-15 22:21:45', '2018-04-15 22:21:45'),
(114, 208, 101, 0, NULL, NULL, '2018-04-15 22:21:45', '2018-04-15 22:21:45'),
(115, 207, 80, 0, NULL, NULL, '2018-04-15 22:21:45', '2018-04-15 22:21:45'),
(116, 206, 80, 0, NULL, NULL, '2018-04-15 22:21:45', '2018-04-15 22:21:45'),
(117, 205, 60, 0, NULL, NULL, '2018-04-15 22:21:45', '2018-04-15 22:21:45'),
(118, 209, 0, 4, NULL, NULL, '2018-04-15 22:56:45', '2018-04-15 22:56:45'),
(119, 206, 0, 5, NULL, NULL, '2018-04-16 19:09:37', '2018-04-16 19:09:37'),
(120, 285, 0, 10, NULL, NULL, '2018-04-16 20:46:18', '2018-04-16 20:46:18'),
(121, 290, 0, 12, NULL, NULL, '2018-04-16 20:46:18', '2018-04-16 20:46:18'),
(122, 284, 0, 5, NULL, NULL, '2018-04-16 20:46:18', '2018-04-16 20:46:18'),
(123, 282, 0, 4, NULL, NULL, '2018-04-16 20:46:18', '2018-04-16 20:46:18'),
(124, 298, 0, 1, NULL, NULL, '2018-04-16 20:46:18', '2018-04-16 20:46:18'),
(125, 3, 459, 0, NULL, NULL, '2018-04-19 15:08:34', '2018-04-19 15:08:34'),
(126, 4, 616, 0, NULL, NULL, '2018-04-19 15:08:34', '2018-04-19 15:08:34'),
(127, 5, 456, 0, NULL, NULL, '2018-04-19 15:08:34', '2018-04-19 15:08:34'),
(128, 6, 450, 0, NULL, NULL, '2018-04-19 15:08:34', '2018-04-19 15:08:34'),
(129, 7, 285, 0, NULL, NULL, '2018-04-19 15:08:34', '2018-04-19 15:08:34'),
(130, 8, 304, 0, NULL, NULL, '2018-04-19 15:08:34', '2018-04-19 15:08:34'),
(131, 10, 39, 0, NULL, NULL, '2018-04-19 15:08:34', '2018-04-19 15:08:34'),
(132, 11, 187, 0, NULL, NULL, '2018-04-19 15:08:34', '2018-04-19 15:08:34'),
(133, 415, 19, 0, NULL, NULL, '2018-04-19 16:21:14', '2018-04-19 16:21:14'),
(134, 416, 30, 0, NULL, NULL, '2018-04-19 16:21:14', '2018-04-19 16:21:14'),
(135, 14, 280, 0, NULL, NULL, '2018-04-19 16:21:14', '2018-04-19 16:21:14'),
(136, 16, 287, 0, NULL, NULL, '2018-04-19 16:21:14', '2018-04-19 16:21:14'),
(137, 17, 271, 0, NULL, NULL, '2018-04-19 16:21:14', '2018-04-19 16:21:14'),
(138, 18, 276, 0, NULL, NULL, '2018-04-19 16:21:14', '2018-04-19 16:21:14'),
(139, 19, 137, 0, NULL, NULL, '2018-04-19 16:21:14', '2018-04-19 16:21:14'),
(140, 20, 192, 0, NULL, NULL, '2018-04-19 16:21:14', '2018-04-19 16:21:14'),
(141, 21, 60, 0, NULL, NULL, '2018-04-19 16:21:14', '2018-04-19 16:21:14'),
(142, 22, 100, 0, NULL, NULL, '2018-04-19 16:21:14', '2018-04-19 16:21:14'),
(143, 23, 172, 0, NULL, NULL, '2018-04-19 16:21:14', '2018-04-19 16:21:14'),
(144, 24, 412, 0, NULL, NULL, '2018-04-19 16:21:14', '2018-04-19 16:21:14'),
(145, 25, 489, 0, NULL, NULL, '2018-04-19 16:21:14', '2018-04-19 16:21:14'),
(146, 26, 128, 0, NULL, NULL, '2018-04-19 16:21:14', '2018-04-19 16:21:14'),
(147, 27, 276, 0, NULL, NULL, '2018-04-19 16:21:14', '2018-04-19 16:21:14'),
(148, 28, 36, 0, NULL, NULL, '2018-04-19 16:21:14', '2018-04-19 16:21:14'),
(149, 29, 192, 0, NULL, NULL, '2018-04-19 16:21:14', '2018-04-19 16:21:14'),
(150, 30, 180, 0, NULL, NULL, '2018-04-19 16:21:14', '2018-04-19 16:21:14'),
(151, 31, 120, 0, NULL, NULL, '2018-04-19 16:21:14', '2018-04-19 16:21:14'),
(152, 32, 240, 0, NULL, NULL, '2018-04-19 16:21:14', '2018-04-19 16:21:14'),
(153, 33, 144, 0, NULL, NULL, '2018-04-19 16:21:14', '2018-04-19 16:21:14'),
(154, 34, 384, 0, NULL, NULL, '2018-04-19 16:21:14', '2018-04-19 16:21:14'),
(155, 35, 48, 0, NULL, NULL, '2018-04-19 16:21:14', '2018-04-19 16:21:14'),
(156, 36, 4, 0, NULL, NULL, '2018-04-19 16:21:14', '2018-04-19 16:21:14'),
(157, 37, 132, 0, NULL, NULL, '2018-04-19 16:21:14', '2018-04-19 16:21:14'),
(158, 38, 48, 0, NULL, NULL, '2018-04-19 16:21:14', '2018-04-19 16:21:14'),
(159, 39, 397, 0, NULL, NULL, '2018-04-19 16:21:14', '2018-04-19 16:21:14'),
(160, 40, 38, 0, NULL, NULL, '2018-04-19 16:21:14', '2018-04-19 16:21:14'),
(161, 41, 15, 0, NULL, NULL, '2018-04-19 16:21:14', '2018-04-19 16:21:14'),
(162, 42, 21, 0, NULL, NULL, '2018-04-19 16:21:14', '2018-04-19 16:21:14'),
(163, 43, 243, 0, NULL, NULL, '2018-04-19 17:15:34', '2018-04-19 17:15:34'),
(164, 44, 88, 0, NULL, NULL, '2018-04-19 17:15:34', '2018-04-19 17:15:34'),
(165, 45, 245, 0, NULL, NULL, '2018-04-19 17:15:34', '2018-04-19 17:15:34'),
(166, 46, 36, 0, NULL, NULL, '2018-04-19 17:15:34', '2018-04-19 17:15:34'),
(167, 47, 52, 0, NULL, NULL, '2018-04-19 17:15:34', '2018-04-19 17:15:34'),
(168, 48, 76, 0, NULL, NULL, '2018-04-19 17:15:34', '2018-04-19 17:15:34'),
(169, 49, 19, 0, NULL, NULL, '2018-04-19 17:15:34', '2018-04-19 17:15:34'),
(170, 50, 295, 0, NULL, NULL, '2018-04-19 17:15:34', '2018-04-19 17:15:34'),
(171, 51, 240, 0, NULL, NULL, '2018-04-19 17:15:34', '2018-04-19 17:15:34'),
(172, 53, 77, 0, NULL, NULL, '2018-04-19 17:15:34', '2018-04-19 17:15:34'),
(173, 54, 87, 0, NULL, NULL, '2018-04-19 17:15:34', '2018-04-19 17:15:34'),
(174, 55, 271, 0, NULL, NULL, '2018-04-19 17:15:34', '2018-04-19 17:15:34'),
(175, 56, 254, 0, NULL, NULL, '2018-04-19 17:15:34', '2018-04-19 17:15:34'),
(176, 57, 354, 0, NULL, NULL, '2018-04-19 17:15:34', '2018-04-19 17:15:34'),
(177, 58, 85, 0, NULL, NULL, '2018-04-19 17:15:34', '2018-04-19 17:15:34'),
(178, 59, 138, 0, NULL, NULL, '2018-04-19 17:15:34', '2018-04-19 17:15:34'),
(179, 61, 267, 0, NULL, NULL, '2018-04-19 17:15:34', '2018-04-19 17:15:34'),
(180, 62, 256, 0, NULL, NULL, '2018-04-19 17:15:34', '2018-04-19 17:15:34'),
(181, 63, 456, 0, NULL, NULL, '2018-04-19 17:15:34', '2018-04-19 17:15:34'),
(182, 65, 178, 0, NULL, NULL, '2018-04-19 17:15:34', '2018-04-19 17:15:34'),
(183, 52, 264, 0, NULL, NULL, '2018-04-19 17:15:34', '2018-04-19 17:15:34'),
(184, 66, 197, 0, NULL, NULL, '2018-04-19 17:15:34', '2018-04-19 17:15:34'),
(185, 68, 137, 0, NULL, NULL, '2018-04-19 17:15:34', '2018-04-19 17:15:34'),
(186, 69, 24, 0, NULL, NULL, '2018-04-19 17:15:34', '2018-04-19 17:15:34'),
(187, 70, 180, 0, NULL, NULL, '2018-04-19 17:15:34', '2018-04-19 17:15:34'),
(188, 71, 394, 0, NULL, NULL, '2018-04-19 17:15:34', '2018-04-19 17:15:34'),
(189, 72, 234, 0, NULL, NULL, '2018-04-19 17:15:34', '2018-04-19 17:15:34'),
(190, 73, 384, 0, NULL, NULL, '2018-04-19 17:15:34', '2018-04-19 17:15:34'),
(191, 74, 521, 0, NULL, NULL, '2018-04-19 19:37:53', '2018-04-19 19:37:53'),
(192, 75, 12, 0, NULL, NULL, '2018-04-19 19:37:53', '2018-04-19 19:37:53'),
(193, 77, 240, 0, NULL, NULL, '2018-04-19 19:37:53', '2018-04-19 19:37:53'),
(194, 78, 24, 0, NULL, NULL, '2018-04-19 19:37:53', '2018-04-19 19:37:53'),
(195, 417, 86, 0, NULL, NULL, '2018-04-19 19:37:53', '2018-04-19 19:37:53'),
(196, 79, 292, 0, NULL, NULL, '2018-04-19 19:37:53', '2018-04-19 19:37:53'),
(197, 81, 46, 0, NULL, NULL, '2018-04-19 19:37:53', '2018-04-19 19:37:53'),
(198, 86, 108, 0, NULL, NULL, '2018-04-19 19:37:53', '2018-04-19 19:37:53'),
(199, 87, 184, 0, NULL, NULL, '2018-04-19 19:37:53', '2018-04-19 19:37:53'),
(200, 88, 41, 0, NULL, NULL, '2018-04-19 19:37:54', '2018-04-19 19:37:54'),
(201, 89, 24, 0, NULL, NULL, '2018-04-19 19:37:54', '2018-04-19 19:37:54'),
(202, 90, 115, 0, NULL, NULL, '2018-04-19 19:37:54', '2018-04-19 19:37:54'),
(203, 91, 111, 0, NULL, NULL, '2018-04-19 19:37:54', '2018-04-19 19:37:54'),
(204, 92, 132, 0, NULL, NULL, '2018-04-19 19:37:54', '2018-04-19 19:37:54'),
(205, 93, 126, 0, NULL, NULL, '2018-04-19 19:37:54', '2018-04-19 19:37:54'),
(206, 94, 15, 0, NULL, NULL, '2018-04-19 19:37:54', '2018-04-19 19:37:54'),
(207, 96, 84, 0, NULL, NULL, '2018-04-19 19:37:54', '2018-04-19 19:37:54'),
(208, 97, 33, 0, NULL, NULL, '2018-04-19 19:37:54', '2018-04-19 19:37:54'),
(209, 98, 6, 0, NULL, NULL, '2018-04-19 19:37:54', '2018-04-19 19:37:54'),
(210, 99, 327, 0, NULL, NULL, '2018-04-19 19:37:54', '2018-04-19 19:37:54'),
(211, 100, 317, 0, NULL, NULL, '2018-04-19 19:37:54', '2018-04-19 19:37:54'),
(212, 101, 72, 0, NULL, NULL, '2018-04-19 19:37:54', '2018-04-19 19:37:54'),
(213, 103, 188, 0, NULL, NULL, '2018-04-19 19:37:54', '2018-04-19 19:37:54'),
(214, 108, 112, 0, NULL, NULL, '2018-04-19 19:37:54', '2018-04-19 19:37:54'),
(215, 109, 333, 0, NULL, NULL, '2018-04-19 19:37:54', '2018-04-19 19:37:54'),
(216, 111, 384, 0, NULL, NULL, '2018-04-19 19:37:54', '2018-04-19 19:37:54'),
(217, 112, 138, 0, NULL, NULL, '2018-04-19 19:37:54', '2018-04-19 19:37:54'),
(218, 113, 144, 0, NULL, NULL, '2018-04-19 19:37:54', '2018-04-19 19:37:54'),
(219, 114, 287, 0, NULL, NULL, '2018-04-19 19:37:54', '2018-04-19 19:37:54'),
(220, 115, 42, 0, NULL, NULL, '2018-04-19 19:37:54', '2018-04-19 19:37:54'),
(221, 116, 32, 0, NULL, NULL, '2018-04-19 19:37:54', '2018-04-19 19:37:54'),
(222, 118, 20, 0, NULL, NULL, '2018-04-19 19:37:54', '2018-04-19 19:37:54'),
(223, 119, 234, 0, NULL, NULL, '2018-04-19 19:37:54', '2018-04-19 19:37:54'),
(224, 120, 85, 0, NULL, NULL, '2018-04-19 19:37:54', '2018-04-19 19:37:54'),
(225, 121, 432, 0, NULL, NULL, '2018-04-19 21:56:23', '2018-04-19 21:56:23'),
(226, 122, 146, 0, NULL, NULL, '2018-04-19 21:56:23', '2018-04-19 21:56:23'),
(227, 123, 55, 0, NULL, NULL, '2018-04-19 21:56:23', '2018-04-19 21:56:23'),
(228, 124, 131, 0, NULL, NULL, '2018-04-19 21:56:23', '2018-04-19 21:56:23'),
(229, 125, 174, 0, NULL, NULL, '2018-04-19 21:56:23', '2018-04-19 21:56:23'),
(230, 126, 54, 0, NULL, NULL, '2018-04-19 21:56:23', '2018-04-19 21:56:23'),
(231, 127, 100, 0, NULL, NULL, '2018-04-19 21:56:23', '2018-04-19 21:56:23'),
(232, 128, 140, 0, NULL, NULL, '2018-04-19 21:56:23', '2018-04-19 21:56:23'),
(233, 129, 60, 0, NULL, NULL, '2018-04-19 21:56:23', '2018-04-19 21:56:23'),
(234, 130, 156, 0, NULL, NULL, '2018-04-19 21:56:23', '2018-04-19 21:56:23'),
(235, 131, 97, 0, NULL, NULL, '2018-04-19 21:56:23', '2018-04-19 21:56:23'),
(236, 132, 194, 0, NULL, NULL, '2018-04-19 21:56:23', '2018-04-19 21:56:23'),
(237, 133, 67, 0, NULL, NULL, '2018-04-19 21:56:23', '2018-04-19 21:56:23'),
(238, 135, 23, 0, NULL, NULL, '2018-04-19 21:56:23', '2018-04-19 21:56:23'),
(239, 136, 12, 0, NULL, NULL, '2018-04-19 21:56:23', '2018-04-19 21:56:23'),
(240, 138, 80, 0, NULL, NULL, '2018-04-19 21:56:23', '2018-04-19 21:56:23'),
(241, 139, 152, 0, NULL, NULL, '2018-04-19 21:56:23', '2018-04-19 21:56:23'),
(242, 140, 166, 0, NULL, NULL, '2018-04-19 21:56:23', '2018-04-19 21:56:23'),
(243, 142, 22, 0, NULL, NULL, '2018-04-19 21:56:23', '2018-04-19 21:56:23'),
(244, 143, 174, 0, NULL, NULL, '2018-04-19 21:56:23', '2018-04-19 21:56:23'),
(245, 144, 132, 0, NULL, NULL, '2018-04-20 00:23:18', '2018-04-20 00:23:18'),
(246, 418, 204, 0, NULL, NULL, '2018-04-20 00:23:18', '2018-04-20 00:23:18'),
(247, 146, 124, 0, NULL, NULL, '2018-04-20 00:23:18', '2018-04-20 00:23:18'),
(248, 147, 90, 0, NULL, NULL, '2018-04-20 00:23:18', '2018-04-20 00:23:18'),
(249, 419, 72, 0, NULL, NULL, '2018-04-20 00:23:18', '2018-04-20 00:23:18'),
(250, 420, 120, 0, NULL, NULL, '2018-04-20 00:23:18', '2018-04-20 00:23:18'),
(251, 421, 96, 0, NULL, NULL, '2018-04-20 00:23:18', '2018-04-20 00:23:18'),
(252, 422, 60, 0, NULL, NULL, '2018-04-20 00:23:18', '2018-04-20 00:23:18'),
(253, 423, 84, 0, NULL, NULL, '2018-04-20 00:23:18', '2018-04-20 00:23:18'),
(254, 424, 72, 0, NULL, NULL, '2018-04-20 00:23:18', '2018-04-20 00:23:18'),
(255, 155, 96, 0, NULL, NULL, '2018-04-20 00:23:18', '2018-04-20 00:23:18'),
(256, 156, 192, 0, NULL, NULL, '2018-04-20 00:23:18', '2018-04-20 00:23:18'),
(257, 157, 131, 0, NULL, NULL, '2018-04-20 00:23:18', '2018-04-20 00:23:18'),
(258, 162, 72, 0, NULL, NULL, '2018-04-20 00:23:18', '2018-04-20 00:23:18'),
(259, 163, 175, 0, NULL, NULL, '2018-04-20 00:23:18', '2018-04-20 00:23:18'),
(260, 164, 157, 0, NULL, NULL, '2018-04-20 00:23:18', '2018-04-20 00:23:18'),
(261, 165, 176, 0, NULL, NULL, '2018-04-20 00:23:18', '2018-04-20 00:23:18'),
(262, 166, 141, 0, NULL, NULL, '2018-04-20 00:23:18', '2018-04-20 00:23:18'),
(263, 167, 92, 0, NULL, NULL, '2018-04-20 00:23:18', '2018-04-20 00:23:18'),
(264, 168, 114, 0, NULL, NULL, '2018-04-20 00:23:18', '2018-04-20 00:23:18'),
(265, 282, 10, 0, NULL, NULL, '2018-04-20 00:35:01', '2018-04-20 00:35:01'),
(266, 288, 30, 0, NULL, NULL, '2018-04-20 00:35:01', '2018-04-20 00:35:01'),
(267, 291, 8, 0, NULL, NULL, '2018-04-20 00:35:01', '2018-04-20 00:35:01'),
(268, 58, 120, 0, NULL, NULL, '2018-04-20 00:35:01', '2018-04-20 00:35:01'),
(269, 66, 120, 0, NULL, NULL, '2018-04-20 00:35:01', '2018-04-20 00:35:01'),
(270, 75, 120, 0, NULL, NULL, '2018-04-20 00:35:01', '2018-04-20 00:35:01'),
(271, 95, 240, 0, NULL, NULL, '2018-04-21 16:12:47', '2018-04-21 16:12:47'),
(272, 39, 120, 0, NULL, NULL, '2018-04-21 16:12:47', '2018-04-21 16:12:47'),
(273, 36, 120, 0, NULL, NULL, '2018-04-21 16:12:47', '2018-04-21 16:12:47'),
(274, 88, 120, 0, NULL, NULL, '2018-04-21 16:12:47', '2018-04-21 16:12:47'),
(275, 142, 120, 0, NULL, NULL, '2018-04-21 16:12:47', '2018-04-21 16:12:47'),
(276, NULL, 74, 0, NULL, NULL, '2018-04-21 16:12:47', '2018-04-21 16:12:47'),
(277, NULL, 103, 0, NULL, NULL, '2018-04-21 16:12:47', '2018-04-21 16:12:47'),
(278, 428, 120, 0, NULL, NULL, '2018-04-21 16:12:47', '2018-04-21 16:12:47'),
(279, 429, 232, 0, NULL, NULL, '2018-04-21 16:12:47', '2018-04-21 16:12:47'),
(280, 71, 60, 0, NULL, NULL, '2018-04-21 20:40:32', '2018-04-21 20:40:32'),
(281, 122, 0, 60, NULL, NULL, '2018-04-21 20:56:05', '2018-04-21 20:56:05'),
(282, 120, 0, 12, NULL, NULL, '2018-04-21 20:56:05', '2018-04-21 20:56:05'),
(283, 209, 0, 2, NULL, NULL, '2018-04-21 21:20:51', '2018-04-21 21:20:51'),
(284, NULL, 7, 0, NULL, NULL, '2018-04-21 23:36:13', '2018-04-21 23:36:13'),
(285, NULL, 6, 0, NULL, NULL, '2018-04-21 23:36:13', '2018-04-21 23:36:13'),
(286, NULL, 11, 0, NULL, NULL, '2018-04-21 23:36:13', '2018-04-21 23:36:13'),
(287, NULL, 20, 0, NULL, NULL, '2018-04-21 23:36:13', '2018-04-21 23:36:13'),
(288, NULL, 21, 0, NULL, NULL, '2018-04-21 23:36:13', '2018-04-21 23:36:13'),
(289, NULL, 2, 0, NULL, NULL, '2018-04-21 23:36:13', '2018-04-21 23:36:13'),
(290, NULL, 2, 0, NULL, NULL, '2018-04-21 23:36:13', '2018-04-21 23:36:13'),
(291, 206, 0, 18, NULL, NULL, '2018-04-22 19:44:53', '2018-04-22 19:44:53'),
(292, 282, 0, 8, NULL, NULL, '2018-04-23 00:27:15', '2018-04-23 00:27:15'),
(293, 284, 0, 11, NULL, NULL, '2018-04-23 00:27:15', '2018-04-23 00:27:15'),
(294, 285, 0, 5, NULL, NULL, '2018-04-23 00:27:15', '2018-04-23 00:27:15'),
(295, 286, 0, 4, NULL, NULL, '2018-04-23 00:27:15', '2018-04-23 00:27:15'),
(296, 287, 0, 6, NULL, NULL, '2018-04-23 00:27:15', '2018-04-23 00:27:15'),
(297, 288, 0, 30, NULL, NULL, '2018-04-23 00:27:15', '2018-04-23 00:27:15'),
(298, 290, 0, 8, NULL, NULL, '2018-04-23 00:27:15', '2018-04-23 00:27:15'),
(299, 291, 0, 2, NULL, NULL, '2018-04-23 00:27:15', '2018-04-23 00:27:15'),
(300, 298, 0, 9, NULL, NULL, '2018-04-23 00:27:15', '2018-04-23 00:27:15'),
(301, 302, 0, 2, NULL, NULL, '2018-04-23 00:27:15', '2018-04-23 00:27:15'),
(302, 209, 0, 20, NULL, NULL, '2018-04-23 00:47:07', '2018-04-23 00:47:07'),
(303, 208, 0, 20, NULL, NULL, '2018-04-23 00:47:07', '2018-04-23 00:47:07'),
(304, 66, 0, 24, NULL, NULL, '2018-04-23 00:57:49', '2018-04-23 00:57:49'),
(305, 209, 0, 12, NULL, NULL, '2018-04-23 16:07:40', '2018-04-23 16:07:40'),
(306, 206, 0, 12, NULL, NULL, '2018-04-23 16:07:40', '2018-04-23 16:07:40'),
(307, 205, 0, 4, NULL, NULL, '2018-04-23 16:07:40', '2018-04-23 16:07:40'),
(308, 207, 0, 6, NULL, NULL, '2018-04-23 16:07:40', '2018-04-23 16:07:40'),
(309, 61, 0, 12, NULL, NULL, '2018-04-23 19:31:12', '2018-04-23 19:31:12'),
(310, 458, 40, 0, NULL, NULL, '2018-04-23 23:31:35', '2018-04-23 23:31:35'),
(311, 458, 0, 1, NULL, NULL, '2018-04-23 23:37:00', '2018-04-23 23:37:00'),
(312, 207, 0, 1, NULL, NULL, '2018-04-24 00:13:36', '2018-04-24 00:13:36'),
(313, 205, 0, 1, NULL, NULL, '2018-04-24 01:09:53', '2018-04-24 01:09:53'),
(314, NULL, 23, 0, NULL, NULL, '2018-04-24 15:19:37', '2018-04-24 15:19:37'),
(315, 459, 16, 0, NULL, NULL, '2018-04-24 16:00:39', '2018-04-24 16:00:39'),
(316, 461, 24, 0, NULL, NULL, '2018-04-24 16:00:39', '2018-04-24 16:00:39'),
(317, 463, 10, 0, NULL, NULL, '2018-04-24 16:00:39', '2018-04-24 16:00:39'),
(318, 464, 11, 0, NULL, NULL, '2018-04-24 16:00:39', '2018-04-24 16:00:39'),
(319, 462, 23, 0, NULL, NULL, '2018-04-24 16:00:39', '2018-04-24 16:00:39'),
(320, 460, 19, 0, NULL, NULL, '2018-04-24 16:00:39', '2018-04-24 16:00:39'),
(321, 462, 0, 1, NULL, NULL, '2018-04-24 16:04:38', '2018-04-24 16:04:38'),
(322, 466, 52, 0, NULL, NULL, '2018-04-24 18:02:09', '2018-04-24 18:02:09'),
(323, 467, 12, 0, NULL, NULL, '2018-04-24 18:02:09', '2018-04-24 18:02:09'),
(324, 468, 32, 0, NULL, NULL, '2018-04-24 18:02:09', '2018-04-24 18:02:09'),
(325, 469, 43, 0, NULL, NULL, '2018-04-24 18:02:09', '2018-04-24 18:02:09'),
(326, 470, 84, 0, NULL, NULL, '2018-04-24 18:02:09', '2018-04-24 18:02:09'),
(327, 471, 60, 0, NULL, NULL, '2018-04-24 18:02:09', '2018-04-24 18:02:09'),
(328, 491, 44, 0, NULL, NULL, '2018-04-24 18:02:09', '2018-04-24 18:02:09'),
(329, 473, 16, 0, NULL, NULL, '2018-04-24 18:02:09', '2018-04-24 18:02:09'),
(330, 474, 28, 0, NULL, NULL, '2018-04-24 18:02:09', '2018-04-24 18:02:09'),
(331, 475, 13, 0, NULL, NULL, '2018-04-24 18:02:09', '2018-04-24 18:02:09'),
(332, 476, 16, 0, NULL, NULL, '2018-04-24 18:02:09', '2018-04-24 18:02:09'),
(333, 477, 123, 0, NULL, NULL, '2018-04-24 18:02:09', '2018-04-24 18:02:09'),
(334, 478, 3, 0, NULL, NULL, '2018-04-24 18:02:09', '2018-04-24 18:02:09'),
(335, 479, 72, 0, NULL, NULL, '2018-04-24 18:02:09', '2018-04-24 18:02:09'),
(336, 481, 15, 0, NULL, NULL, '2018-04-24 18:02:09', '2018-04-24 18:02:09'),
(337, 482, 6, 0, NULL, NULL, '2018-04-24 18:02:09', '2018-04-24 18:02:09'),
(338, 483, 4, 0, NULL, NULL, '2018-04-24 18:02:09', '2018-04-24 18:02:09'),
(339, 490, 28, 0, NULL, NULL, '2018-04-24 18:02:09', '2018-04-24 18:02:09'),
(340, 489, 37, 0, NULL, NULL, '2018-04-24 18:02:09', '2018-04-24 18:02:09'),
(341, 486, 10, 0, NULL, NULL, '2018-04-24 18:02:09', '2018-04-24 18:02:09'),
(342, 207, 0, 1, NULL, NULL, '2018-04-24 18:48:03', '2018-04-24 18:48:03'),
(343, 493, 3, 0, NULL, NULL, '2018-04-24 18:56:28', '2018-04-24 18:56:28'),
(344, 496, 33, 0, NULL, NULL, '2018-04-24 18:56:28', '2018-04-24 18:56:28'),
(345, 499, 2, 0, NULL, NULL, '2018-04-24 18:56:28', '2018-04-24 18:56:28'),
(346, 498, 2, 0, NULL, NULL, '2018-04-24 18:56:28', '2018-04-24 18:56:28'),
(347, 494, 39, 0, NULL, NULL, '2018-04-24 18:56:28', '2018-04-24 18:56:28'),
(348, 497, 36, 0, NULL, NULL, '2018-04-24 18:56:28', '2018-04-24 18:56:28'),
(349, 428, 0, 12, NULL, NULL, '2018-04-24 19:05:55', '2018-04-24 19:05:55'),
(350, 31, 0, 12, NULL, NULL, '2018-04-24 19:05:55', '2018-04-24 19:05:55'),
(351, NULL, 0, 10, NULL, NULL, '2018-04-24 19:05:55', '2018-04-24 19:05:55'),
(352, 429, 0, 12, NULL, NULL, '2018-04-24 19:05:55', '2018-04-24 19:05:55'),
(353, 503, 100, 0, NULL, NULL, '2018-04-24 19:38:20', '2018-04-24 19:38:20'),
(354, 502, 50, 0, NULL, NULL, '2018-04-24 19:38:20', '2018-04-24 19:38:20'),
(355, 458, 0, 2, NULL, NULL, '2018-04-24 20:20:14', '2018-04-24 20:20:14'),
(356, 458, 0, 10, NULL, NULL, '2018-04-24 22:52:41', '2018-04-24 22:52:41'),
(357, 123, 0, 40, NULL, NULL, '2018-04-24 22:59:59', '2018-04-24 22:59:59'),
(358, 82, 0, 20, NULL, NULL, '2018-04-24 22:59:59', '2018-04-24 22:59:59'),
(359, 84, 0, 20, NULL, NULL, '2018-04-24 22:59:59', '2018-04-24 22:59:59'),
(360, 82, 81, 0, NULL, NULL, '2018-04-24 23:07:14', '2018-04-24 23:07:14'),
(361, 84, 26, 0, NULL, NULL, '2018-04-24 23:07:14', '2018-04-24 23:07:14'),
(362, 83, 35, 0, NULL, NULL, '2018-04-24 23:07:14', '2018-04-24 23:07:14'),
(363, 469, 0, 1, NULL, NULL, '2018-04-24 23:11:41', '2018-04-24 23:11:41'),
(364, 492, 0, 1, NULL, NULL, '2018-04-24 23:11:41', '2018-04-24 23:11:41'),
(365, 492, 1, 0, NULL, NULL, '2018-04-25 00:12:13', '2018-04-25 00:12:13'),
(366, 208, 0, 1, NULL, NULL, '2018-04-25 00:58:21', '2018-04-25 00:58:21'),
(367, 504, 5, 0, NULL, NULL, '2018-04-25 19:54:46', '2018-04-25 19:54:46'),
(368, 505, 5, 0, NULL, NULL, '2018-04-25 19:54:46', '2018-04-25 19:54:46'),
(369, 506, 1, 0, NULL, NULL, '2018-04-25 19:54:46', '2018-04-25 19:54:46'),
(370, 507, 6, 0, NULL, NULL, '2018-04-25 19:54:46', '2018-04-25 19:54:46'),
(371, 509, 30, 0, NULL, NULL, '2018-04-25 19:54:46', '2018-04-25 19:54:46'),
(372, 510, 5, 0, NULL, NULL, '2018-04-25 19:54:46', '2018-04-25 19:54:46'),
(373, 511, 21, 0, NULL, NULL, '2018-04-25 19:54:46', '2018-04-25 19:54:46'),
(374, 512, 7, 0, NULL, NULL, '2018-04-25 19:54:46', '2018-04-25 19:54:46'),
(375, 513, 10, 0, NULL, NULL, '2018-04-25 19:54:46', '2018-04-25 19:54:46'),
(376, 514, 3, 0, NULL, NULL, '2018-04-25 19:54:46', '2018-04-25 19:54:46'),
(377, 516, 6, 0, NULL, NULL, '2018-04-25 19:54:46', '2018-04-25 19:54:46'),
(378, 517, 5, 0, NULL, NULL, '2018-04-25 19:54:46', '2018-04-25 19:54:46'),
(379, 519, 5, 0, NULL, NULL, '2018-04-25 19:54:46', '2018-04-25 19:54:46'),
(380, 520, 1, 0, NULL, NULL, '2018-04-25 19:54:46', '2018-04-25 19:54:46'),
(381, 521, 3, 0, NULL, NULL, '2018-04-25 19:54:46', '2018-04-25 19:54:46'),
(382, 522, 2, 0, NULL, NULL, '2018-04-25 19:54:46', '2018-04-25 19:54:46'),
(383, 523, 5, 0, NULL, NULL, '2018-04-25 19:54:46', '2018-04-25 19:54:46'),
(384, 524, 1, 0, NULL, NULL, '2018-04-25 19:54:46', '2018-04-25 19:54:46'),
(385, 525, 10, 0, NULL, NULL, '2018-04-25 19:54:46', '2018-04-25 19:54:46'),
(386, 526, 1, 0, NULL, NULL, '2018-04-25 19:54:46', '2018-04-25 19:54:46'),
(387, 527, 15, 0, NULL, NULL, '2018-04-25 19:54:46', '2018-04-25 19:54:46'),
(388, 528, 1, 0, NULL, NULL, '2018-04-25 19:54:46', '2018-04-25 19:54:46'),
(389, 529, 1, 0, NULL, NULL, '2018-04-25 19:54:46', '2018-04-25 19:54:46'),
(390, 530, 1, 0, NULL, NULL, '2018-04-25 19:54:46', '2018-04-25 19:54:46'),
(391, 531, 1, 0, NULL, NULL, '2018-04-25 19:54:46', '2018-04-25 19:54:46'),
(392, 532, 1, 0, NULL, NULL, '2018-04-25 19:54:46', '2018-04-25 19:54:46'),
(393, 533, 5, 0, NULL, NULL, '2018-04-25 19:54:46', '2018-04-25 19:54:46'),
(394, 534, 2, 0, NULL, NULL, '2018-04-25 19:54:46', '2018-04-25 19:54:46'),
(395, 536, 20, 0, NULL, NULL, '2018-04-25 19:54:46', '2018-04-25 19:54:46'),
(396, 537, 1, 0, NULL, NULL, '2018-04-25 19:54:46', '2018-04-25 19:54:46'),
(397, 538, 1, 0, NULL, NULL, '2018-04-25 19:54:46', '2018-04-25 19:54:46'),
(398, 539, 2, 0, NULL, NULL, '2018-04-25 19:54:46', '2018-04-25 19:54:46'),
(399, 535, 12, 0, NULL, NULL, '2018-04-25 19:54:46', '2018-04-25 19:54:46'),
(400, 540, 21, 0, NULL, NULL, '2018-04-25 19:54:46', '2018-04-25 19:54:46'),
(401, 552, 21, 0, NULL, NULL, '2018-04-25 19:54:46', '2018-04-25 19:54:46'),
(402, 542, 15, 0, NULL, NULL, '2018-04-25 19:54:46', '2018-04-25 19:54:46'),
(403, 543, 9, 0, NULL, NULL, '2018-04-25 19:54:46', '2018-04-25 19:54:46'),
(404, 551, 9, 0, NULL, NULL, '2018-04-25 19:54:46', '2018-04-25 19:54:46'),
(405, 546, 7, 0, NULL, NULL, '2018-04-25 19:54:46', '2018-04-25 19:54:46'),
(406, 548, 14, 0, NULL, NULL, '2018-04-25 19:54:46', '2018-04-25 19:54:46'),
(407, 544, 8, 0, NULL, NULL, '2018-04-25 19:54:46', '2018-04-25 19:54:46'),
(408, 547, 7, 0, NULL, NULL, '2018-04-25 19:54:46', '2018-04-25 19:54:46'),
(409, 541, 6, 0, NULL, NULL, '2018-04-25 19:54:46', '2018-04-25 19:54:46'),
(410, 545, 10, 0, NULL, NULL, '2018-04-25 19:54:46', '2018-04-25 19:54:46'),
(411, 550, 8, 0, NULL, NULL, '2018-04-25 19:54:46', '2018-04-25 19:54:46'),
(412, 549, 16, 0, NULL, NULL, '2018-04-25 19:54:46', '2018-04-25 19:54:46'),
(413, 553, 5, 0, NULL, NULL, '2018-04-25 19:54:46', '2018-04-25 19:54:46'),
(414, 555, 14, 0, NULL, NULL, '2018-04-25 19:54:46', '2018-04-25 19:54:46'),
(415, 554, 15, 0, NULL, NULL, '2018-04-25 19:54:46', '2018-04-25 19:54:46'),
(416, 556, 11, 0, NULL, NULL, '2018-04-25 19:54:46', '2018-04-25 19:54:46'),
(417, 557, 3, 0, NULL, NULL, '2018-04-25 19:54:46', '2018-04-25 19:54:46'),
(418, 558, 1, 0, NULL, NULL, '2018-04-25 19:54:46', '2018-04-25 19:54:46'),
(419, 416, 0, 10, NULL, NULL, '2018-04-25 21:53:48', '2018-04-25 21:53:48'),
(420, 95, 0, 120, NULL, NULL, '2018-04-25 22:28:44', '2018-04-25 22:28:44'),
(421, 564, 1, 0, NULL, NULL, '2018-04-26 00:56:45', '2018-04-26 00:56:45'),
(422, 561, 1, 0, NULL, NULL, '2018-04-26 00:56:45', '2018-04-26 00:56:45'),
(423, 559, 2, 0, NULL, NULL, '2018-04-26 00:56:45', '2018-04-26 00:56:45'),
(424, 562, 7, 0, NULL, NULL, '2018-04-26 00:56:45', '2018-04-26 00:56:45'),
(425, 560, 4, 0, NULL, NULL, '2018-04-26 00:56:45', '2018-04-26 00:56:45'),
(426, 563, 1, 0, NULL, NULL, '2018-04-26 00:56:45', '2018-04-26 00:56:45'),
(427, 566, 116, 0, NULL, NULL, '2018-04-26 00:56:45', '2018-04-26 00:56:45'),
(428, 280, 8, 0, NULL, NULL, '2018-04-26 00:56:45', '2018-04-26 00:56:45'),
(429, 281, 2, 0, NULL, NULL, '2018-04-26 00:56:45', '2018-04-26 00:56:45'),
(430, 559, 0, 1, NULL, NULL, '2018-04-26 01:11:24', '2018-04-26 01:11:24'),
(431, 560, 0, 1, NULL, NULL, '2018-04-26 01:11:24', '2018-04-26 01:11:24'),
(432, 280, 0, 8, NULL, NULL, '2018-04-26 01:11:24', '2018-04-26 01:11:24'),
(433, 566, 0, 1, NULL, NULL, '2018-04-26 01:11:24', '2018-04-26 01:11:24'),
(434, 569, 0, 1, NULL, NULL, '2018-04-26 01:11:24', '2018-04-26 01:11:24'),
(435, 567, 0, 3, NULL, NULL, '2018-04-26 01:11:24', '2018-04-26 01:11:24'),
(436, 578, 0, 10, NULL, NULL, '2018-04-26 01:11:24', '2018-04-26 01:11:24'),
(437, 66, 0, 8, NULL, NULL, '2018-04-26 01:11:24', '2018-04-26 01:11:24'),
(438, 574, 0, 100, NULL, NULL, '2018-04-26 01:11:24', '2018-04-26 01:11:24'),
(439, 573, 0, 300, NULL, NULL, '2018-04-26 01:11:24', '2018-04-26 01:11:24'),
(440, 576, 0, 3, NULL, NULL, '2018-04-26 01:11:24', '2018-04-26 01:11:24'),
(441, 575, 0, 2, NULL, NULL, '2018-04-26 01:11:24', '2018-04-26 01:11:24'),
(442, 570, 0, 3, NULL, NULL, '2018-04-26 01:11:24', '2018-04-26 01:11:24'),
(443, 577, 0, 1, NULL, NULL, '2018-04-26 01:11:24', '2018-04-26 01:11:24'),
(444, 579, 2, 0, NULL, NULL, '2018-04-26 01:20:02', '2018-04-26 01:20:02'),
(445, 579, 0, 2, NULL, NULL, '2018-04-26 01:21:46', '2018-04-26 01:21:46'),
(446, 587, 10, 0, NULL, NULL, '2018-04-26 18:34:09', '2018-04-26 18:34:09'),
(447, 585, 2, 0, NULL, NULL, '2018-04-26 18:34:09', '2018-04-26 18:34:09'),
(448, 583, 18, 0, NULL, NULL, '2018-04-26 18:34:09', '2018-04-26 18:34:09'),
(449, 582, 1, 0, NULL, NULL, '2018-04-26 18:34:09', '2018-04-26 18:34:09'),
(450, 634, 0, 1, NULL, NULL, '2018-04-26 18:53:02', '2018-04-26 18:53:02'),
(451, 633, 17, 0, NULL, NULL, '2018-04-26 19:12:12', '2018-04-26 19:12:12'),
(452, 588, 3, 0, NULL, NULL, '2018-04-26 19:12:12', '2018-04-26 19:12:12'),
(453, 589, 22, 0, NULL, NULL, '2018-04-26 19:12:12', '2018-04-26 19:12:12'),
(454, 590, 10, 0, NULL, NULL, '2018-04-26 19:12:12', '2018-04-26 19:12:12'),
(455, 591, 1, 0, NULL, NULL, '2018-04-26 19:12:12', '2018-04-26 19:12:12'),
(456, 592, 2, 0, NULL, NULL, '2018-04-26 19:12:12', '2018-04-26 19:12:12'),
(457, 593, 2, 0, NULL, NULL, '2018-04-26 19:12:12', '2018-04-26 19:12:12'),
(458, 595, 1, 0, NULL, NULL, '2018-04-26 19:12:12', '2018-04-26 19:12:12'),
(459, 594, 5, 0, NULL, NULL, '2018-04-26 19:12:12', '2018-04-26 19:12:12'),
(460, 634, 85, 0, NULL, NULL, '2018-04-26 19:12:12', '2018-04-26 19:12:12'),
(461, 575, 12, 0, NULL, NULL, '2018-04-26 19:12:12', '2018-04-26 19:12:12'),
(462, 596, 2, 0, NULL, NULL, '2018-04-26 19:12:12', '2018-04-26 19:12:12'),
(463, 597, 1, 0, NULL, NULL, '2018-04-26 19:12:12', '2018-04-26 19:12:12'),
(464, 598, 6, 0, NULL, NULL, '2018-04-26 19:12:12', '2018-04-26 19:12:12'),
(465, 478, 0, 3, NULL, NULL, '2018-04-26 20:31:13', '2018-04-26 20:31:13'),
(466, 488, 0, 1, NULL, NULL, '2018-04-26 20:31:13', '2018-04-26 20:31:13'),
(467, 627, 3, 0, NULL, NULL, '2018-04-26 22:22:04', '2018-04-26 22:22:04'),
(468, 628, 43, 0, NULL, NULL, '2018-04-26 22:22:04', '2018-04-26 22:22:04'),
(469, 630, 42, 0, NULL, NULL, '2018-04-26 22:22:04', '2018-04-26 22:22:04'),
(470, 629, 10, 0, NULL, NULL, '2018-04-26 22:22:04', '2018-04-26 22:22:04'),
(471, 648, 4, 0, NULL, NULL, '2018-04-26 22:22:04', '2018-04-26 22:22:04'),
(472, 647, 37, 0, NULL, NULL, '2018-04-26 22:22:04', '2018-04-26 22:22:04'),
(473, 646, 12, 0, NULL, NULL, '2018-04-26 22:22:04', '2018-04-26 22:22:04'),
(474, 636, 2, 0, NULL, NULL, '2018-04-26 22:22:04', '2018-04-26 22:22:04'),
(475, 638, 1, 0, NULL, NULL, '2018-04-26 22:22:04', '2018-04-26 22:22:04'),
(476, 637, 1, 0, NULL, NULL, '2018-04-26 22:22:04', '2018-04-26 22:22:04'),
(477, 639, 4, 0, NULL, NULL, '2018-04-26 22:22:04', '2018-04-26 22:22:04'),
(478, 641, 3, 0, NULL, NULL, '2018-04-26 22:22:04', '2018-04-26 22:22:04'),
(479, 642, 3, 0, NULL, NULL, '2018-04-26 22:22:04', '2018-04-26 22:22:04'),
(480, 643, 1, 0, NULL, NULL, '2018-04-26 22:22:04', '2018-04-26 22:22:04'),
(481, 645, 2, 0, NULL, NULL, '2018-04-26 22:22:04', '2018-04-26 22:22:04'),
(482, 644, 1, 0, NULL, NULL, '2018-04-26 22:22:04', '2018-04-26 22:22:04'),
(483, 610, 1, 0, NULL, NULL, '2018-04-26 23:52:02', '2018-04-26 23:52:02'),
(484, 618, 64, 0, NULL, NULL, '2018-04-26 23:52:02', '2018-04-26 23:52:02'),
(485, 619, 46, 0, NULL, NULL, '2018-04-26 23:52:02', '2018-04-26 23:52:02'),
(486, 617, 62, 0, NULL, NULL, '2018-04-26 23:52:02', '2018-04-26 23:52:02'),
(487, 615, 64, 0, NULL, NULL, '2018-04-26 23:52:02', '2018-04-26 23:52:02'),
(488, 616, 44, 0, NULL, NULL, '2018-04-26 23:52:02', '2018-04-26 23:52:02'),
(489, 614, 2, 0, NULL, NULL, '2018-04-26 23:52:02', '2018-04-26 23:52:02'),
(490, 613, 3, 0, NULL, NULL, '2018-04-26 23:52:02', '2018-04-26 23:52:02'),
(491, 612, 2, 0, NULL, NULL, '2018-04-26 23:52:02', '2018-04-26 23:52:02'),
(492, 600, 53, 0, NULL, NULL, '2018-04-26 23:52:02', '2018-04-26 23:52:02'),
(493, 602, 5, 0, NULL, NULL, '2018-04-26 23:52:02', '2018-04-26 23:52:02'),
(494, 601, 10, 0, NULL, NULL, '2018-04-26 23:52:02', '2018-04-26 23:52:02'),
(495, 603, 5, 0, NULL, NULL, '2018-04-26 23:52:02', '2018-04-26 23:52:02'),
(496, 604, 2, 0, NULL, NULL, '2018-04-26 23:52:02', '2018-04-26 23:52:02'),
(497, 605, 2, 0, NULL, NULL, '2018-04-26 23:52:02', '2018-04-26 23:52:02'),
(498, 606, 1, 0, NULL, NULL, '2018-04-26 23:52:02', '2018-04-26 23:52:02'),
(499, 607, 11, 0, NULL, NULL, '2018-04-26 23:52:02', '2018-04-26 23:52:02'),
(500, 608, 7, 0, NULL, NULL, '2018-04-26 23:52:02', '2018-04-26 23:52:02'),
(501, 609, 4, 0, NULL, NULL, '2018-04-26 23:52:02', '2018-04-26 23:52:02'),
(502, 611, 2, 0, NULL, NULL, '2018-04-26 23:52:02', '2018-04-26 23:52:02'),
(503, 104, 24, 0, NULL, NULL, '2018-04-26 23:59:31', '2018-04-26 23:59:31'),
(504, 110, 120, 0, NULL, NULL, '2018-04-26 23:59:31', '2018-04-26 23:59:31'),
(505, 9, 80, 0, NULL, NULL, '2018-04-26 23:59:31', '2018-04-26 23:59:31'),
(506, 136, 1, 0, NULL, NULL, '2018-04-26 23:59:31', '2018-04-26 23:59:31'),
(507, 587, 0, 1, NULL, NULL, '2018-04-27 00:11:59', '2018-04-27 00:11:59'),
(508, 292, 0, 6, NULL, NULL, '2018-04-27 01:19:00', '2018-04-27 01:19:00'),
(509, 205, 0, 1, NULL, NULL, '2018-04-28 15:32:35', '2018-04-28 15:32:35'),
(510, 45, 0, 1, NULL, NULL, '2018-04-28 15:32:35', '2018-04-28 15:32:35'),
(511, 653, 0, 4, NULL, NULL, '2018-04-28 17:17:41', '2018-04-28 17:17:41'),
(512, 652, 0, 6, NULL, NULL, '2018-04-28 17:17:41', '2018-04-28 17:17:41'),
(513, 654, 0, 2, NULL, NULL, '2018-04-28 17:17:41', '2018-04-28 17:17:41'),
(514, 282, 0, 8, NULL, NULL, '2018-04-28 17:17:41', '2018-04-28 17:17:41'),
(515, 301, 0, 1, NULL, NULL, '2018-04-28 17:17:41', '2018-04-28 17:17:41'),
(516, 502, 0, 2, NULL, NULL, '2018-04-28 17:17:41', '2018-04-28 17:17:41'),
(517, 476, 0, 1, NULL, NULL, '2018-04-28 17:17:41', '2018-04-28 17:17:41'),
(518, 467, 0, 1, NULL, NULL, '2018-04-28 17:17:41', '2018-04-28 17:17:41'),
(519, 500, 0, 1, NULL, NULL, '2018-04-28 17:17:41', '2018-04-28 17:17:41'),
(520, 287, 0, 1, NULL, NULL, '2018-04-28 17:17:41', '2018-04-28 17:17:41'),
(521, 658, 0, 12, NULL, NULL, '2018-04-28 17:17:41', '2018-04-28 17:17:41'),
(522, 575, 0, 3, NULL, NULL, '2018-04-28 17:17:41', '2018-04-28 17:17:41'),
(523, 655, 0, 3, NULL, NULL, '2018-04-28 17:17:41', '2018-04-28 17:17:41'),
(524, 657, 0, 1, NULL, NULL, '2018-04-28 17:17:41', '2018-04-28 17:17:41'),
(525, 656, 0, 10, NULL, NULL, '2018-04-28 17:17:41', '2018-04-28 17:17:41'),
(526, 210, 0, 6, NULL, NULL, '2018-04-28 17:30:31', '2018-04-28 17:30:31'),
(527, 207, 0, 2, NULL, NULL, '2018-04-28 17:30:31', '2018-04-28 17:30:31'),
(528, 282, 20, 0, NULL, NULL, '2018-04-28 18:29:18', '2018-04-28 18:29:18'),
(529, 284, 20, 0, NULL, NULL, '2018-04-28 18:29:18', '2018-04-28 18:29:18'),
(530, 285, 20, 0, NULL, NULL, '2018-04-28 18:29:18', '2018-04-28 18:29:18'),
(531, 288, 40, 0, NULL, NULL, '2018-04-28 18:29:18', '2018-04-28 18:29:18'),
(532, 425, 50, 0, NULL, NULL, '2018-04-28 18:29:18', '2018-04-28 18:29:18'),
(533, 94, 24, 0, NULL, NULL, '2018-04-28 18:29:18', '2018-04-28 18:29:18'),
(534, 85, 100, 0, NULL, NULL, '2018-04-28 18:29:18', '2018-04-28 18:29:18'),
(535, 84, 100, 0, NULL, NULL, '2018-04-28 18:29:18', '2018-04-28 18:29:18'),
(536, 95, 120, 0, NULL, NULL, '2018-04-28 18:29:18', '2018-04-28 18:29:18'),
(537, 134, 100, 0, NULL, NULL, '2018-04-28 18:29:18', '2018-04-28 18:29:18'),
(538, 135, 10, 0, NULL, NULL, '2018-04-28 18:29:18', '2018-04-28 18:29:18'),
(539, 649, 7, 0, NULL, NULL, '2018-04-28 18:55:11', '2018-04-28 18:55:11'),
(540, 650, 4, 0, NULL, NULL, '2018-04-28 18:55:11', '2018-04-28 18:55:11'),
(541, 665, 20, 0, NULL, NULL, '2018-04-28 18:55:11', '2018-04-28 18:55:11'),
(542, 666, 10, 0, NULL, NULL, '2018-04-28 18:55:11', '2018-04-28 18:55:11'),
(543, 651, 12, 0, NULL, NULL, '2018-04-28 18:55:11', '2018-04-28 18:55:11'),
(544, 659, 2, 0, NULL, NULL, '2018-04-28 18:55:11', '2018-04-28 18:55:11'),
(545, 660, 2, 0, NULL, NULL, '2018-04-28 18:55:11', '2018-04-28 18:55:11'),
(546, 661, 3, 0, NULL, NULL, '2018-04-28 18:55:11', '2018-04-28 18:55:11'),
(547, 662, 1, 0, NULL, NULL, '2018-04-28 18:55:11', '2018-04-28 18:55:11'),
(548, 663, 1, 0, NULL, NULL, '2018-04-28 18:55:11', '2018-04-28 18:55:11'),
(549, 664, 3, 0, NULL, NULL, '2018-04-28 18:55:11', '2018-04-28 18:55:11'),
(550, 667, 1, 0, NULL, NULL, '2018-04-28 18:55:11', '2018-04-28 18:55:11'),
(551, 205, 0, 1, NULL, NULL, '2018-04-28 19:13:27', '2018-04-28 19:13:27'),
(552, 668, 2, 0, NULL, NULL, '2018-04-28 20:00:15', '2018-04-28 20:00:15'),
(553, 669, 2, 0, NULL, NULL, '2018-04-28 20:00:15', '2018-04-28 20:00:15'),
(554, 670, 7, 0, NULL, NULL, '2018-04-28 20:00:15', '2018-04-28 20:00:15'),
(555, 671, 5, 0, NULL, NULL, '2018-04-28 20:00:15', '2018-04-28 20:00:15'),
(556, 672, 4, 0, NULL, NULL, '2018-04-28 20:00:15', '2018-04-28 20:00:15'),
(557, 673, 1, 0, NULL, NULL, '2018-04-28 20:00:15', '2018-04-28 20:00:15'),
(558, 674, 2, 0, NULL, NULL, '2018-04-28 20:00:15', '2018-04-28 20:00:15'),
(559, 675, 9, 0, NULL, NULL, '2018-04-28 20:00:15', '2018-04-28 20:00:15'),
(560, 676, 1, 0, NULL, NULL, '2018-04-28 20:00:15', '2018-04-28 20:00:15'),
(561, 677, 1, 0, NULL, NULL, '2018-04-28 20:00:15', '2018-04-28 20:00:15'),
(562, 678, 8, 0, NULL, NULL, '2018-04-28 20:00:15', '2018-04-28 20:00:15'),
(563, 679, 1, 0, NULL, NULL, '2018-04-28 20:00:15', '2018-04-28 20:00:15'),
(564, 680, 5, 0, NULL, NULL, '2018-04-28 20:00:15', '2018-04-28 20:00:15'),
(565, 681, 1, 0, NULL, NULL, '2018-04-28 20:00:15', '2018-04-28 20:00:15'),
(566, 682, 3, 0, NULL, NULL, '2018-04-28 20:00:15', '2018-04-28 20:00:15'),
(567, 110, 0, 48, NULL, NULL, '2018-04-28 20:29:06', '2018-04-28 20:29:06'),
(568, 458, 0, 1, NULL, NULL, '2018-04-28 21:09:47', '2018-04-28 21:09:47'),
(569, 81, 0, 12, NULL, NULL, '2018-04-28 21:17:16', '2018-04-28 21:17:16'),
(570, 161, 0, 1, NULL, NULL, '2018-04-28 21:58:59', '2018-04-28 21:58:59'),
(571, 458, 0, 20, NULL, NULL, '2018-04-28 22:00:47', '2018-04-28 22:00:47'),
(572, 207, 0, 1, NULL, NULL, '2018-04-28 22:07:26', '2018-04-28 22:07:26'),
(573, 210, 0, 2, NULL, NULL, '2018-04-28 22:07:26', '2018-04-28 22:07:26'),
(574, 683, 0, 37, NULL, NULL, '2018-04-28 23:12:52', '2018-04-28 23:12:52'),
(575, 683, 37, 0, NULL, NULL, '2018-04-28 23:18:00', '2018-04-28 23:18:00'),
(576, 155, 0, 12, NULL, NULL, '2018-04-28 23:53:51', '2018-04-28 23:53:51'),
(577, 55, 0, 12, NULL, NULL, '2018-04-29 00:04:24', '2018-04-29 00:04:24'),
(578, 25, 0, 12, NULL, NULL, '2018-04-29 00:04:24', '2018-04-29 00:04:24'),
(579, 502, 0, 1, NULL, NULL, '2018-04-29 00:45:12', '2018-04-29 00:45:12'),
(580, 47, 0, 1, NULL, NULL, '2018-04-29 00:45:12', '2018-04-29 00:45:12'),
(581, 25, 0, 8, NULL, NULL, '2018-04-29 00:57:04', '2018-04-29 00:57:04'),
(582, 205, 0, 1, NULL, NULL, '2018-04-29 01:24:20', '2018-04-29 01:24:20'),
(583, 479, 0, 2, NULL, NULL, '2018-04-29 01:53:51', '2018-04-29 01:53:51'),
(584, 507, 0, 1, NULL, NULL, '2018-04-29 01:53:51', '2018-04-29 01:53:51'),
(585, 523, 0, 2, NULL, NULL, '2018-04-29 01:53:51', '2018-04-29 01:53:51'),
(586, 16, 0, 24, NULL, NULL, '2018-04-29 02:12:15', '2018-04-29 02:12:15'),
(587, 503, 0, 10, NULL, NULL, '2018-04-29 02:12:15', '2018-04-29 02:12:15'),
(588, 39, 0, 60, NULL, NULL, '2018-04-29 18:02:48', '2018-04-29 18:02:48'),
(589, 75, 0, 60, NULL, NULL, '2018-04-29 18:02:48', '2018-04-29 18:02:48'),
(590, 111, 0, 60, NULL, NULL, '2018-04-29 18:02:48', '2018-04-29 18:02:48'),
(591, 47, 0, 15, NULL, NULL, '2018-04-29 18:02:48', '2018-04-29 18:02:48'),
(592, 429, 0, 20, NULL, NULL, '2018-04-29 18:02:48', '2018-04-29 18:02:48'),
(593, 14, 0, 120, NULL, NULL, '2018-04-29 18:02:48', '2018-04-29 18:02:48'),
(594, 16, 0, 36, NULL, NULL, '2018-04-29 18:02:48', '2018-04-29 18:02:48'),
(595, 19, 0, 24, NULL, NULL, '2018-04-29 18:02:48', '2018-04-29 18:02:48');

-- --------------------------------------------------------

--
-- Table structure for table `product_brand`
--

CREATE TABLE IF NOT EXISTS `product_brand` (
  `productBrandID` int(10) unsigned NOT NULL AUTO_INCREMENT,
  `name` varchar(191) COLLATE utf8mb4_unicode_ci NOT NULL,
  `type` varchar(10) COLLATE utf8mb4_unicode_ci DEFAULT 'Tiles',
  `userID` int(10) unsigned DEFAULT NULL,
  `deleted_at` timestamp NULL DEFAULT NULL,
  `created_at` timestamp NULL DEFAULT NULL,
  `updated_at` timestamp NULL DEFAULT NULL,
  PRIMARY KEY (`productBrandID`),
  UNIQUE KEY `product_brand_name_unique` (`name`),
  KEY `product_brand_userid_index` (`userID`)
) ENGINE=InnoDB  DEFAULT CHARSET=utf8mb4 COLLATE=utf8mb4_unicode_ci AUTO_INCREMENT=33 ;

--
-- Dumping data for table `product_brand`
--

INSERT INTO `product_brand` (`productBrandID`, `name`, `type`, `userID`, `deleted_at`, `created_at`, `updated_at`) VALUES
(3, 'Khan Trading', 'General', 1, NULL, '2017-11-02 22:19:23', '2017-11-02 22:19:42'),
(4, 'Dp', 'General', 1, NULL, '2017-11-06 17:14:32', '2017-11-06 17:14:32'),
(5, 'Kingshan', 'General', 1, NULL, '2017-11-07 00:14:22', '2017-11-07 00:14:22'),
(6, 'BM', 'General', 1, NULL, '2017-11-07 00:16:00', '2017-11-07 00:16:00'),
(7, 'CBE', 'General', 1, NULL, '2017-11-09 23:29:17', '2017-11-09 23:36:22'),
(8, 'Prodip', 'General', 1, NULL, '2017-11-09 23:36:04', '2018-04-10 14:33:53'),
(12, 'Galaxy', 'General', 1, NULL, '2017-11-13 21:31:48', '2017-11-13 21:31:48'),
(13, 'Gold', 'General', 1, NULL, '2017-11-13 23:12:26', '2017-11-13 23:12:26'),
(14, 'Platinum', 'General', 1, NULL, '2017-11-13 23:45:23', '2017-11-13 23:45:23'),
(15, 'Washing', 'General', 1, NULL, '2017-11-14 16:33:37', '2017-11-14 16:33:37'),
(16, 'Super star', 'General', 1, NULL, '2017-11-14 17:35:52', '2017-11-14 17:35:52'),
(18, 'BBS', 'General', 1, NULL, '2018-04-09 15:13:45', '2018-04-09 15:13:45'),
(19, 'Tabib', 'General', 1, NULL, '2018-04-09 15:14:06', '2018-04-09 15:14:06'),
(20, 'Super Shahin', 'General', 1, NULL, '2018-04-09 15:20:12', '2018-04-09 15:20:12'),
(21, 'partex', 'General', 1, NULL, '2018-04-09 15:37:21', '2018-04-09 15:37:21'),
(22, 'Power plus', 'General', 1, NULL, '2018-04-11 15:59:18', '2018-04-11 15:59:18'),
(23, 'Al-Aqsa', 'General', 1, NULL, '2018-04-21 22:17:41', '2018-04-21 22:20:57'),
(24, 'Politon', 'General', 1, NULL, '2018-04-21 23:04:28', '2018-04-21 23:04:28'),
(25, 'Chisty Group', 'General', 1, NULL, '2018-04-23 23:18:57', '2018-04-23 23:18:57'),
(29, 'Syl Power', 'General', 1, NULL, '2018-04-25 00:35:54', '2018-04-25 00:35:54'),
(30, 'Onnorokom', 'General', 1, NULL, '2018-04-25 23:03:17', '2018-04-25 23:20:09'),
(31, 'Maxxon', 'General', 1, NULL, '2018-04-25 23:43:40', '2018-04-25 23:43:40'),
(32, 'Sonic Trade', 'General', 1, NULL, '2018-04-26 00:05:50', '2018-04-26 00:05:50');

-- --------------------------------------------------------

--
-- Table structure for table `product_category`
--

CREATE TABLE IF NOT EXISTS `product_category` (
  `productCategoryID` int(10) unsigned NOT NULL AUTO_INCREMENT,
  `name` varchar(191) COLLATE utf8mb4_unicode_ci NOT NULL,
  `type` varchar(10) COLLATE utf8mb4_unicode_ci DEFAULT 'Tiles',
  `userID` int(10) unsigned DEFAULT NULL,
  `deleted_at` timestamp NULL DEFAULT NULL,
  `created_at` timestamp NULL DEFAULT NULL,
  `updated_at` timestamp NULL DEFAULT NULL,
  PRIMARY KEY (`productCategoryID`),
  UNIQUE KEY `product_category_name_unique` (`name`),
  KEY `product_category_userid_index` (`userID`)
) ENGINE=InnoDB  DEFAULT CHARSET=utf8mb4 COLLATE=utf8mb4_unicode_ci AUTO_INCREMENT=41 ;

--
-- Dumping data for table `product_category`
--

INSERT INTO `product_category` (`productCategoryID`, `name`, `type`, `userID`, `deleted_at`, `created_at`, `updated_at`) VALUES
(3, 'Holder & Switch', 'General', 1, NULL, '2017-11-02 22:20:40', '2017-11-02 22:20:40'),
(4, 'Charger lite', 'General', 1, NULL, '2017-11-06 17:13:07', '2017-11-06 17:13:07'),
(5, 'Maxxon', 'General', 1, NULL, '2017-11-07 00:18:21', '2017-11-07 00:18:21'),
(8, 'Charger light', 'General', 1, NULL, '2017-11-11 18:12:46', '2017-11-11 18:12:46'),
(11, 'Gang switch', 'General', 1, NULL, '2017-11-13 21:40:00', '2017-11-13 21:40:00'),
(14, 'Torch light', 'General', 1, NULL, '2017-11-14 16:26:44', '2017-11-14 16:26:44'),
(15, 'Torch', 'General', 1, NULL, '2017-11-14 16:32:56', '2017-11-14 16:32:56'),
(17, 'Dc Bulb', 'General', 1, NULL, '2017-11-14 17:34:20', '2017-11-14 17:34:20'),
(18, '1.0', 'General', 1, NULL, '2018-04-09 15:06:21', '2018-04-09 15:06:21'),
(19, 'BYA', 'General', 1, NULL, '2018-04-09 15:10:30', '2018-04-09 15:10:30'),
(20, 'FT', 'General', 1, NULL, '2018-04-09 15:11:03', '2018-04-09 15:11:03'),
(21, 'TT', 'General', 1, NULL, '2018-04-09 15:11:21', '2018-04-09 15:11:21'),
(22, 'Flexible', 'General', 1, NULL, '2018-04-09 15:13:21', '2018-04-09 15:13:21'),
(24, 'Surface Panel', 'General', 1, NULL, '2018-04-21 22:16:47', '2018-04-21 22:57:40'),
(25, 'Sircuit Breaker', 'General', 1, NULL, '2018-04-22 00:53:49', '2018-04-22 00:53:49'),
(26, 'Ciling fan', 'General', 1, NULL, '2018-04-23 23:17:01', '2018-04-24 18:18:50'),
(30, 'DB Box', 'General', 1, NULL, '2018-04-24 18:19:43', '2018-04-24 18:19:43'),
(31, 'Main Switch', 'General', 1, NULL, '2018-04-24 20:32:35', '2018-04-24 20:32:35'),
(32, 'fittings', 'General', 1, NULL, '2018-04-25 15:39:58', '2018-04-26 14:46:27'),
(33, 'Solar/Dc', 'General', 1, NULL, '2018-04-25 22:02:12', '2018-04-25 22:02:54'),
(35, 'Stand Fan', 'General', 1, NULL, '2018-04-25 23:43:20', '2018-04-25 23:43:20'),
(36, 'Round', 'General', 1, NULL, '2018-04-25 23:55:00', '2018-04-25 23:55:00'),
(37, 'Pvc Tape', 'General', 1, NULL, '2018-04-26 00:04:48', '2018-04-26 00:04:48'),
(38, 'Led Bulb', 'General', 1, NULL, '2018-04-26 16:51:11', '2018-04-26 16:51:11'),
(39, 'Cfl Bulb', 'General', 1, NULL, '2018-04-26 16:51:44', '2018-04-26 16:51:44'),
(40, 'Cherger Fan', 'General', 1, NULL, '2018-04-26 20:58:48', '2018-04-26 20:58:48');

-- --------------------------------------------------------

--
-- Table structure for table `product_damage`
--

CREATE TABLE IF NOT EXISTS `product_damage` (
  `damageID` int(10) unsigned NOT NULL AUTO_INCREMENT,
  `productID` int(10) unsigned DEFAULT NULL,
  `quantity` int(11) NOT NULL DEFAULT '1',
  `buyPrice` double(8,2) DEFAULT '0.00',
  `description` varchar(191) COLLATE utf8mb4_unicode_ci DEFAULT NULL,
  `userID` int(10) unsigned DEFAULT NULL,
  `deleted_at` timestamp NULL DEFAULT NULL,
  `created_at` timestamp NULL DEFAULT NULL,
  `updated_at` timestamp NULL DEFAULT NULL,
  PRIMARY KEY (`damageID`),
  KEY `product_damage_productid_index` (`productID`),
  KEY `product_damage_userid_index` (`userID`)
) ENGINE=InnoDB DEFAULT CHARSET=utf8mb4 COLLATE=utf8mb4_unicode_ci AUTO_INCREMENT=1 ;

-- --------------------------------------------------------

--
-- Table structure for table `product_size`
--

CREATE TABLE IF NOT EXISTS `product_size` (
  `productSizeID` int(10) unsigned NOT NULL AUTO_INCREMENT,
  `height` int(11) NOT NULL DEFAULT '0',
  `width` int(11) NOT NULL DEFAULT '0',
  `userID` int(10) unsigned DEFAULT NULL,
  `deleted_at` timestamp NULL DEFAULT NULL,
  `created_at` timestamp NULL DEFAULT NULL,
  `updated_at` timestamp NULL DEFAULT NULL,
  PRIMARY KEY (`productSizeID`),
  UNIQUE KEY `product_size_height_width_unique` (`height`,`width`),
  KEY `product_size_userid_index` (`userID`)
) ENGINE=InnoDB DEFAULT CHARSET=utf8mb4 COLLATE=utf8mb4_unicode_ci AUTO_INCREMENT=1 ;

-- --------------------------------------------------------

--
-- Table structure for table `purchase`
--

CREATE TABLE IF NOT EXISTS `purchase` (
  `purchaseID` int(10) unsigned NOT NULL AUTO_INCREMENT,
  `receiptID` int(10) unsigned DEFAULT NULL,
  `productID` int(10) unsigned DEFAULT NULL,
  `quantity` int(11) DEFAULT '1',
  `unitPrice` double(8,2) DEFAULT '0.00',
  `isReturn` tinyint(1) NOT NULL DEFAULT '0',
  `userID` int(10) unsigned DEFAULT NULL,
  `deleted_at` timestamp NULL DEFAULT NULL,
  `created_at` timestamp NULL DEFAULT NULL,
  `updated_at` timestamp NULL DEFAULT NULL,
  PRIMARY KEY (`purchaseID`),
  KEY `purchase_receiptid_index` (`receiptID`),
  KEY `purchase_productid_index` (`productID`),
  KEY `purchase_userid_index` (`userID`)
) ENGINE=InnoDB  DEFAULT CHARSET=utf8mb4 COLLATE=utf8mb4_unicode_ci AUTO_INCREMENT=479 ;

--
-- Dumping data for table `purchase`
--

INSERT INTO `purchase` (`purchaseID`, `receiptID`, `productID`, `quantity`, `unitPrice`, `isReturn`, `userID`, `deleted_at`, `created_at`, `updated_at`) VALUES
(1, 1, 285, 16, 260.00, 0, 1, NULL, '2018-04-09 14:54:20', '2018-04-09 14:54:20'),
(2, 1, 286, 12, 180.00, 0, 1, NULL, '2018-04-09 14:54:20', '2018-04-09 14:54:20'),
(3, 1, 287, 20, 300.00, 0, 1, NULL, '2018-04-09 14:54:20', '2018-04-09 14:54:20'),
(4, 1, 289, 6, 221.25, 0, 1, NULL, '2018-04-09 14:54:20', '2018-04-09 14:54:20'),
(5, 1, 290, 21, 240.00, 0, 1, NULL, '2018-04-09 14:54:20', '2018-04-09 14:54:20'),
(6, 1, 291, 21, 360.00, 0, 1, NULL, '2018-04-09 14:54:20', '2018-04-09 14:54:20'),
(7, 1, 292, 13, 201.00, 0, 1, NULL, '2018-04-09 14:54:20', '2018-04-09 14:54:20'),
(8, 1, 293, 10, 210.00, 0, 1, NULL, '2018-04-09 14:54:20', '2018-04-09 14:54:20'),
(9, 1, 297, 29, 201.00, 0, 1, NULL, '2018-04-09 14:54:20', '2018-04-09 14:54:20'),
(10, 1, 298, 17, 330.00, 0, 1, NULL, '2018-04-09 14:54:20', '2018-04-09 14:54:20'),
(11, 1, 300, 18, 300.00, 0, 1, NULL, '2018-04-09 14:54:20', '2018-04-09 14:54:20'),
(12, 1, 301, 23, 420.00, 0, 1, NULL, '2018-04-09 14:54:20', '2018-04-09 14:54:20'),
(13, 1, 302, 7, 141.00, 0, 1, NULL, '2018-04-09 14:54:20', '2018-04-09 14:54:20'),
(14, 1, 304, 7, 300.00, 0, 1, NULL, '2018-04-09 14:54:20', '2018-04-09 14:54:20'),
(15, 1, 305, 4, 201.00, 0, 1, NULL, '2018-04-09 14:54:20', '2018-04-09 14:54:20'),
(16, 1, NULL, 30, 0.00, 0, 1, NULL, '2018-04-09 14:54:20', '2018-04-09 14:54:20'),
(17, 2, NULL, 22, 45.50, 0, 1, NULL, '2018-04-10 17:21:23', '2018-04-10 17:21:23'),
(18, 2, NULL, 28, 136.50, 0, 1, NULL, '2018-04-10 17:21:23', '2018-04-10 17:21:23'),
(19, 2, NULL, 43, 156.00, 0, 1, NULL, '2018-04-10 17:21:23', '2018-04-10 17:21:23'),
(20, 2, NULL, 33, 130.00, 0, 1, NULL, '2018-04-10 17:21:23', '2018-04-10 17:21:23'),
(21, 2, NULL, 56, 156.00, 0, 1, NULL, '2018-04-10 17:21:23', '2018-04-10 17:21:23'),
(22, 2, NULL, 42, 156.00, 0, 1, NULL, '2018-04-10 17:21:23', '2018-04-10 17:21:23'),
(23, 2, NULL, 18, 169.00, 0, 1, NULL, '2018-04-10 17:21:23', '2018-04-10 17:21:23'),
(24, 2, NULL, 51, 201.50, 0, 1, NULL, '2018-04-10 17:21:23', '2018-04-10 17:21:23'),
(25, 2, NULL, 19, 201.50, 0, 1, NULL, '2018-04-10 17:21:23', '2018-04-10 17:21:23'),
(26, 2, 316, 41, 162.50, 0, 1, NULL, '2018-04-10 17:21:23', '2018-04-10 17:21:23'),
(27, 2, 317, 52, 162.50, 0, 1, NULL, '2018-04-10 17:21:23', '2018-04-10 17:21:23'),
(28, 2, 318, 23, 214.50, 0, 1, NULL, '2018-04-10 17:21:23', '2018-04-10 17:21:23'),
(29, 2, 321, 43, 110.50, 0, 1, NULL, '2018-04-10 17:21:23', '2018-04-10 17:21:23'),
(30, 2, 322, 10, 110.50, 0, 1, NULL, '2018-04-10 17:21:23', '2018-04-10 17:21:23'),
(31, 2, 323, 19, 149.50, 0, 1, NULL, '2018-04-10 17:21:23', '2018-04-10 17:21:23'),
(32, 2, 328, 56, 305.50, 0, 1, NULL, '2018-04-10 17:21:23', '2018-04-10 17:21:23'),
(33, 2, 329, 43, 325.00, 0, 1, NULL, '2018-04-10 17:21:23', '2018-04-10 17:21:23'),
(34, 2, 330, 7, 110.50, 0, 1, NULL, '2018-04-10 17:21:23', '2018-04-10 17:21:23'),
(35, 3, 286, 34, 180.00, 0, 1, NULL, '2018-04-10 19:01:01', '2018-04-10 19:01:01'),
(36, 4, 283, 44, 82.50, 0, 1, NULL, '2018-04-10 19:37:32', '2018-04-10 19:37:32'),
(37, 4, 287, 24, 296.25, 0, 1, NULL, '2018-04-10 19:37:32', '2018-04-10 19:37:32'),
(38, 4, 289, 25, 221.00, 0, 1, NULL, '2018-04-10 19:37:32', '2018-04-10 19:37:32'),
(39, 4, 291, 3, 412.50, 0, 1, NULL, '2018-04-10 19:37:32', '2018-04-10 19:37:32'),
(40, 4, 292, 26, 180.00, 0, 1, NULL, '2018-04-10 19:37:32', '2018-04-10 19:37:32'),
(41, 4, 282, 11, 146.25, 0, 1, NULL, '2018-04-10 19:37:32', '2018-04-10 19:37:32'),
(42, 4, 293, 40, 210.00, 0, 1, NULL, '2018-04-10 19:37:32', '2018-04-10 19:37:32'),
(43, 4, 294, 7, 296.00, 0, 1, NULL, '2018-04-10 19:37:32', '2018-04-10 19:37:32'),
(44, 4, 295, 17, 285.00, 0, 1, NULL, '2018-04-10 19:37:32', '2018-04-10 19:37:32'),
(45, 4, 296, 16, 221.25, 0, 1, NULL, '2018-04-10 19:37:32', '2018-04-10 19:37:32'),
(46, 4, 298, 10, 300.00, 0, 1, NULL, '2018-04-10 19:37:32', '2018-04-10 19:37:32'),
(47, 4, 300, 50, 375.00, 0, 1, NULL, '2018-04-10 19:37:32', '2018-04-10 19:37:32'),
(48, 4, 302, 8, 146.25, 0, 1, NULL, '2018-04-10 19:37:32', '2018-04-10 19:37:32'),
(49, 4, 305, 4, 217.75, 0, 1, NULL, '2018-04-10 19:37:32', '2018-04-10 19:37:32'),
(50, 5, 355, 39, 420.00, 0, 1, NULL, '2018-04-10 19:56:46', '2018-04-10 19:56:46'),
(51, 5, 284, 16, 172.50, 0, 1, NULL, '2018-04-10 19:56:46', '2018-04-10 19:56:46'),
(52, 5, 322, 29, 110.50, 0, 1, NULL, '2018-04-10 19:56:46', '2018-04-10 19:56:46'),
(53, 5, 329, 27, 325.00, 0, 1, NULL, '2018-04-10 19:56:46', '2018-04-10 19:56:46'),
(54, 5, 325, 10, 195.00, 0, 1, NULL, '2018-04-10 19:56:46', '2018-04-10 19:56:46'),
(55, 5, 324, 50, 182.00, 0, 1, NULL, '2018-04-10 19:56:46', '2018-04-10 19:56:46'),
(56, 5, 327, 36, 195.00, 0, 1, NULL, '2018-04-10 19:56:46', '2018-04-10 19:56:46'),
(57, 5, 330, 13, 110.50, 0, 1, NULL, '2018-04-10 19:56:46', '2018-04-10 19:56:46'),
(58, 5, 326, 90, 195.00, 0, 1, NULL, '2018-04-10 19:56:46', '2018-04-10 19:56:46'),
(59, 6, NULL, 22, 42.00, 0, 1, NULL, '2018-04-10 23:00:13', '2018-04-10 23:00:13'),
(60, 6, 357, 28, 87.00, 0, 1, NULL, '2018-04-10 23:00:13', '2018-04-10 23:00:13'),
(61, 7, 358, 28, 126.00, 0, 1, NULL, '2018-04-11 00:28:16', '2018-04-11 00:28:16'),
(62, 7, 359, 43, 144.00, 0, 1, NULL, '2018-04-11 00:28:16', '2018-04-11 00:28:16'),
(63, 7, 360, 33, 120.00, 0, 1, NULL, '2018-04-11 00:28:16', '2018-04-11 00:28:16'),
(64, 7, 361, 56, 144.00, 0, 1, NULL, '2018-04-11 00:28:16', '2018-04-11 00:28:16'),
(65, 7, 362, 42, 144.00, 0, 1, NULL, '2018-04-11 00:28:16', '2018-04-11 00:28:16'),
(66, 7, 363, 18, 156.00, 0, 1, NULL, '2018-04-11 00:28:16', '2018-04-11 00:28:16'),
(67, 7, 364, 51, 186.00, 0, 1, NULL, '2018-04-11 00:28:16', '2018-04-11 00:28:16'),
(68, 8, 365, 22, 42.00, 0, 1, NULL, '2018-04-11 00:35:59', '2018-04-11 00:35:59'),
(69, 9, NULL, 19, 201.50, 0, 1, NULL, '2018-04-11 15:26:11', '2018-04-11 15:26:11'),
(70, 10, 367, 38, 63.00, 0, 1, NULL, '2018-04-11 16:52:41', '2018-04-11 16:52:41'),
(71, 11, 369, 20, 122.85, 0, 1, NULL, '2018-04-11 18:06:08', '2018-04-11 18:06:08'),
(72, 12, 371, 2, 157.50, 0, 1, NULL, '2018-04-11 18:08:22', '2018-04-11 18:08:22'),
(73, 13, 372, 2, 170.10, 0, 1, NULL, '2018-04-11 18:11:03', '2018-04-11 18:11:03'),
(74, 14, 373, 96, 170.10, 0, 1, NULL, '2018-04-11 18:15:41', '2018-04-11 18:15:41'),
(75, 15, 376, 88, 182.70, 0, 1, NULL, '2018-04-11 18:30:10', '2018-04-11 18:30:10'),
(76, 16, 379, 60, 157.50, 0, 1, NULL, '2018-04-11 18:32:34', '2018-04-11 18:32:34'),
(77, 17, 382, 33, 296.10, 0, 1, NULL, '2018-04-11 18:35:01', '2018-04-11 18:35:01'),
(78, 18, 381, 21, 239.40, 0, 1, NULL, '2018-04-11 18:36:48', '2018-04-11 18:36:48'),
(79, 19, 380, 65, 245.70, 0, 1, NULL, '2018-04-11 18:38:11', '2018-04-11 18:38:11'),
(80, 20, 378, 61, 157.50, 0, 1, NULL, '2018-04-11 18:39:31', '2018-04-11 18:39:31'),
(81, 21, 368, 14, 119.70, 0, 1, NULL, '2018-04-11 18:41:34', '2018-04-11 18:41:34'),
(82, 22, 377, 19, 157.50, 0, 1, NULL, '2018-04-11 18:43:26', '2018-04-11 18:43:26'),
(83, 23, 383, 55, 69.30, 0, 1, NULL, '2018-04-11 19:36:27', '2018-04-11 19:36:27'),
(84, 24, 385, 103, 132.30, 0, 1, NULL, '2018-04-11 19:40:35', '2018-04-11 19:40:35'),
(85, 25, 387, 19, 173.25, 0, 1, NULL, '2018-04-11 19:43:59', '2018-04-11 19:43:59'),
(86, 26, 388, 23, 189.00, 0, 1, NULL, '2018-04-11 19:45:35', '2018-04-11 19:45:35'),
(87, 27, 392, 66, 195.30, 0, 1, NULL, '2018-04-11 19:47:24', '2018-04-11 19:47:24'),
(88, 28, 395, 78, 173.25, 0, 1, NULL, '2018-04-11 19:49:06', '2018-04-11 19:49:06'),
(89, 29, 396, 61, 264.60, 0, 1, NULL, '2018-04-11 19:51:15', '2018-04-11 19:51:15'),
(90, 30, 397, 23, 261.45, 0, 1, NULL, '2018-04-11 19:52:56', '2018-04-11 19:52:56'),
(91, 31, 391, 17, 214.20, 0, 1, NULL, '2018-04-11 19:54:15', '2018-04-11 19:54:15'),
(92, 32, 394, 40, 173.25, 0, 1, NULL, '2018-04-11 19:55:54', '2018-04-11 19:55:54'),
(93, 33, 384, 9, 126.00, 0, 1, NULL, '2018-04-11 19:57:10', '2018-04-11 19:57:10'),
(94, 34, 393, 42, 173.25, 0, 1, NULL, '2018-04-11 19:58:28', '2018-04-11 19:58:28'),
(95, 35, 373, 30, 170.10, 0, 1, NULL, '2018-04-11 19:59:52', '2018-04-11 19:59:52'),
(96, 36, 399, 48, 110.25, 0, 1, NULL, '2018-04-11 22:10:08', '2018-04-11 22:10:08'),
(97, 37, 403, 39, 220.50, 0, 1, NULL, '2018-04-11 22:11:34', '2018-04-11 22:11:34'),
(98, 38, 404, 72, 239.40, 0, 1, NULL, '2018-04-11 22:13:42', '2018-04-11 22:13:42'),
(99, 39, 407, 94, 267.75, 0, 1, NULL, '2018-04-11 22:39:40', '2018-04-11 22:39:40'),
(100, 39, 408, 37, 239.40, 0, 1, NULL, '2018-04-11 22:39:40', '2018-04-11 22:39:40'),
(101, 39, 414, 78, 340.20, 0, 1, NULL, '2018-04-11 22:39:40', '2018-04-11 22:39:40'),
(102, 39, 413, 94, 289.80, 0, 1, NULL, '2018-04-11 22:39:40', '2018-04-11 22:39:40'),
(103, 39, 412, 16, 296.10, 0, 1, NULL, '2018-04-11 22:39:40', '2018-04-11 22:39:40'),
(104, 39, 411, 1, 192.15, 0, 1, NULL, '2018-04-11 22:39:40', '2018-04-11 22:39:40'),
(105, 39, 409, 10, 192.15, 0, 1, NULL, '2018-04-11 22:39:40', '2018-04-11 22:39:40'),
(106, 39, 410, 40, 192.15, 0, 1, NULL, '2018-04-11 22:39:40', '2018-04-11 22:39:40'),
(107, 39, 405, 8, 201.60, 0, 1, NULL, '2018-04-11 22:39:40', '2018-04-11 22:39:40'),
(108, 39, 401, 40, 174.40, 0, 1, NULL, '2018-04-11 22:39:40', '2018-04-11 22:39:40'),
(109, 39, 400, 3, 141.75, 0, 1, NULL, '2018-04-11 22:39:40', '2018-04-11 22:39:40'),
(110, 39, 406, 7, 233.10, 0, 1, NULL, '2018-04-11 22:39:40', '2018-04-11 22:39:40'),
(111, 40, 389, 30, 189.00, 0, 1, NULL, '2018-04-11 23:08:11', '2018-04-11 23:08:11'),
(112, 41, 210, 80, 275.00, 0, 1, NULL, '2018-04-15 22:21:45', '2018-04-15 22:21:45'),
(113, 41, 209, 80, 275.00, 0, 1, NULL, '2018-04-15 22:21:45', '2018-04-15 22:21:45'),
(114, 41, 208, 101, 305.00, 0, 1, NULL, '2018-04-15 22:21:45', '2018-04-15 22:21:45'),
(115, 41, 207, 80, 325.00, 0, 1, NULL, '2018-04-15 22:21:45', '2018-04-15 22:21:45'),
(116, 41, 206, 80, 345.00, 0, 1, NULL, '2018-04-15 22:21:45', '2018-04-15 22:21:45'),
(117, 41, 205, 60, 385.00, 0, 1, NULL, '2018-04-15 22:21:45', '2018-04-15 22:21:45'),
(118, 42, 3, 459, 16.60, 0, 1, NULL, '2018-04-19 15:08:34', '2018-04-19 15:08:34'),
(119, 42, 4, 616, 16.60, 0, 1, NULL, '2018-04-19 15:08:34', '2018-04-19 15:08:34'),
(120, 42, 5, 456, 18.30, 0, 1, NULL, '2018-04-19 15:08:34', '2018-04-19 15:08:34'),
(121, 42, 6, 450, 20.00, 0, 1, NULL, '2018-04-19 15:08:34', '2018-04-19 15:08:34'),
(122, 42, 7, 285, 21.30, 0, 1, NULL, '2018-04-19 15:08:34', '2018-04-19 15:08:34'),
(123, 42, 8, 304, 21.30, 0, 1, NULL, '2018-04-19 15:08:34', '2018-04-19 15:08:34'),
(124, 42, 10, 39, 133.00, 0, 1, NULL, '2018-04-19 15:08:34', '2018-04-19 15:08:34'),
(125, 42, 11, 187, 109.30, 0, 1, NULL, '2018-04-19 15:08:34', '2018-04-19 15:08:34'),
(126, 43, 415, 19, 114.00, 0, 1, NULL, '2018-04-19 16:21:14', '2018-04-19 16:21:14'),
(127, 43, 416, 30, 114.00, 0, 1, NULL, '2018-04-19 16:21:14', '2018-04-19 16:21:14'),
(128, 43, 14, 280, 14.30, 0, 1, NULL, '2018-04-19 16:21:14', '2018-04-19 16:21:14'),
(129, 43, 16, 287, 14.30, 0, 1, NULL, '2018-04-19 16:21:14', '2018-04-19 16:21:14'),
(130, 43, 17, 271, 15.40, 0, 1, NULL, '2018-04-19 16:21:14', '2018-04-19 16:21:14'),
(131, 43, 18, 276, 15.40, 0, 1, NULL, '2018-04-19 16:21:14', '2018-04-19 16:21:14'),
(132, 43, 19, 137, 17.40, 0, 1, NULL, '2018-04-19 16:21:14', '2018-04-19 16:21:14'),
(133, 43, 20, 192, 17.40, 0, 1, NULL, '2018-04-19 16:21:14', '2018-04-19 16:21:14'),
(134, 43, 21, 60, 61.80, 0, 1, NULL, '2018-04-19 16:21:14', '2018-04-19 16:21:14'),
(135, 43, 22, 100, 52.30, 0, 1, NULL, '2018-04-19 16:21:14', '2018-04-19 16:21:14'),
(136, 43, 23, 172, 24.20, 0, 1, NULL, '2018-04-19 16:21:14', '2018-04-19 16:21:14'),
(137, 43, 24, 412, 24.20, 0, 1, NULL, '2018-04-19 16:21:14', '2018-04-19 16:21:14'),
(138, 43, 25, 489, 24.20, 0, 1, NULL, '2018-04-19 16:21:14', '2018-04-19 16:21:14'),
(139, 43, 26, 128, 24.20, 0, 1, NULL, '2018-04-19 16:21:14', '2018-04-19 16:21:14'),
(140, 43, 27, 276, 16.30, 0, 1, NULL, '2018-04-19 16:21:14', '2018-04-19 16:21:14'),
(141, 43, 28, 36, 17.00, 0, 1, NULL, '2018-04-19 16:21:14', '2018-04-19 16:21:14'),
(142, 43, 29, 192, 13.50, 0, 1, NULL, '2018-04-19 16:21:14', '2018-04-19 16:21:14'),
(143, 43, 30, 180, 42.80, 0, 1, NULL, '2018-04-19 16:21:14', '2018-04-19 16:21:14'),
(144, 43, 31, 120, 22.60, 0, 1, NULL, '2018-04-19 16:21:14', '2018-04-19 16:21:14'),
(145, 43, 32, 240, 24.20, 0, 1, NULL, '2018-04-19 16:21:14', '2018-04-19 16:21:14'),
(146, 43, 33, 144, 13.50, 0, 1, NULL, '2018-04-19 16:21:14', '2018-04-19 16:21:14'),
(147, 43, 34, 384, 13.10, 0, 1, NULL, '2018-04-19 16:21:14', '2018-04-19 16:21:14'),
(148, 43, 35, 48, 19.00, 0, 1, NULL, '2018-04-19 16:21:14', '2018-04-19 16:21:14'),
(149, 43, 36, 4, 46.00, 0, 1, NULL, '2018-04-19 16:21:14', '2018-04-19 16:21:14'),
(150, 43, 37, 132, 16.30, 0, 1, NULL, '2018-04-19 16:21:14', '2018-04-19 16:21:14'),
(151, 43, 38, 48, 13.90, 0, 1, NULL, '2018-04-19 16:21:14', '2018-04-19 16:21:14'),
(152, 43, 39, 397, 14.70, 0, 1, NULL, '2018-04-19 16:21:14', '2018-04-19 16:21:14'),
(153, 43, 40, 38, 61.80, 0, 1, NULL, '2018-04-19 16:21:14', '2018-04-19 16:21:14'),
(154, 43, 41, 15, 109.30, 0, 1, NULL, '2018-04-19 16:21:14', '2018-04-19 16:21:14'),
(155, 43, 42, 21, 133.00, 0, 1, NULL, '2018-04-19 16:21:14', '2018-04-19 16:21:14'),
(156, 44, 43, 243, 33.30, 0, 1, NULL, '2018-04-19 17:15:34', '2018-04-19 17:15:34'),
(157, 44, 44, 88, 21.80, 0, 1, NULL, '2018-04-19 17:15:34', '2018-04-19 17:15:34'),
(158, 44, 45, 245, 18.20, 0, 1, NULL, '2018-04-19 17:15:34', '2018-04-19 17:15:34'),
(159, 44, 46, 36, 19.00, 0, 1, NULL, '2018-04-19 17:15:34', '2018-04-19 17:15:34'),
(160, 44, 47, 52, 104.50, 0, 1, NULL, '2018-04-19 17:15:34', '2018-04-19 17:15:34'),
(161, 44, 48, 76, 16.30, 0, 1, NULL, '2018-04-19 17:15:34', '2018-04-19 17:15:34'),
(162, 44, 49, 19, 16.30, 0, 1, NULL, '2018-04-19 17:15:34', '2018-04-19 17:15:34'),
(163, 44, 50, 295, 18.20, 0, 1, NULL, '2018-04-19 17:15:34', '2018-04-19 17:15:34'),
(164, 44, 51, 240, 23.40, 0, 1, NULL, '2018-04-19 17:15:34', '2018-04-19 17:15:34'),
(165, 44, 53, 77, 19.40, 0, 1, NULL, '2018-04-19 17:15:34', '2018-04-19 17:15:34'),
(166, 44, 54, 87, 16.30, 0, 1, NULL, '2018-04-19 17:15:34', '2018-04-19 17:15:34'),
(167, 44, 55, 271, 22.60, 0, 1, NULL, '2018-04-19 17:15:34', '2018-04-19 17:15:34'),
(168, 44, 56, 254, 298.00, 0, 1, NULL, '2018-04-19 17:15:34', '2018-04-19 17:15:34'),
(169, 44, 57, 354, 35.70, 0, 1, NULL, '2018-04-19 17:15:34', '2018-04-19 17:15:34'),
(170, 44, 58, 85, 38.80, 0, 1, NULL, '2018-04-19 17:15:34', '2018-04-19 17:15:34'),
(171, 44, 59, 138, 25.00, 0, 1, NULL, '2018-04-19 17:15:34', '2018-04-19 17:15:34'),
(172, 44, 61, 267, 27.00, 0, 1, NULL, '2018-04-19 17:15:34', '2018-04-19 17:15:34'),
(173, 44, 62, 256, 19.00, 0, 1, NULL, '2018-04-19 17:15:34', '2018-04-19 17:15:34'),
(174, 44, 63, 456, 23.80, 0, 1, NULL, '2018-04-19 17:15:34', '2018-04-19 17:15:34'),
(175, 44, 65, 178, 21.00, 0, 1, NULL, '2018-04-19 17:15:34', '2018-04-19 17:15:34'),
(176, 44, 52, 264, 23.40, 0, 1, NULL, '2018-04-19 17:15:34', '2018-04-19 17:15:34'),
(177, 44, 66, 197, 38.80, 0, 1, NULL, '2018-04-19 17:15:34', '2018-04-19 17:15:34'),
(178, 44, 68, 137, 24.20, 0, 1, NULL, '2018-04-19 17:15:34', '2018-04-19 17:15:34'),
(179, 44, 69, 24, 38.40, 0, 1, NULL, '2018-04-19 17:15:34', '2018-04-19 17:15:34'),
(180, 44, 70, 180, 32.10, 0, 1, NULL, '2018-04-19 17:15:34', '2018-04-19 17:15:34'),
(181, 44, 71, 394, 36.10, 0, 1, NULL, '2018-04-19 17:15:34', '2018-04-19 17:15:34'),
(182, 44, 72, 234, 32.10, 0, 1, NULL, '2018-04-19 17:15:34', '2018-04-19 17:15:34'),
(183, 44, 73, 384, 22.20, 0, 1, NULL, '2018-04-19 17:15:34', '2018-04-19 17:15:34'),
(184, 45, 74, 521, 22.20, 0, 1, NULL, '2018-04-19 19:37:53', '2018-04-19 19:37:53'),
(185, 45, 75, 12, 23.40, 0, 1, NULL, '2018-04-19 19:37:53', '2018-04-19 19:37:53'),
(186, 45, 77, 240, 27.40, 0, 1, NULL, '2018-04-19 19:37:53', '2018-04-19 19:37:53'),
(187, 45, 78, 24, 27.40, 0, 1, NULL, '2018-04-19 19:37:53', '2018-04-19 19:37:53'),
(188, 45, 417, 86, 22.20, 0, 1, NULL, '2018-04-19 19:37:53', '2018-04-19 19:37:53'),
(189, 45, 79, 292, 17.90, 0, 1, NULL, '2018-04-19 19:37:53', '2018-04-19 19:37:53'),
(190, 45, 81, 46, 128.30, 0, 1, NULL, '2018-04-19 19:37:53', '2018-04-19 19:37:53'),
(191, 45, 86, 108, 37.60, 0, 1, NULL, '2018-04-19 19:37:53', '2018-04-19 19:37:53'),
(192, 45, 87, 184, 37.60, 0, 1, NULL, '2018-04-19 19:37:53', '2018-04-19 19:37:53'),
(193, 45, 88, 41, 36.10, 0, 1, NULL, '2018-04-19 19:37:54', '2018-04-19 19:37:54'),
(194, 45, 89, 24, 36.10, 0, 1, NULL, '2018-04-19 19:37:54', '2018-04-19 19:37:54'),
(195, 45, 90, 115, 36.10, 0, 1, NULL, '2018-04-19 19:37:54', '2018-04-19 19:37:54'),
(196, 45, 91, 111, 11.50, 0, 1, NULL, '2018-04-19 19:37:54', '2018-04-19 19:37:54'),
(197, 45, 92, 132, 12.70, 0, 1, NULL, '2018-04-19 19:37:54', '2018-04-19 19:37:54'),
(198, 45, 93, 126, 36.90, 0, 1, NULL, '2018-04-19 19:37:54', '2018-04-19 19:37:54'),
(199, 45, 94, 15, 32.10, 0, 1, NULL, '2018-04-19 19:37:54', '2018-04-19 19:37:54'),
(200, 45, 96, 84, 36.90, 0, 1, NULL, '2018-04-19 19:37:54', '2018-04-19 19:37:54'),
(201, 45, 97, 33, 23.40, 0, 1, NULL, '2018-04-19 19:37:54', '2018-04-19 19:37:54'),
(202, 45, 98, 6, 527.30, 0, 1, NULL, '2018-04-19 19:37:54', '2018-04-19 19:37:54'),
(203, 45, 99, 327, 23.40, 0, 1, NULL, '2018-04-19 19:37:54', '2018-04-19 19:37:54'),
(204, 45, 100, 317, 36.90, 0, 1, NULL, '2018-04-19 19:37:54', '2018-04-19 19:37:54'),
(205, 45, 101, 72, 32.10, 0, 1, NULL, '2018-04-19 19:37:54', '2018-04-19 19:37:54'),
(206, 45, 103, 188, 36.90, 0, 1, NULL, '2018-04-19 19:37:54', '2018-04-19 19:37:54'),
(207, 45, 108, 112, 38.00, 0, 1, NULL, '2018-04-19 19:37:54', '2018-04-19 19:37:54'),
(208, 45, 109, 333, 13.00, 0, 1, NULL, '2018-04-19 19:37:54', '2018-04-19 19:37:54'),
(209, 45, 111, 384, 10.00, 0, 1, NULL, '2018-04-19 19:37:54', '2018-04-19 19:37:54'),
(210, 45, 112, 138, 11.10, 0, 1, NULL, '2018-04-19 19:37:54', '2018-04-19 19:37:54'),
(211, 45, 113, 144, 34.10, 0, 1, NULL, '2018-04-19 19:37:54', '2018-04-19 19:37:54'),
(212, 45, 114, 287, 34.10, 0, 1, NULL, '2018-04-19 19:37:54', '2018-04-19 19:37:54'),
(213, 45, 115, 42, 38.80, 0, 1, NULL, '2018-04-19 19:37:54', '2018-04-19 19:37:54'),
(214, 45, 116, 32, 38.80, 0, 1, NULL, '2018-04-19 19:37:54', '2018-04-19 19:37:54'),
(215, 45, 118, 20, 85.10, 0, 1, NULL, '2018-04-19 19:37:54', '2018-04-19 19:37:54'),
(216, 45, 119, 234, 36.10, 0, 1, NULL, '2018-04-19 19:37:54', '2018-04-19 19:37:54'),
(217, 45, 120, 85, 36.10, 0, 1, NULL, '2018-04-19 19:37:54', '2018-04-19 19:37:54'),
(218, 46, 121, 432, 36.10, 0, 1, NULL, '2018-04-19 21:56:23', '2018-04-19 21:56:23'),
(219, 46, 122, 146, 36.10, 0, 1, NULL, '2018-04-19 21:56:23', '2018-04-19 21:56:23'),
(220, 46, 123, 55, 20.00, 0, 1, NULL, '2018-04-19 21:56:23', '2018-04-19 21:56:23'),
(221, 46, 124, 131, 38.80, 0, 1, NULL, '2018-04-19 21:56:23', '2018-04-19 21:56:23'),
(222, 46, 125, 174, 38.80, 0, 1, NULL, '2018-04-19 21:56:23', '2018-04-19 21:56:23'),
(223, 46, 126, 54, 42.80, 0, 1, NULL, '2018-04-19 21:56:23', '2018-04-19 21:56:23'),
(224, 46, 127, 100, 28.10, 0, 1, NULL, '2018-04-19 21:56:23', '2018-04-19 21:56:23'),
(225, 46, 128, 140, 20.00, 0, 1, NULL, '2018-04-19 21:56:23', '2018-04-19 21:56:23'),
(226, 46, 129, 60, 30.50, 0, 1, NULL, '2018-04-19 21:56:23', '2018-04-19 21:56:23'),
(227, 46, 130, 156, 38.40, 0, 1, NULL, '2018-04-19 21:56:23', '2018-04-19 21:56:23'),
(228, 46, 131, 97, 32.10, 0, 1, NULL, '2018-04-19 21:56:23', '2018-04-19 21:56:23'),
(229, 46, 132, 194, 57.40, 0, 1, NULL, '2018-04-19 21:56:23', '2018-04-19 21:56:23'),
(230, 46, 133, 67, 62.20, 0, 1, NULL, '2018-04-19 21:56:23', '2018-04-19 21:56:23'),
(231, 46, 135, 23, 14.30, 0, 1, NULL, '2018-04-19 21:56:23', '2018-04-19 21:56:23'),
(232, 46, 136, 12, 66.50, 0, 1, NULL, '2018-04-19 21:56:23', '2018-04-19 21:56:23'),
(233, 46, 138, 80, 185.30, 0, 1, NULL, '2018-04-19 21:56:23', '2018-04-19 21:56:23'),
(234, 46, 139, 152, 24.20, 0, 1, NULL, '2018-04-19 21:56:23', '2018-04-19 21:56:23'),
(235, 46, 140, 166, 22.60, 0, 1, NULL, '2018-04-19 21:56:23', '2018-04-19 21:56:23'),
(236, 46, 142, 22, 24.20, 0, 1, NULL, '2018-04-19 21:56:23', '2018-04-19 21:56:23'),
(237, 46, 143, 174, 24.20, 0, 1, NULL, '2018-04-19 21:56:23', '2018-04-19 21:56:23'),
(238, 47, 144, 132, 17.90, 0, 1, NULL, '2018-04-20 00:23:18', '2018-04-20 00:23:18'),
(239, 47, 418, 204, 57.40, 0, 1, NULL, '2018-04-20 00:23:18', '2018-04-20 00:23:18'),
(240, 47, 146, 124, 17.10, 0, 1, NULL, '2018-04-20 00:23:18', '2018-04-20 00:23:18'),
(241, 47, 147, 90, 17.10, 0, 1, NULL, '2018-04-20 00:23:18', '2018-04-20 00:23:18'),
(242, 47, 419, 72, 16.60, 0, 1, NULL, '2018-04-20 00:23:18', '2018-04-20 00:23:18'),
(243, 47, 420, 120, 16.60, 0, 1, NULL, '2018-04-20 00:23:18', '2018-04-20 00:23:18'),
(244, 47, 421, 96, 16.60, 0, 1, NULL, '2018-04-20 00:23:18', '2018-04-20 00:23:18'),
(245, 47, 422, 60, 20.90, 0, 1, NULL, '2018-04-20 00:23:18', '2018-04-20 00:23:18'),
(246, 47, 423, 84, 19.80, 0, 1, NULL, '2018-04-20 00:23:18', '2018-04-20 00:23:18'),
(247, 47, 424, 72, 23.00, 0, 1, NULL, '2018-04-20 00:23:18', '2018-04-20 00:23:18'),
(248, 47, 155, 96, 21.80, 0, 1, NULL, '2018-04-20 00:23:18', '2018-04-20 00:23:18'),
(249, 47, 156, 192, 21.40, 0, 1, NULL, '2018-04-20 00:23:18', '2018-04-20 00:23:18'),
(250, 47, 157, 131, 21.40, 0, 1, NULL, '2018-04-20 00:23:18', '2018-04-20 00:23:18'),
(251, 47, 162, 72, 20.00, 0, 1, NULL, '2018-04-20 00:23:18', '2018-04-20 00:23:18'),
(252, 47, 163, 175, 20.80, 0, 1, NULL, '2018-04-20 00:23:18', '2018-04-20 00:23:18'),
(253, 47, 164, 157, 20.50, 0, 1, NULL, '2018-04-20 00:23:18', '2018-04-20 00:23:18'),
(254, 47, 165, 176, 22.50, 0, 1, NULL, '2018-04-20 00:23:18', '2018-04-20 00:23:18'),
(255, 47, 166, 141, 26.25, 0, 1, NULL, '2018-04-20 00:23:18', '2018-04-20 00:23:18'),
(256, 47, 167, 92, 25.90, 0, 1, NULL, '2018-04-20 00:23:18', '2018-04-20 00:23:18'),
(257, 47, 168, 114, 110.00, 0, 1, NULL, '2018-04-20 00:23:18', '2018-04-20 00:23:18'),
(258, 48, 282, 10, 146.25, 0, 1, NULL, '2018-04-20 00:35:01', '2018-04-20 00:35:01'),
(259, 48, 288, 30, 227.50, 0, 1, NULL, '2018-04-20 00:35:01', '2018-04-20 00:35:01'),
(260, 48, 291, 8, 422.50, 0, 1, NULL, '2018-04-20 00:35:01', '2018-04-20 00:35:01'),
(261, 48, 58, 120, 38.80, 0, 1, NULL, '2018-04-20 00:35:01', '2018-04-20 00:35:01'),
(262, 48, 66, 120, 38.80, 0, 1, NULL, '2018-04-20 00:35:01', '2018-04-20 00:35:01'),
(263, 48, 75, 120, 23.40, 0, 1, NULL, '2018-04-20 00:35:01', '2018-04-20 00:35:01'),
(264, 49, 95, 240, 16.30, 0, 1, NULL, '2018-04-21 16:12:47', '2018-04-21 16:12:47'),
(265, 49, 39, 120, 14.70, 0, 1, NULL, '2018-04-21 16:12:47', '2018-04-21 16:12:47'),
(266, 49, 36, 120, 46.00, 0, 1, NULL, '2018-04-21 16:12:47', '2018-04-21 16:12:47'),
(267, 49, 88, 120, 36.10, 0, 1, NULL, '2018-04-21 16:12:47', '2018-04-21 16:12:47'),
(268, 49, 142, 120, 24.20, 0, 1, NULL, '2018-04-21 16:12:47', '2018-04-21 16:12:47'),
(269, 49, NULL, 74, 100.00, 0, 1, NULL, '2018-04-21 16:12:47', '2018-04-21 16:12:47'),
(270, 49, NULL, 103, 88.00, 0, 1, NULL, '2018-04-21 16:12:47', '2018-04-21 16:12:47'),
(271, 49, 428, 120, 45.00, 0, 1, NULL, '2018-04-21 16:12:47', '2018-04-21 16:12:47'),
(272, 49, 429, 232, 55.00, 0, 1, NULL, '2018-04-21 16:12:47', '2018-04-21 16:12:47'),
(273, 50, 71, 60, 36.10, 0, 1, NULL, '2018-04-21 20:40:32', '2018-04-21 20:40:32'),
(274, 51, NULL, 7, 450.00, 0, 1, NULL, '2018-04-21 23:36:13', '2018-04-21 23:36:13'),
(275, 51, NULL, 6, 400.00, 0, 1, NULL, '2018-04-21 23:36:13', '2018-04-21 23:36:13'),
(276, 51, NULL, 11, 300.00, 0, 1, NULL, '2018-04-21 23:36:13', '2018-04-21 23:36:13'),
(277, 51, NULL, 20, 250.00, 0, 1, NULL, '2018-04-21 23:36:13', '2018-04-21 23:36:13'),
(278, 51, NULL, 21, 155.00, 0, 1, NULL, '2018-04-21 23:36:13', '2018-04-21 23:36:13'),
(279, 51, NULL, 2, 130.00, 0, 1, NULL, '2018-04-21 23:36:13', '2018-04-21 23:36:13'),
(280, 51, NULL, 2, 110.00, 0, 1, NULL, '2018-04-21 23:36:13', '2018-04-21 23:36:13'),
(281, 52, 458, 40, 1350.00, 0, 1, NULL, '2018-04-23 23:31:35', '2018-04-23 23:31:35'),
(282, 53, NULL, 23, 1410.00, 0, 1, NULL, '2018-04-24 15:19:37', '2018-04-24 15:19:37'),
(283, 54, 459, 16, 975.00, 0, 1, NULL, '2018-04-24 16:00:39', '2018-04-24 16:00:39'),
(284, 54, 461, 24, 1305.00, 0, 1, NULL, '2018-04-24 16:00:39', '2018-04-24 16:00:39'),
(285, 54, 463, 10, 1255.00, 0, 1, NULL, '2018-04-24 16:00:39', '2018-04-24 16:00:39'),
(286, 54, 464, 11, 1105.00, 0, 1, NULL, '2018-04-24 16:00:39', '2018-04-24 16:00:39'),
(287, 54, 462, 23, 1405.00, 0, 1, NULL, '2018-04-24 16:00:39', '2018-04-24 16:00:39'),
(288, 54, 460, 19, 1105.00, 0, 1, NULL, '2018-04-24 16:00:39', '2018-04-24 16:00:39'),
(289, 55, 466, 52, 85.00, 0, 1, NULL, '2018-04-24 18:02:09', '2018-04-24 18:02:09'),
(290, 55, 467, 12, 85.00, 0, 1, NULL, '2018-04-24 18:02:09', '2018-04-24 18:02:09'),
(291, 55, 468, 32, 85.00, 0, 1, NULL, '2018-04-24 18:02:09', '2018-04-24 18:02:09'),
(292, 55, 469, 43, 85.00, 0, 1, NULL, '2018-04-24 18:02:09', '2018-04-24 18:02:09'),
(293, 55, 470, 84, 85.00, 0, 1, NULL, '2018-04-24 18:02:09', '2018-04-24 18:02:09'),
(294, 55, 471, 60, 85.00, 0, 1, NULL, '2018-04-24 18:02:09', '2018-04-24 18:02:09'),
(295, 55, 491, 44, 85.00, 0, 1, NULL, '2018-04-24 18:02:09', '2018-04-24 18:02:09'),
(296, 55, 473, 16, 170.00, 0, 1, NULL, '2018-04-24 18:02:09', '2018-04-24 18:02:09'),
(297, 55, 474, 28, 85.00, 0, 1, NULL, '2018-04-24 18:02:09', '2018-04-24 18:02:09'),
(298, 55, 475, 13, 170.00, 0, 1, NULL, '2018-04-24 18:02:09', '2018-04-24 18:02:09'),
(299, 55, 476, 16, 170.00, 0, 1, NULL, '2018-04-24 18:02:09', '2018-04-24 18:02:09'),
(300, 55, 477, 123, 110.00, 0, 1, NULL, '2018-04-24 18:02:09', '2018-04-24 18:02:09'),
(301, 55, 478, 3, 110.00, 0, 1, NULL, '2018-04-24 18:02:09', '2018-04-24 18:02:09'),
(302, 55, 479, 72, 110.00, 0, 1, NULL, '2018-04-24 18:02:09', '2018-04-24 18:02:09'),
(303, 55, 481, 15, 110.00, 0, 1, NULL, '2018-04-24 18:02:09', '2018-04-24 18:02:09'),
(304, 55, 482, 6, 110.00, 0, 1, NULL, '2018-04-24 18:02:09', '2018-04-24 18:02:09'),
(305, 55, 483, 4, 110.00, 0, 1, NULL, '2018-04-24 18:02:09', '2018-04-24 18:02:09'),
(306, 55, 490, 28, 220.00, 0, 1, NULL, '2018-04-24 18:02:09', '2018-04-24 18:02:09'),
(307, 55, 489, 37, 220.00, 0, 1, NULL, '2018-04-24 18:02:09', '2018-04-24 18:02:09'),
(308, 55, 486, 10, 220.00, 0, 1, NULL, '2018-04-24 18:02:09', '2018-04-24 18:02:09'),
(309, 56, 493, 3, 45.00, 0, 1, NULL, '2018-04-24 18:56:28', '2018-04-24 18:56:28'),
(310, 56, 496, 33, 270.00, 0, 1, NULL, '2018-04-24 18:56:28', '2018-04-24 18:56:28'),
(311, 56, 499, 2, 500.00, 0, 1, NULL, '2018-04-24 18:56:28', '2018-04-24 18:56:28'),
(312, 56, 498, 2, 400.00, 0, 1, NULL, '2018-04-24 18:56:28', '2018-04-24 18:56:28'),
(313, 56, 494, 39, 62.00, 0, 1, NULL, '2018-04-24 18:56:28', '2018-04-24 18:56:28'),
(314, 56, 497, 36, 300.00, 0, 1, NULL, '2018-04-24 18:56:28', '2018-04-24 18:56:28'),
(315, 57, 503, 100, 88.00, 0, 1, NULL, '2018-04-24 19:38:20', '2018-04-24 19:38:20'),
(316, 57, 502, 50, 90.00, 0, 1, NULL, '2018-04-24 19:38:20', '2018-04-24 19:38:20'),
(317, 58, 82, 81, 33.30, 0, 1, NULL, '2018-04-24 23:07:14', '2018-04-24 23:07:14'),
(318, 58, 84, 26, 20.00, 0, 1, NULL, '2018-04-24 23:07:14', '2018-04-24 23:07:14'),
(319, 58, 83, 35, 28.10, 0, 1, NULL, '2018-04-24 23:07:14', '2018-04-24 23:07:14'),
(320, 59, 492, 1, 26.00, 0, 1, NULL, '2018-04-25 00:12:13', '2018-04-25 00:12:13'),
(321, 60, 504, 5, 240.00, 0, 1, NULL, '2018-04-25 19:54:46', '2018-04-25 19:54:46'),
(322, 60, 505, 5, 240.00, 0, 1, NULL, '2018-04-25 19:54:46', '2018-04-25 19:54:46'),
(323, 60, 506, 1, 240.00, 0, 1, NULL, '2018-04-25 19:54:46', '2018-04-25 19:54:46'),
(324, 60, 507, 6, 400.00, 0, 1, NULL, '2018-04-25 19:54:46', '2018-04-25 19:54:46'),
(325, 60, 509, 30, 155.00, 0, 1, NULL, '2018-04-25 19:54:46', '2018-04-25 19:54:46'),
(326, 60, 510, 5, 155.00, 0, 1, NULL, '2018-04-25 19:54:46', '2018-04-25 19:54:46'),
(327, 60, 511, 21, 250.00, 0, 1, NULL, '2018-04-25 19:54:46', '2018-04-25 19:54:46'),
(328, 60, 512, 7, 250.00, 0, 1, NULL, '2018-04-25 19:54:46', '2018-04-25 19:54:46'),
(329, 60, 513, 10, 230.00, 0, 1, NULL, '2018-04-25 19:54:46', '2018-04-25 19:54:46'),
(330, 60, 514, 3, 350.00, 0, 1, NULL, '2018-04-25 19:54:46', '2018-04-25 19:54:46'),
(331, 60, 516, 6, 350.00, 0, 1, NULL, '2018-04-25 19:54:46', '2018-04-25 19:54:46'),
(332, 60, 517, 5, 130.00, 0, 1, NULL, '2018-04-25 19:54:46', '2018-04-25 19:54:46'),
(333, 60, 519, 5, 130.00, 0, 1, NULL, '2018-04-25 19:54:46', '2018-04-25 19:54:46'),
(334, 60, 520, 1, 110.00, 0, 1, NULL, '2018-04-25 19:54:46', '2018-04-25 19:54:46'),
(335, 60, 521, 3, 110.00, 0, 1, NULL, '2018-04-25 19:54:46', '2018-04-25 19:54:46'),
(336, 60, 522, 2, 400.00, 0, 1, NULL, '2018-04-25 19:54:46', '2018-04-25 19:54:46'),
(337, 60, 523, 5, 450.00, 0, 1, NULL, '2018-04-25 19:54:46', '2018-04-25 19:54:46'),
(338, 60, 524, 1, 450.00, 0, 1, NULL, '2018-04-25 19:54:46', '2018-04-25 19:54:46'),
(339, 60, 525, 10, 300.00, 0, 1, NULL, '2018-04-25 19:54:46', '2018-04-25 19:54:46'),
(340, 60, 526, 1, 300.00, 0, 1, NULL, '2018-04-25 19:54:46', '2018-04-25 19:54:46'),
(341, 60, 527, 15, 400.00, 0, 1, NULL, '2018-04-25 19:54:46', '2018-04-25 19:54:46'),
(342, 60, 528, 1, 400.00, 0, 1, NULL, '2018-04-25 19:54:46', '2018-04-25 19:54:46'),
(343, 60, 529, 1, 2500.00, 0, 1, NULL, '2018-04-25 19:54:46', '2018-04-25 19:54:46'),
(344, 60, 530, 1, 1350.00, 0, 1, NULL, '2018-04-25 19:54:46', '2018-04-25 19:54:46'),
(345, 60, 531, 1, 4000.00, 0, 1, NULL, '2018-04-25 19:54:46', '2018-04-25 19:54:46'),
(346, 60, 532, 1, 800.00, 0, 1, NULL, '2018-04-25 19:54:46', '2018-04-25 19:54:46'),
(347, 60, 533, 5, 550.00, 0, 1, NULL, '2018-04-25 19:54:46', '2018-04-25 19:54:46'),
(348, 60, 534, 2, 350.00, 0, 1, NULL, '2018-04-25 19:54:46', '2018-04-25 19:54:46'),
(349, 60, 536, 20, 900.00, 0, 1, NULL, '2018-04-25 19:54:46', '2018-04-25 19:54:46'),
(350, 60, 537, 1, 450.00, 0, 1, NULL, '2018-04-25 19:54:46', '2018-04-25 19:54:46'),
(351, 60, 538, 1, 1250.00, 0, 1, NULL, '2018-04-25 19:54:46', '2018-04-25 19:54:46'),
(352, 60, 539, 2, 600.00, 0, 1, NULL, '2018-04-25 19:54:46', '2018-04-25 19:54:46'),
(353, 60, 535, 12, 152.00, 0, 1, NULL, '2018-04-25 19:54:46', '2018-04-25 19:54:46'),
(354, 60, 540, 21, 145.00, 0, 1, NULL, '2018-04-25 19:54:46', '2018-04-25 19:54:46'),
(355, 60, 552, 21, 285.00, 0, 1, NULL, '2018-04-25 19:54:46', '2018-04-25 19:54:46'),
(356, 60, 542, 15, 130.00, 0, 1, NULL, '2018-04-25 19:54:46', '2018-04-25 19:54:46'),
(357, 60, 543, 9, 200.00, 0, 1, NULL, '2018-04-25 19:54:46', '2018-04-25 19:54:46'),
(358, 60, 551, 9, 1150.00, 0, 1, NULL, '2018-04-25 19:54:46', '2018-04-25 19:54:46'),
(359, 60, 546, 7, 85.00, 0, 1, NULL, '2018-04-25 19:54:46', '2018-04-25 19:54:46'),
(360, 60, 548, 14, 85.00, 0, 1, NULL, '2018-04-25 19:54:46', '2018-04-25 19:54:46'),
(361, 60, 544, 8, 210.00, 0, 1, NULL, '2018-04-25 19:54:46', '2018-04-25 19:54:46'),
(362, 60, 547, 7, 170.00, 0, 1, NULL, '2018-04-25 19:54:46', '2018-04-25 19:54:46'),
(363, 60, 541, 6, 220.00, 0, 1, NULL, '2018-04-25 19:54:46', '2018-04-25 19:54:46'),
(364, 60, 545, 10, 203.00, 0, 1, NULL, '2018-04-25 19:54:46', '2018-04-25 19:54:46'),
(365, 60, 550, 8, 95.00, 0, 1, NULL, '2018-04-25 19:54:46', '2018-04-25 19:54:46'),
(366, 60, 549, 16, 210.00, 0, 1, NULL, '2018-04-25 19:54:46', '2018-04-25 19:54:46'),
(367, 60, 553, 5, 370.00, 0, 1, NULL, '2018-04-25 19:54:46', '2018-04-25 19:54:46'),
(368, 60, 555, 14, 250.00, 0, 1, NULL, '2018-04-25 19:54:46', '2018-04-25 19:54:46'),
(369, 60, 554, 15, 210.00, 0, 1, NULL, '2018-04-25 19:54:46', '2018-04-25 19:54:46'),
(370, 60, 556, 11, 350.00, 0, 1, NULL, '2018-04-25 19:54:46', '2018-04-25 19:54:46'),
(371, 60, 557, 3, 85.00, 0, 1, NULL, '2018-04-25 19:54:46', '2018-04-25 19:54:46'),
(372, 60, 558, 1, 150.00, 0, 1, NULL, '2018-04-25 19:54:46', '2018-04-25 19:54:46'),
(373, 61, 564, 1, 6300.00, 0, 1, NULL, '2018-04-26 00:56:45', '2018-04-26 00:56:45'),
(374, 61, 561, 1, 5550.00, 0, 1, NULL, '2018-04-26 00:56:45', '2018-04-26 00:56:45'),
(375, 61, 559, 2, 3700.00, 0, 1, NULL, '2018-04-26 00:56:45', '2018-04-26 00:56:45'),
(376, 61, 562, 7, 2220.00, 0, 1, NULL, '2018-04-26 00:56:45', '2018-04-26 00:56:45'),
(377, 61, 560, 4, 1850.00, 0, 1, NULL, '2018-04-26 00:56:45', '2018-04-26 00:56:45'),
(378, 61, 563, 1, 1260.00, 0, 1, NULL, '2018-04-26 00:56:45', '2018-04-26 00:56:45'),
(379, 61, 566, 116, 460.00, 0, 1, NULL, '2018-04-26 00:56:45', '2018-04-26 00:56:45'),
(380, 61, 280, 8, 155.00, 0, 1, NULL, '2018-04-26 00:56:45', '2018-04-26 00:56:45'),
(381, 61, 281, 2, 220.00, 0, 1, NULL, '2018-04-26 00:56:45', '2018-04-26 00:56:45'),
(382, 62, 579, 2, 25.00, 0, 1, NULL, '2018-04-26 01:20:02', '2018-04-26 01:20:02'),
(383, 63, 587, 10, 1170.00, 0, 1, NULL, '2018-04-26 18:34:09', '2018-04-26 18:34:09'),
(384, 63, 585, 2, 800.00, 0, 1, NULL, '2018-04-26 18:34:09', '2018-04-26 18:34:09'),
(385, 63, 583, 18, 650.00, 0, 1, NULL, '2018-04-26 18:34:09', '2018-04-26 18:34:09'),
(386, 63, 582, 1, 550.00, 0, 1, NULL, '2018-04-26 18:34:09', '2018-04-26 18:34:09'),
(387, 64, 633, 17, 350.00, 0, 1, NULL, '2018-04-26 19:12:12', '2018-04-26 19:12:12'),
(388, 64, 588, 3, 290.00, 0, 1, NULL, '2018-04-26 19:12:12', '2018-04-26 19:12:12'),
(389, 64, 589, 22, 270.00, 0, 1, NULL, '2018-04-26 19:12:12', '2018-04-26 19:12:12'),
(390, 64, 590, 10, 750.00, 0, 1, NULL, '2018-04-26 19:12:12', '2018-04-26 19:12:12'),
(391, 64, 591, 1, 1153.00, 0, 1, NULL, '2018-04-26 19:12:12', '2018-04-26 19:12:12'),
(392, 64, 592, 2, 2200.00, 0, 1, NULL, '2018-04-26 19:12:12', '2018-04-26 19:12:12'),
(393, 64, 593, 2, 1080.00, 0, 1, NULL, '2018-04-26 19:12:12', '2018-04-26 19:12:12'),
(394, 64, 595, 1, 950.00, 0, 1, NULL, '2018-04-26 19:12:12', '2018-04-26 19:12:12'),
(395, 64, 594, 5, 750.00, 0, 1, NULL, '2018-04-26 19:12:12', '2018-04-26 19:12:12'),
(396, 64, 634, 85, 12.90, 0, 1, NULL, '2018-04-26 19:12:12', '2018-04-26 19:12:12'),
(397, 64, 575, 12, 18.25, 0, 1, NULL, '2018-04-26 19:12:12', '2018-04-26 19:12:12'),
(398, 64, 596, 2, 605.00, 0, 1, NULL, '2018-04-26 19:12:12', '2018-04-26 19:12:12'),
(399, 64, 597, 1, 1005.00, 0, 1, NULL, '2018-04-26 19:12:12', '2018-04-26 19:12:12'),
(400, 64, 598, 6, 1700.00, 0, 1, NULL, '2018-04-26 19:12:12', '2018-04-26 19:12:12'),
(401, 65, 627, 3, 460.00, 0, 1, NULL, '2018-04-26 22:22:04', '2018-04-26 22:22:04'),
(402, 65, 628, 43, 490.00, 0, 1, NULL, '2018-04-26 22:22:04', '2018-04-26 22:22:04'),
(403, 65, 630, 42, 1100.00, 0, 1, NULL, '2018-04-26 22:22:04', '2018-04-26 22:22:04'),
(404, 65, 629, 10, 1100.00, 0, 1, NULL, '2018-04-26 22:22:04', '2018-04-26 22:22:04'),
(405, 65, 648, 4, 1220.00, 0, 1, NULL, '2018-04-26 22:22:04', '2018-04-26 22:22:04'),
(406, 65, 647, 37, 500.00, 0, 1, NULL, '2018-04-26 22:22:04', '2018-04-26 22:22:04'),
(407, 65, 646, 12, 520.00, 0, 1, NULL, '2018-04-26 22:22:04', '2018-04-26 22:22:04'),
(408, 65, 636, 2, 2930.00, 0, 1, NULL, '2018-04-26 22:22:04', '2018-04-26 22:22:04'),
(409, 65, 638, 1, 2400.00, 0, 1, NULL, '2018-04-26 22:22:04', '2018-04-26 22:22:04'),
(410, 65, 637, 1, 2480.00, 0, 1, NULL, '2018-04-26 22:22:04', '2018-04-26 22:22:04'),
(411, 65, 639, 4, 2425.00, 0, 1, NULL, '2018-04-26 22:22:04', '2018-04-26 22:22:04'),
(412, 65, 641, 3, 2880.00, 0, 1, NULL, '2018-04-26 22:22:04', '2018-04-26 22:22:04'),
(413, 65, 642, 3, 2220.00, 0, 1, NULL, '2018-04-26 22:22:04', '2018-04-26 22:22:04'),
(414, 65, 643, 1, 2220.00, 0, 1, NULL, '2018-04-26 22:22:04', '2018-04-26 22:22:04'),
(415, 65, 645, 2, 1630.00, 0, 1, NULL, '2018-04-26 22:22:04', '2018-04-26 22:22:04'),
(416, 65, 644, 1, 1620.00, 0, 1, NULL, '2018-04-26 22:22:04', '2018-04-26 22:22:04'),
(417, 66, 610, 1, 1000.00, 0, 1, NULL, '2018-04-26 23:52:02', '2018-04-26 23:52:02'),
(418, 66, 618, 64, 172.00, 0, 1, NULL, '2018-04-26 23:52:02', '2018-04-26 23:52:02'),
(419, 66, 619, 46, 180.00, 0, 1, NULL, '2018-04-26 23:52:02', '2018-04-26 23:52:02'),
(420, 66, 617, 62, 164.00, 0, 1, NULL, '2018-04-26 23:52:02', '2018-04-26 23:52:02'),
(421, 66, 615, 64, 132.00, 0, 1, NULL, '2018-04-26 23:52:02', '2018-04-26 23:52:02'),
(422, 66, 616, 44, 144.00, 0, 1, NULL, '2018-04-26 23:52:02', '2018-04-26 23:52:02'),
(423, 66, 614, 2, 824.00, 0, 1, NULL, '2018-04-26 23:52:02', '2018-04-26 23:52:02'),
(424, 66, 613, 3, 728.00, 0, 1, NULL, '2018-04-26 23:52:02', '2018-04-26 23:52:02'),
(425, 66, 612, 2, 572.00, 0, 1, NULL, '2018-04-26 23:52:02', '2018-04-26 23:52:02'),
(426, 66, 600, 53, 270.00, 0, 1, NULL, '2018-04-26 23:52:02', '2018-04-26 23:52:02'),
(427, 66, 602, 5, 522.00, 0, 1, NULL, '2018-04-26 23:52:02', '2018-04-26 23:52:02'),
(428, 66, 601, 10, 705.00, 0, 1, NULL, '2018-04-26 23:52:02', '2018-04-26 23:52:02'),
(429, 66, 603, 5, 1170.00, 0, 1, NULL, '2018-04-26 23:52:02', '2018-04-26 23:52:02'),
(430, 66, 604, 2, 2340.00, 0, 1, NULL, '2018-04-26 23:52:02', '2018-04-26 23:52:02'),
(431, 66, 605, 2, 1107.00, 0, 1, NULL, '2018-04-26 23:52:02', '2018-04-26 23:52:02'),
(432, 66, 606, 1, 2655.00, 0, 1, NULL, '2018-04-26 23:52:02', '2018-04-26 23:52:02'),
(433, 66, 607, 11, 90.00, 0, 1, NULL, '2018-04-26 23:52:02', '2018-04-26 23:52:02'),
(434, 66, 608, 7, 192.00, 0, 1, NULL, '2018-04-26 23:52:02', '2018-04-26 23:52:02'),
(435, 66, 609, 4, 276.50, 0, 1, NULL, '2018-04-26 23:52:02', '2018-04-26 23:52:02'),
(436, 66, 611, 2, 1400.00, 0, 1, NULL, '2018-04-26 23:52:02', '2018-04-26 23:52:02'),
(437, 67, 104, 24, 34.10, 0, 1, NULL, '2018-04-26 23:59:31', '2018-04-26 23:59:31'),
(438, 67, 110, 120, 11.90, 0, 1, NULL, '2018-04-26 23:59:31', '2018-04-26 23:59:31'),
(439, 67, 9, 80, 76.00, 0, 1, NULL, '2018-04-26 23:59:31', '2018-04-26 23:59:31'),
(440, 67, 136, 1, 66.50, 0, 1, NULL, '2018-04-26 23:59:31', '2018-04-26 23:59:31'),
(441, 68, 282, 20, 162.50, 0, 1, NULL, '2018-04-28 18:29:18', '2018-04-28 18:29:18'),
(442, 68, 284, 20, 208.00, 0, 1, NULL, '2018-04-28 18:29:18', '2018-04-28 18:29:18'),
(443, 68, 285, 20, 260.00, 0, 1, NULL, '2018-04-28 18:29:18', '2018-04-28 18:29:18'),
(444, 68, 288, 40, 227.50, 0, 1, NULL, '2018-04-28 18:29:18', '2018-04-28 18:29:18'),
(445, 68, 425, 50, 65.00, 0, 1, NULL, '2018-04-28 18:29:18', '2018-04-28 18:29:18'),
(446, 68, 94, 24, 33.40, 0, 1, NULL, '2018-04-28 18:29:18', '2018-04-28 18:29:18'),
(447, 68, 85, 100, 14.00, 0, 1, NULL, '2018-04-28 18:29:18', '2018-04-28 18:29:18'),
(448, 68, 84, 100, 16.00, 0, 1, NULL, '2018-04-28 18:29:18', '2018-04-28 18:29:18'),
(449, 68, 95, 120, 16.60, 0, 1, NULL, '2018-04-28 18:29:18', '2018-04-28 18:29:18'),
(450, 68, 134, 100, 20.00, 0, 1, NULL, '2018-04-28 18:29:18', '2018-04-28 18:29:18'),
(451, 68, 135, 10, 10.00, 0, 1, NULL, '2018-04-28 18:29:18', '2018-04-28 18:29:18'),
(452, 69, 649, 7, 750.00, 0, 1, NULL, '2018-04-28 18:55:11', '2018-04-28 18:55:11'),
(453, 69, 650, 4, 805.00, 0, 1, NULL, '2018-04-28 18:55:11', '2018-04-28 18:55:11'),
(454, 69, 665, 20, 240.00, 0, 1, NULL, '2018-04-28 18:55:11', '2018-04-28 18:55:11'),
(455, 69, 666, 10, 330.00, 0, 1, NULL, '2018-04-28 18:55:11', '2018-04-28 18:55:11'),
(456, 69, 651, 12, 1250.00, 0, 1, NULL, '2018-04-28 18:55:11', '2018-04-28 18:55:11'),
(457, 69, 659, 2, 1500.00, 0, 1, NULL, '2018-04-28 18:55:11', '2018-04-28 18:55:11'),
(458, 69, 660, 2, 1625.00, 0, 1, NULL, '2018-04-28 18:55:11', '2018-04-28 18:55:11'),
(459, 69, 661, 3, 535.00, 0, 1, NULL, '2018-04-28 18:55:11', '2018-04-28 18:55:11'),
(460, 69, 662, 1, 280.00, 0, 1, NULL, '2018-04-28 18:55:11', '2018-04-28 18:55:11'),
(461, 69, 663, 1, 650.00, 0, 1, NULL, '2018-04-28 18:55:11', '2018-04-28 18:55:11'),
(462, 69, 664, 3, 980.00, 0, 1, NULL, '2018-04-28 18:55:11', '2018-04-28 18:55:11'),
(463, 69, 667, 1, 980.00, 0, 1, NULL, '2018-04-28 18:55:11', '2018-04-28 18:55:11'),
(464, 70, 668, 2, 950.00, 0, 1, NULL, '2018-04-28 20:00:15', '2018-04-28 20:00:15'),
(465, 70, 669, 2, 2200.00, 0, 1, NULL, '2018-04-28 20:00:15', '2018-04-28 20:00:15'),
(466, 70, 670, 7, 985.00, 0, 1, NULL, '2018-04-28 20:00:15', '2018-04-28 20:00:15'),
(467, 70, 671, 5, 1375.00, 0, 1, NULL, '2018-04-28 20:00:15', '2018-04-28 20:00:15'),
(468, 70, 672, 4, 2000.00, 0, 1, NULL, '2018-04-28 20:00:15', '2018-04-28 20:00:15'),
(469, 70, 673, 1, 1000.00, 0, 1, NULL, '2018-04-28 20:00:15', '2018-04-28 20:00:15'),
(470, 70, 674, 2, 1800.00, 0, 1, NULL, '2018-04-28 20:00:15', '2018-04-28 20:00:15'),
(471, 70, 675, 9, 720.00, 0, 1, NULL, '2018-04-28 20:00:15', '2018-04-28 20:00:15'),
(472, 70, 676, 1, 1200.00, 0, 1, NULL, '2018-04-28 20:00:15', '2018-04-28 20:00:15'),
(473, 70, 677, 1, 1355.00, 0, 1, NULL, '2018-04-28 20:00:15', '2018-04-28 20:00:15'),
(474, 70, 678, 8, 900.00, 0, 1, NULL, '2018-04-28 20:00:15', '2018-04-28 20:00:15'),
(475, 70, 679, 1, 500.00, 0, 1, NULL, '2018-04-28 20:00:15', '2018-04-28 20:00:15'),
(476, 70, 680, 5, 430.00, 0, 1, NULL, '2018-04-28 20:00:15', '2018-04-28 20:00:15'),
(477, 70, 681, 1, 1000.00, 0, 1, NULL, '2018-04-28 20:00:15', '2018-04-28 20:00:15'),
(478, 70, 682, 3, 1105.00, 0, 1, NULL, '2018-04-28 20:00:15', '2018-04-28 20:00:15');

-- --------------------------------------------------------

--
-- Table structure for table `purchase_receipt`
--

CREATE TABLE IF NOT EXISTS `purchase_receipt` (
  `receiptID` int(10) unsigned NOT NULL AUTO_INCREMENT,
  `supplierID` int(10) unsigned DEFAULT NULL,
  `status` varchar(30) COLLATE utf8mb4_unicode_ci DEFAULT 'Complete',
  `otherCost` double(8,2) DEFAULT '0.00',
  `note` varchar(191) COLLATE utf8mb4_unicode_ci DEFAULT NULL,
  `checkOut` tinyint(1) DEFAULT '0',
  `checkOutDate` date DEFAULT NULL,
  `userID` int(10) unsigned DEFAULT NULL,
  `deleted_at` timestamp NULL DEFAULT NULL,
  `created_at` timestamp NULL DEFAULT NULL,
  `updated_at` timestamp NULL DEFAULT NULL,
  PRIMARY KEY (`receiptID`),
  KEY `purchase_receipt_supplierid_index` (`supplierID`),
  KEY `purchase_receipt_userid_index` (`userID`)
) ENGINE=InnoDB  DEFAULT CHARSET=utf8mb4 COLLATE=utf8mb4_unicode_ci AUTO_INCREMENT=71 ;

--
-- Dumping data for table `purchase_receipt`
--

INSERT INTO `purchase_receipt` (`receiptID`, `supplierID`, `status`, `otherCost`, `note`, `checkOut`, `checkOutDate`, `userID`, `deleted_at`, `created_at`, `updated_at`) VALUES
(1, 2, 'Paid', 0.00, NULL, 0, '2018-04-09', 1, NULL, '2018-04-09 14:54:20', '2018-04-09 14:54:20'),
(2, 2, 'Paid', 0.00, NULL, 0, '2018-04-10', 1, NULL, '2018-04-10 17:21:23', '2018-04-10 17:21:23'),
(3, 2, 'Paid', 0.00, NULL, 0, '2018-04-10', 1, NULL, '2018-04-10 19:01:01', '2018-04-10 19:01:01'),
(4, 2, 'Receivable', 0.00, NULL, 0, '2018-04-10', 1, NULL, '2018-04-10 19:37:32', '2018-04-10 19:37:32'),
(5, 2, 'Paid', 0.00, NULL, 0, '2018-04-10', 1, NULL, '2018-04-10 19:56:46', '2018-04-10 19:56:46'),
(6, 2, 'Paid', 0.00, NULL, 0, '2018-04-10', 1, NULL, '2018-04-10 23:00:13', '2018-04-10 23:00:13'),
(7, 2, 'Paid', 0.00, NULL, 0, '2018-04-10', 1, NULL, '2018-04-11 00:28:16', '2018-04-11 00:28:16'),
(8, 2, 'Paid', 0.00, NULL, 0, '2018-04-10', 1, NULL, '2018-04-11 00:35:59', '2018-04-11 00:35:59'),
(9, 2, 'Paid', 0.00, NULL, 0, '2018-04-11', 1, NULL, '2018-04-11 15:26:11', '2018-04-11 15:26:11'),
(10, 4, 'Paid', 0.00, NULL, 0, '2018-04-11', 1, NULL, '2018-04-11 16:52:41', '2018-04-11 16:52:41'),
(11, 4, 'Paid', 0.00, NULL, 0, '2018-04-11', 1, NULL, '2018-04-11 18:06:08', '2018-04-11 18:06:08'),
(12, 4, 'Paid', 0.00, NULL, 0, '2018-04-11', 1, NULL, '2018-04-11 18:08:22', '2018-04-11 18:08:22'),
(13, 4, 'Paid', 0.00, NULL, 0, '2018-04-11', 1, NULL, '2018-04-11 18:11:03', '2018-04-11 18:11:03'),
(14, 4, 'Paid', 0.00, NULL, 0, '2018-04-11', 1, NULL, '2018-04-11 18:15:41', '2018-04-11 18:15:41'),
(15, 4, 'Paid', 0.00, NULL, 0, '2018-04-11', 1, NULL, '2018-04-11 18:30:10', '2018-04-11 18:30:10'),
(16, 4, 'Paid', 0.00, NULL, 0, '2018-04-11', 1, NULL, '2018-04-11 18:32:34', '2018-04-11 18:32:34'),
(17, 4, 'Paid', 0.00, NULL, 0, '2018-04-11', 1, NULL, '2018-04-11 18:35:01', '2018-04-11 18:35:01'),
(18, 4, 'Paid', 0.00, NULL, 0, '2018-04-11', 1, NULL, '2018-04-11 18:36:48', '2018-04-11 18:36:48'),
(19, 4, 'Paid', 0.00, NULL, 0, '2018-04-11', 1, NULL, '2018-04-11 18:38:11', '2018-04-11 18:38:11'),
(20, 4, 'Paid', 0.00, NULL, 0, '2018-04-11', 1, NULL, '2018-04-11 18:39:31', '2018-04-11 18:39:31'),
(21, 4, 'Paid', 0.00, NULL, 0, '2018-04-11', 1, NULL, '2018-04-11 18:41:34', '2018-04-11 18:41:34'),
(22, 4, 'Paid', 0.00, NULL, 0, '2018-04-11', 1, NULL, '2018-04-11 18:43:26', '2018-04-11 18:43:26'),
(23, 4, 'Paid', 0.00, NULL, 0, '2018-04-11', 1, NULL, '2018-04-11 19:36:27', '2018-04-11 19:36:27'),
(24, 4, 'Paid', 0.00, NULL, 0, '2018-04-11', 1, NULL, '2018-04-11 19:40:35', '2018-04-11 19:40:35'),
(25, 4, 'Partial', 0.00, NULL, 0, '2018-04-11', 1, NULL, '2018-04-11 19:43:59', '2018-04-11 19:43:59'),
(26, 4, 'Paid', 0.00, NULL, 0, '2018-04-11', 1, NULL, '2018-04-11 19:45:35', '2018-04-11 19:45:35'),
(27, 4, 'Paid', 0.00, NULL, 0, '2018-04-11', 1, NULL, '2018-04-11 19:47:24', '2018-04-11 19:47:24'),
(28, 4, 'Paid', 0.00, NULL, 0, '2018-04-11', 1, NULL, '2018-04-11 19:49:06', '2018-04-19 15:11:55'),
(29, 4, 'Paid', 0.00, NULL, 0, '2018-04-11', 1, NULL, '2018-04-11 19:51:15', '2018-04-11 19:51:15'),
(30, 4, 'Receivable', 0.00, NULL, 0, '2018-04-11', 1, NULL, '2018-04-11 19:52:56', '2018-04-11 19:52:56'),
(31, 4, 'Paid', 0.00, NULL, 0, '2018-04-11', 1, NULL, '2018-04-11 19:54:15', '2018-04-11 19:54:15'),
(32, 4, 'Paid', 0.00, NULL, 0, '2018-04-11', 1, NULL, '2018-04-11 19:55:54', '2018-04-11 19:55:54'),
(33, 4, 'Paid', 0.00, NULL, 0, '2018-04-11', 1, NULL, '2018-04-11 19:57:10', '2018-04-11 19:57:10'),
(34, 4, 'Paid', 0.00, NULL, 0, '2018-04-11', 1, NULL, '2018-04-11 19:58:28', '2018-04-11 19:58:28'),
(35, 4, 'Paid', 0.00, NULL, 0, '2018-04-11', 1, NULL, '2018-04-11 19:59:52', '2018-04-11 19:59:52'),
(36, 4, 'Paid', 0.00, NULL, 0, '2018-04-11', 1, NULL, '2018-04-11 22:10:08', '2018-04-11 22:10:08'),
(37, 4, 'Paid', 0.00, NULL, 0, '2018-04-11', 1, NULL, '2018-04-11 22:11:34', '2018-04-11 22:11:34'),
(38, 4, 'Paid', 0.00, NULL, 0, '2018-04-11', 1, NULL, '2018-04-11 22:13:42', '2018-04-11 22:13:42'),
(39, 4, 'Paid', 0.00, NULL, 0, '2018-04-11', 1, NULL, '2018-04-11 22:39:40', '2018-04-11 22:39:40'),
(40, 4, 'Paid', 0.00, NULL, 0, '2018-04-11', 1, NULL, '2018-04-11 23:08:11', '2018-04-11 23:08:11'),
(41, 5, 'Paid', 0.00, NULL, 0, '2018-04-15', 1, NULL, '2018-04-15 22:21:45', '2018-04-15 22:21:45'),
(42, 2, 'Paid', 0.00, NULL, 0, '2018-04-19', 1, NULL, '2018-04-19 15:08:34', '2018-04-19 15:11:39'),
(43, 2, 'Paid', 0.00, NULL, 0, '2018-04-19', 1, NULL, '2018-04-19 16:21:14', '2018-04-19 16:21:14'),
(44, 2, 'Paid', 0.00, NULL, 0, '2018-04-19', 1, NULL, '2018-04-19 17:15:34', '2018-04-19 17:15:34'),
(45, 2, 'Paid', 0.00, NULL, 0, '2018-04-19', 1, NULL, '2018-04-19 19:37:53', '2018-04-19 19:37:53'),
(46, 2, 'Paid', 0.00, NULL, 0, '2018-04-19', 1, NULL, '2018-04-19 21:56:23', '2018-04-19 21:56:23'),
(47, 2, 'Receivable', 0.00, NULL, 0, '2018-04-19', 1, NULL, '2018-04-20 00:23:18', '2018-04-20 00:23:18'),
(48, 2, 'Paid', 0.00, NULL, 0, '2018-04-19', 1, NULL, '2018-04-20 00:35:01', '2018-04-20 00:35:01'),
(49, 2, 'Paid', 0.00, NULL, 0, '2018-04-21', 1, NULL, '2018-04-21 16:12:47', '2018-04-21 16:12:47'),
(50, 2, 'Unpaid', 0.00, NULL, 0, '2018-04-21', 1, NULL, '2018-04-21 20:40:32', '2018-04-21 20:40:32'),
(51, 6, 'Unpaid', 0.00, NULL, 0, '2018-04-21', 1, NULL, '2018-04-21 23:36:13', '2018-04-21 23:36:13'),
(52, 8, 'Unpaid', 0.00, NULL, 0, '2018-04-22', 1, NULL, '2018-04-23 23:31:35', '2018-04-23 23:31:35'),
(53, 5, 'Unpaid', 0.00, NULL, 0, '2018-04-24', 1, NULL, '2018-04-24 15:19:37', '2018-04-24 15:19:37'),
(54, 5, 'Unpaid', 0.00, NULL, 0, '2018-04-24', 1, NULL, '2018-04-24 16:00:39', '2018-04-24 16:00:39'),
(55, 4, 'Unpaid', 0.00, NULL, 0, '2018-04-24', 1, NULL, '2018-04-24 18:02:09', '2018-04-24 18:02:09'),
(56, 4, 'Unpaid', 0.00, NULL, 0, '2018-04-24', 1, NULL, '2018-04-24 18:56:28', '2018-04-24 18:56:28'),
(57, 2, 'Unpaid', 0.00, NULL, 0, '2018-04-21', 1, NULL, '2018-04-24 19:38:20', '2018-04-24 19:38:20'),
(58, 2, 'Unpaid', 0.00, NULL, 0, '2018-04-24', 1, NULL, '2018-04-24 23:07:14', '2018-04-24 23:07:14'),
(59, 4, 'Unpaid', 0.00, NULL, 0, '2018-04-24', 1, NULL, '2018-04-25 00:12:13', '2018-04-25 00:12:13'),
(60, 9, 'Paid', 0.00, NULL, 0, '2018-04-25', 1, NULL, '2018-04-25 19:54:46', '2018-04-25 19:55:46'),
(61, 10, 'Unpaid', 0.00, NULL, 0, '2018-04-25', 1, NULL, '2018-04-26 00:56:45', '2018-04-26 00:56:45'),
(62, 10, 'Paid', 0.00, NULL, 0, '2018-04-25', 1, NULL, '2018-04-26 01:20:02', '2018-04-26 01:20:02'),
(63, 9, 'Unpaid', 0.00, NULL, 0, '2018-04-26', 1, NULL, '2018-04-26 18:34:09', '2018-04-26 18:34:09'),
(64, 9, 'Paid', 0.00, NULL, 0, '2018-04-26', 1, NULL, '2018-04-26 19:12:12', '2018-04-26 19:12:12'),
(65, 5, 'Unpaid', 0.00, NULL, 0, '2018-04-26', 1, NULL, '2018-04-26 22:22:04', '2018-04-26 22:22:04'),
(66, 11, 'Unpaid', 0.00, NULL, 0, '2018-04-26', 1, NULL, '2018-04-26 23:52:02', '2018-04-26 23:52:02'),
(67, 2, 'Unpaid', 0.00, NULL, 0, '2018-04-26', 1, NULL, '2018-04-26 23:59:31', '2018-04-26 23:59:31'),
(68, 2, 'Unpaid', 0.00, NULL, 0, '2018-04-28', 1, NULL, '2018-04-28 18:29:18', '2018-04-28 18:29:18'),
(69, 9, 'Paid', 0.00, NULL, 0, '2018-04-28', 1, NULL, '2018-04-28 18:55:11', '2018-04-28 18:55:11'),
(70, 9, 'Paid', 0.00, NULL, 0, '2018-04-28', 1, NULL, '2018-04-28 20:00:15', '2018-04-28 20:00:15');

-- --------------------------------------------------------

--
-- Table structure for table `purchase_transactions`
--

CREATE TABLE IF NOT EXISTS `purchase_transactions` (
  `purchaseTransactionID` int(10) unsigned NOT NULL AUTO_INCREMENT,
  `receiptID` int(10) unsigned DEFAULT NULL,
  `amount` double(15,2) DEFAULT '0.00',
  `paymentType` varchar(30) COLLATE utf8mb4_unicode_ci DEFAULT 'Cash',
  `chequeNumber` varchar(30) COLLATE utf8mb4_unicode_ci DEFAULT NULL,
  `bankName` varchar(191) COLLATE utf8mb4_unicode_ci DEFAULT NULL,
  `issueDate` date DEFAULT NULL,
  `userID` int(10) unsigned DEFAULT NULL,
  `deleted_at` timestamp NULL DEFAULT NULL,
  `created_at` timestamp NULL DEFAULT NULL,
  `updated_at` timestamp NULL DEFAULT NULL,
  PRIMARY KEY (`purchaseTransactionID`),
  KEY `purchase_transactions_receiptid_index` (`receiptID`),
  KEY `purchase_transactions_userid_index` (`userID`)
) ENGINE=InnoDB  DEFAULT CHARSET=utf8mb4 COLLATE=utf8mb4_unicode_ci AUTO_INCREMENT=56 ;

--
-- Dumping data for table `purchase_transactions`
--

INSERT INTO `purchase_transactions` (`purchaseTransactionID`, `receiptID`, `amount`, `paymentType`, `chequeNumber`, `bankName`, `issueDate`, `userID`, `deleted_at`, `created_at`, `updated_at`) VALUES
(1, 1, 61350.50, 'Cash', NULL, NULL, NULL, 1, NULL, '2018-04-09 14:54:20', '2018-04-09 14:54:20'),
(2, 2, 108855.50, 'Cash', NULL, NULL, NULL, 1, NULL, '2018-04-10 17:21:23', '2018-04-10 17:21:23'),
(3, 3, 6120.00, 'Cash', NULL, NULL, NULL, 1, NULL, '2018-04-10 19:01:01', '2018-04-10 19:01:01'),
(4, 4, 66439.30, 'Cash', NULL, NULL, NULL, 1, NULL, '2018-04-10 19:37:32', '2018-04-10 19:37:32'),
(5, 5, 68176.00, 'Cash', NULL, NULL, NULL, 1, NULL, '2018-04-10 19:56:46', '2018-04-10 19:56:46'),
(6, 6, 3360.00, 'Cash', NULL, NULL, NULL, 1, NULL, '2018-04-10 23:00:13', '2018-04-10 23:00:13'),
(7, 7, 40086.00, 'Cash', NULL, NULL, NULL, 1, NULL, '2018-04-11 00:28:16', '2018-04-11 00:28:16'),
(8, 8, 924.00, 'Cash', NULL, NULL, NULL, 1, NULL, '2018-04-11 00:35:59', '2018-04-11 00:35:59'),
(9, 9, 3828.50, 'Cash', NULL, NULL, NULL, 1, NULL, '2018-04-11 15:26:11', '2018-04-11 15:26:11'),
(10, 10, 2394.00, 'Cash', NULL, NULL, NULL, 1, NULL, '2018-04-11 16:52:41', '2018-04-11 16:52:41'),
(11, 11, 2457.00, 'Cash', NULL, NULL, NULL, 1, NULL, '2018-04-11 18:06:08', '2018-04-11 18:06:08'),
(12, 12, 315.00, 'Cash', NULL, NULL, NULL, 1, NULL, '2018-04-11 18:08:22', '2018-04-11 18:08:22'),
(13, 13, 340.20, 'Cash', NULL, NULL, NULL, 1, NULL, '2018-04-11 18:11:03', '2018-04-11 18:11:03'),
(14, 14, 16329.60, 'Cash', NULL, NULL, NULL, 1, NULL, '2018-04-11 18:15:41', '2018-04-11 18:15:41'),
(15, 15, 16077.60, 'Cash', NULL, NULL, NULL, 1, NULL, '2018-04-11 18:30:10', '2018-04-11 18:30:10'),
(16, 16, 9450.00, 'Cash', NULL, NULL, NULL, 1, NULL, '2018-04-11 18:32:34', '2018-04-11 18:32:34'),
(17, 17, 9771.30, 'Cash', NULL, NULL, NULL, 1, NULL, '2018-04-11 18:35:01', '2018-04-11 18:35:01'),
(18, 18, 5027.40, 'Cash', NULL, NULL, NULL, 1, NULL, '2018-04-11 18:36:48', '2018-04-11 18:36:48'),
(19, 19, 15970.50, 'Cash', NULL, NULL, NULL, 1, NULL, '2018-04-11 18:38:11', '2018-04-11 18:38:11'),
(20, 20, 9607.50, 'Cash', NULL, NULL, NULL, 1, NULL, '2018-04-11 18:39:31', '2018-04-11 18:39:31'),
(21, 21, 1675.80, 'Cash', NULL, NULL, NULL, 1, NULL, '2018-04-11 18:41:34', '2018-04-11 18:41:34'),
(22, 22, 2992.50, 'Cash', NULL, NULL, NULL, 1, NULL, '2018-04-11 18:43:26', '2018-04-11 18:43:26'),
(23, 23, 3811.50, 'Cash', NULL, NULL, NULL, 1, NULL, '2018-04-11 19:36:27', '2018-04-11 19:36:27'),
(24, 24, 13626.90, 'Cash', NULL, NULL, NULL, 1, NULL, '2018-04-11 19:40:35', '2018-04-11 19:40:35'),
(25, 25, 3291.70, 'Cash', NULL, NULL, NULL, 1, NULL, '2018-04-11 19:43:59', '2018-04-11 19:43:59'),
(26, 26, 4347.00, 'Cash', NULL, NULL, NULL, 1, NULL, '2018-04-11 19:45:35', '2018-04-11 19:45:35'),
(27, 27, 12889.80, 'Cash', NULL, NULL, NULL, 1, NULL, '2018-04-11 19:47:24', '2018-04-11 19:47:24'),
(28, 28, 13513.00, 'Cash', NULL, NULL, NULL, 1, NULL, '2018-04-11 19:49:06', '2018-04-11 19:49:06'),
(29, 29, 16140.60, 'Cash', NULL, NULL, NULL, 1, NULL, '2018-04-11 19:51:15', '2018-04-11 19:51:15'),
(30, 30, 6013.40, 'Cash', NULL, NULL, NULL, 1, NULL, '2018-04-11 19:52:56', '2018-04-11 19:52:56'),
(31, 31, 3641.40, 'Cash', NULL, NULL, NULL, 1, NULL, '2018-04-11 19:54:15', '2018-04-11 19:54:15'),
(32, 32, 6930.00, 'Cash', NULL, NULL, NULL, 1, NULL, '2018-04-11 19:55:54', '2018-04-11 19:55:54'),
(33, 33, 1134.00, 'Cash', NULL, NULL, NULL, 1, NULL, '2018-04-11 19:57:10', '2018-04-11 19:57:10'),
(34, 34, 7276.50, 'Cash', NULL, NULL, NULL, 1, NULL, '2018-04-11 19:58:28', '2018-04-11 19:58:28'),
(35, 35, 5103.00, 'Cash', NULL, NULL, NULL, 1, NULL, '2018-04-11 19:59:52', '2018-04-11 19:59:52'),
(36, 36, 5292.00, 'Cash', NULL, NULL, NULL, 1, NULL, '2018-04-11 22:10:08', '2018-04-11 22:10:08'),
(37, 37, 8599.50, 'Cash', NULL, NULL, NULL, 1, NULL, '2018-04-11 22:11:34', '2018-04-11 22:11:34'),
(38, 38, 17236.80, 'Cash', NULL, NULL, NULL, 1, NULL, '2018-04-11 22:13:42', '2018-04-11 22:13:42'),
(39, 39, 112986.10, 'Cash', NULL, NULL, NULL, 1, NULL, '2018-04-11 22:39:40', '2018-04-11 22:39:40'),
(40, 40, 5670.00, 'Cash', NULL, NULL, NULL, 1, NULL, '2018-04-11 23:08:11', '2018-04-11 23:08:11'),
(41, 41, 151505.00, 'Cash', NULL, NULL, NULL, 1, NULL, '2018-04-15 22:21:45', '2018-04-15 22:21:45'),
(42, 42, 73361.60, 'Cash', NULL, NULL, NULL, 1, NULL, '2018-04-19 15:11:39', '2018-04-19 15:11:39'),
(43, 28, 0.50, 'Cash', NULL, NULL, NULL, 1, NULL, '2018-04-19 15:11:55', '2018-04-19 15:11:55'),
(44, 43, 113277.50, 'Cash', NULL, NULL, NULL, 1, NULL, '2018-04-19 16:21:14', '2018-04-19 16:21:14'),
(45, 44, 217994.70, 'Cash', NULL, NULL, NULL, 1, NULL, '2018-04-19 17:15:34', '2018-04-19 17:15:34'),
(46, 45, 138055.50, 'Cash', NULL, NULL, NULL, 1, NULL, '2018-04-19 19:37:53', '2018-04-19 19:37:53'),
(47, 46, 96082.20, 'Cash', NULL, NULL, NULL, 1, NULL, '2018-04-19 21:56:23', '2018-04-19 21:56:23'),
(48, 47, 66973.40, 'Cash', NULL, NULL, NULL, 1, NULL, '2018-04-20 00:23:18', '2018-04-20 00:23:18'),
(49, 48, 23787.50, 'Cash', NULL, NULL, NULL, 1, NULL, '2018-04-20 00:35:01', '2018-04-20 00:35:01'),
(50, 49, 53056.00, 'Cash', NULL, NULL, NULL, 1, NULL, '2018-04-21 16:12:47', '2018-04-21 16:12:47'),
(51, 60, 120689.00, 'Cash', NULL, NULL, NULL, 1, NULL, '2018-04-25 19:55:46', '2018-04-25 19:55:46'),
(52, 62, 50.00, 'Cash', NULL, NULL, NULL, 1, NULL, '2018-04-26 01:20:02', '2018-04-26 01:20:02'),
(53, 64, 46403.50, 'Cash', NULL, NULL, NULL, 1, NULL, '2018-04-26 19:12:12', '2018-04-26 19:12:12'),
(54, 69, 44275.00, 'Cash', NULL, NULL, NULL, 1, NULL, '2018-04-28 18:55:11', '2018-04-28 18:55:11'),
(55, 70, 55870.00, 'Cash', NULL, NULL, NULL, 1, NULL, '2018-04-28 20:00:15', '2018-04-28 20:00:15');

-- --------------------------------------------------------

--
-- Table structure for table `sell`
--

CREATE TABLE IF NOT EXISTS `sell` (
  `sellID` int(10) unsigned NOT NULL AUTO_INCREMENT,
  `invoiceID` int(10) unsigned DEFAULT NULL,
  `productID` int(10) unsigned DEFAULT NULL,
  `quantity` int(11) DEFAULT '1',
  `buyPrice` double(8,2) DEFAULT '0.00',
  `unitPrice` double(8,2) DEFAULT '0.00',
  `discount` double(8,2) DEFAULT '0.00',
  `mainPrice` double(8,2) DEFAULT '0.00',
  `isReturn` tinyint(1) NOT NULL DEFAULT '0',
  `userID` int(10) unsigned DEFAULT NULL,
  `deleted_at` timestamp NULL DEFAULT NULL,
  `created_at` timestamp NULL DEFAULT NULL,
  `updated_at` timestamp NULL DEFAULT NULL,
  PRIMARY KEY (`sellID`),
  KEY `sell_invoiceid_index` (`invoiceID`),
  KEY `sell_productid_index` (`productID`),
  KEY `sell_userid_index` (`userID`)
) ENGINE=InnoDB  DEFAULT CHARSET=utf8mb4 COLLATE=utf8mb4_unicode_ci AUTO_INCREMENT=119 ;

--
-- Dumping data for table `sell`
--

INSERT INTO `sell` (`sellID`, `invoiceID`, `productID`, `quantity`, `buyPrice`, `unitPrice`, `discount`, `mainPrice`, `isReturn`, `userID`, `deleted_at`, `created_at`, `updated_at`) VALUES
(1, 1, 209, 4, 275.00, 320.00, 0.00, 320.00, 0, 1, NULL, '2018-04-15 22:56:45', '2018-04-15 22:56:45'),
(2, 2, 285, 10, 198.75, 292.50, 35.00, 450.00, 0, 1, NULL, '2018-04-16 01:03:22', '2018-04-16 01:03:22'),
(3, 2, 290, 12, 258.75, 260.00, 35.00, 400.00, 0, 1, NULL, '2018-04-16 01:03:22', '2018-04-16 01:03:22'),
(4, 2, 284, 5, 172.50, 227.50, 35.00, 350.00, 0, 1, NULL, '2018-04-16 01:03:22', '2018-04-16 01:03:22'),
(5, 2, 282, 4, 146.25, 162.50, 35.00, 250.00, 0, 1, NULL, '2018-04-16 01:03:22', '2018-04-16 01:03:22'),
(6, 2, 298, 1, 300.00, 357.50, 35.00, 550.00, 0, 1, NULL, '2018-04-16 01:03:22', '2018-04-16 01:03:22'),
(7, 3, 206, 5, 345.00, 400.00, 0.00, 400.00, 0, 1, NULL, '2018-04-16 19:09:37', '2018-04-16 19:09:37'),
(8, 4, 122, 60, 36.10, 38.00, 0.00, 38.00, 0, 1, NULL, '2018-04-21 20:56:05', '2018-04-21 20:56:05'),
(9, 4, 120, 12, 36.10, 37.91, 0.00, 37.91, 0, 1, NULL, '2018-04-21 20:56:05', '2018-04-21 20:56:05'),
(10, 5, 209, 2, 275.00, 300.00, 0.00, 300.00, 0, 1, NULL, '2018-04-21 21:20:51', '2018-04-21 21:20:51'),
(11, 6, 206, 18, 345.00, 390.00, 0.00, 390.00, 0, 1, NULL, '2018-04-22 19:44:53', '2018-04-22 19:44:53'),
(12, 7, 282, 8, 146.25, 157.50, 37.00, 250.00, 0, 1, NULL, '2018-04-23 00:27:15', '2018-04-23 00:27:15'),
(13, 7, 284, 11, 172.50, 220.50, 37.00, 350.00, 0, 1, NULL, '2018-04-23 00:27:15', '2018-04-23 00:27:15'),
(14, 7, 285, 5, 198.75, 283.50, 37.00, 450.00, 0, 1, NULL, '2018-04-23 00:27:15', '2018-04-23 00:27:15'),
(15, 7, 286, 4, 180.00, 189.00, 37.00, 300.00, 0, 1, NULL, '2018-04-23 00:27:15', '2018-04-23 00:27:15'),
(16, 7, 287, 6, 296.25, 315.00, 37.00, 500.00, 0, 1, NULL, '2018-04-23 00:27:15', '2018-04-23 00:27:15'),
(17, 7, 288, 30, 221.25, 220.50, 37.00, 350.00, 0, 1, NULL, '2018-04-23 00:27:15', '2018-04-23 00:27:15'),
(18, 7, 290, 8, 258.75, 252.00, 37.00, 400.00, 0, 1, NULL, '2018-04-23 00:27:15', '2018-04-23 00:27:15'),
(19, 7, 291, 2, 412.50, 378.00, 37.00, 600.00, 0, 1, NULL, '2018-04-23 00:27:15', '2018-04-23 00:27:15'),
(20, 7, 298, 9, 300.00, 346.50, 37.00, 550.00, 0, 1, NULL, '2018-04-23 00:27:15', '2018-04-23 00:27:15'),
(21, 7, 302, 2, 146.25, 148.05, 37.00, 235.00, 0, 1, NULL, '2018-04-23 00:27:15', '2018-04-23 00:27:15'),
(22, 8, 209, 20, 275.00, 300.00, 0.00, 300.00, 0, 1, NULL, '2018-04-23 00:47:07', '2018-04-23 00:47:07'),
(23, 8, 208, 20, 305.00, 350.00, 0.00, 350.00, 0, 1, NULL, '2018-04-23 00:47:07', '2018-04-23 00:47:07'),
(24, 9, 66, 24, 38.80, 40.90, 0.00, 40.90, 0, 1, NULL, '2018-04-23 00:57:49', '2018-04-23 00:57:49'),
(25, 10, 209, 12, 275.00, 300.00, 0.00, 300.00, 0, 1, NULL, '2018-04-23 16:07:40', '2018-04-23 16:07:40'),
(26, 10, 206, 12, 345.00, 390.00, 0.00, 390.00, 0, 1, NULL, '2018-04-23 16:07:40', '2018-04-23 16:07:40'),
(27, 10, 205, 4, 385.00, 420.00, 0.00, 420.00, 0, 1, NULL, '2018-04-23 16:07:40', '2018-04-23 16:07:40'),
(28, 10, 207, 6, 325.00, 370.00, 0.00, 370.00, 0, 1, NULL, '2018-04-23 16:07:40', '2018-04-23 16:07:40'),
(29, 11, 61, 12, 27.00, 28.40, 0.00, 28.40, 0, 1, NULL, '2018-04-23 19:31:12', '2018-04-23 19:31:12'),
(30, 12, 458, 1, 1350.00, 1450.00, 0.00, 1450.00, 0, 1, NULL, '2018-04-23 23:37:00', '2018-04-23 23:37:00'),
(31, 13, 207, 1, 325.00, 370.00, 0.00, 370.00, 0, 1, NULL, '2018-04-24 00:13:36', '2018-04-24 00:13:36'),
(32, 14, 205, 1, 385.00, 520.00, 0.00, 520.00, 0, 1, NULL, '2018-04-24 01:09:53', '2018-04-24 01:09:53'),
(33, 15, 462, 1, 1405.00, 1800.00, 0.00, 1800.00, 0, 1, NULL, '2018-04-24 16:04:38', '2018-04-24 16:04:38'),
(34, 16, 207, 1, 325.00, 380.00, 0.00, 380.00, 0, 1, NULL, '2018-04-24 18:48:03', '2018-04-24 18:48:03'),
(35, 17, 428, 12, 45.00, 55.00, 0.00, 55.00, 0, 1, NULL, '2018-04-24 19:05:55', '2018-04-24 19:05:55'),
(36, 17, 31, 12, 22.60, 23.80, 0.00, 23.80, 0, 1, NULL, '2018-04-24 19:05:55', '2018-04-24 19:05:55'),
(37, 17, NULL, 10, 100.00, 95.00, 0.00, 95.00, 0, 1, NULL, '2018-04-24 19:05:55', '2018-04-24 19:05:55'),
(38, 17, 429, 12, 55.00, 60.00, 0.00, 60.00, 0, 1, NULL, '2018-04-24 19:05:55', '2018-04-24 19:05:55'),
(40, 19, 458, 2, 1415.00, 1650.00, 0.00, 1650.00, 0, 1, NULL, '2018-04-24 20:20:14', '2018-04-24 20:20:14'),
(41, 20, 458, 10, 1415.00, 1440.00, 0.00, 1440.00, 0, 1, NULL, '2018-04-24 22:52:41', '2018-04-24 22:52:41'),
(42, 21, 123, 40, 20.00, 21.00, 0.00, 21.00, 0, 1, NULL, '2018-04-24 22:59:59', '2018-04-24 22:59:59'),
(43, 21, 82, 20, 33.30, 35.00, 0.00, 35.00, 0, 1, NULL, '2018-04-24 22:59:59', '2018-04-24 22:59:59'),
(44, 21, 84, 20, 20.00, 21.00, 0.00, 21.00, 0, 1, NULL, '2018-04-24 22:59:59', '2018-04-24 22:59:59'),
(45, 22, 469, 1, 85.00, 180.00, 0.00, 180.00, 0, 1, NULL, '2018-04-24 23:11:41', '2018-04-24 23:11:41'),
(46, 22, 492, 1, 26.00, 35.00, 0.00, 35.00, 0, 1, NULL, '2018-04-24 23:11:41', '2018-04-24 23:11:41'),
(47, 23, 208, 1, 305.00, 350.00, 0.00, 350.00, 0, 1, NULL, '2018-04-25 00:58:21', '2018-04-25 00:58:21'),
(48, 24, 416, 10, 114.00, 120.00, 0.00, 120.00, 0, 1, NULL, '2018-04-25 21:53:48', '2018-04-25 21:53:48'),
(49, 25, 95, 120, 16.30, 17.10, 0.00, 17.10, 0, 1, NULL, '2018-04-25 22:28:44', '2018-04-25 22:28:44'),
(50, 26, 559, 1, 3700.00, 6500.00, 0.00, 6500.00, 0, 1, NULL, '2018-04-26 01:11:24', '2018-04-26 01:11:24'),
(51, 26, 560, 1, 1850.00, 3250.00, 0.00, 3250.00, 0, 1, NULL, '2018-04-26 01:11:24', '2018-04-26 01:11:24'),
(52, 26, 280, 8, 155.00, 250.00, 0.00, 250.00, 0, 1, NULL, '2018-04-26 01:11:24', '2018-04-26 01:11:24'),
(53, 26, 566, 1, 460.00, 750.00, 0.00, 750.00, 0, 1, NULL, '2018-04-26 01:11:24', '2018-04-26 01:11:24'),
(54, 26, 569, 1, 65.00, 150.00, 0.00, 150.00, 0, 1, NULL, '2018-04-26 01:11:24', '2018-04-26 01:11:24'),
(55, 26, 567, 3, 43.00, 150.00, 0.00, 150.00, 0, 1, NULL, '2018-04-26 01:11:24', '2018-04-26 01:11:24'),
(56, 26, 578, 10, 28.00, 45.00, 0.00, 45.00, 0, 1, NULL, '2018-04-26 01:11:24', '2018-04-26 01:11:24'),
(57, 26, 66, 8, 38.80, 45.00, 0.00, 45.00, 0, 1, NULL, '2018-04-26 01:11:24', '2018-04-26 01:11:24'),
(58, 26, 574, 100, 6.00, 14.00, 0.00, 14.00, 0, 1, NULL, '2018-04-26 01:11:24', '2018-04-26 01:11:24'),
(59, 26, 573, 300, 7.00, 8.25, 0.00, 8.25, 0, 1, NULL, '2018-04-26 01:11:24', '2018-04-26 01:11:24'),
(60, 26, 576, 3, 25.00, 45.00, 0.00, 45.00, 0, 1, NULL, '2018-04-26 01:11:24', '2018-04-26 01:11:24'),
(61, 26, 575, 2, 18.25, 25.00, 0.00, 25.00, 0, 1, NULL, '2018-04-26 01:11:24', '2018-04-26 01:11:24'),
(62, 26, 570, 3, 1600.00, 2200.00, 0.00, 2200.00, 0, 1, NULL, '2018-04-26 01:11:24', '2018-04-26 01:11:24'),
(63, 26, 577, 1, 215.00, 350.00, 0.00, 350.00, 0, 1, NULL, '2018-04-26 01:11:24', '2018-04-26 01:11:24'),
(64, 27, 579, 2, 25.00, 30.00, 0.00, 30.00, 0, 1, NULL, '2018-04-26 01:21:46', '2018-04-26 01:21:46'),
(65, 28, 634, 1, 185.00, 185.00, 0.00, 185.00, 0, 1, NULL, '2018-04-26 18:53:02', '2018-04-26 18:53:02'),
(66, 29, 478, 3, 110.00, 125.00, 0.00, 125.00, 0, 1, NULL, '2018-04-26 20:31:13', '2018-04-26 20:31:13'),
(67, 29, 488, 1, 220.00, 250.00, 0.00, 250.00, 0, 1, NULL, '2018-04-26 20:31:13', '2018-04-26 20:31:13'),
(68, 30, 587, 1, 1170.00, 1350.00, 0.00, 1350.00, 0, 1, NULL, '2018-04-27 00:11:59', '2018-04-27 00:11:59'),
(69, 31, 292, 6, 180.00, 211.05, 37.00, 335.00, 0, 1, NULL, '2018-04-27 01:19:00', '2018-04-27 01:19:00'),
(70, 32, 205, 1, 385.00, 420.00, 0.00, 420.00, 0, 1, NULL, '2018-04-28 15:32:35', '2018-04-28 15:32:35'),
(71, 32, 45, 1, 18.20, 25.00, 0.00, 25.00, 0, 1, NULL, '2018-04-28 15:32:35', '2018-04-28 15:32:35'),
(72, 33, 653, 4, 35.00, 50.00, 0.00, 50.00, 0, 1, NULL, '2018-04-28 17:17:41', '2018-04-28 17:17:41'),
(73, 33, 652, 6, 17.50, 25.00, 0.00, 25.00, 0, 1, NULL, '2018-04-28 17:17:41', '2018-04-28 17:17:41'),
(74, 33, 654, 2, 50.00, 75.00, 0.00, 75.00, 0, 1, NULL, '2018-04-28 17:17:41', '2018-04-28 17:17:41'),
(75, 33, 282, 8, 146.25, 200.00, 0.00, 200.00, 0, 1, NULL, '2018-04-28 17:17:41', '2018-04-28 17:17:41'),
(76, 33, 301, 1, 427.50, 440.00, 0.00, 440.00, 0, 1, NULL, '2018-04-28 17:17:41', '2018-04-28 17:17:41'),
(77, 33, 502, 2, 95.00, 250.00, 0.00, 250.00, 0, 1, NULL, '2018-04-28 17:17:41', '2018-04-28 17:17:41'),
(78, 33, 476, 1, 170.00, 570.00, 0.00, 570.00, 0, 1, NULL, '2018-04-28 17:17:41', '2018-04-28 17:17:41'),
(79, 33, 467, 1, 85.00, 285.00, 0.00, 285.00, 0, 1, NULL, '2018-04-28 17:17:41', '2018-04-28 17:17:41'),
(80, 33, 500, 1, 700.00, 1050.00, 0.00, 1050.00, 0, 1, NULL, '2018-04-28 17:17:41', '2018-04-28 17:17:41'),
(81, 33, 287, 1, 296.25, 400.00, 0.00, 400.00, 0, 1, NULL, '2018-04-28 17:17:41', '2018-04-28 17:17:41'),
(82, 33, 658, 12, 6.00, 10.00, 0.00, 10.00, 0, 1, NULL, '2018-04-28 17:17:41', '2018-04-28 17:17:41'),
(83, 33, 575, 3, 18.25, 25.00, 0.00, 25.00, 0, 1, NULL, '2018-04-28 17:17:41', '2018-04-28 17:17:41'),
(84, 33, 655, 3, 200.00, 250.00, 0.00, 250.00, 0, 1, NULL, '2018-04-28 17:17:41', '2018-04-28 17:17:41'),
(85, 33, 657, 1, 25.00, 30.00, 0.00, 30.00, 0, 1, NULL, '2018-04-28 17:17:41', '2018-04-28 17:17:41'),
(86, 33, 656, 10, 24.00, 30.00, 0.00, 30.00, 0, 1, NULL, '2018-04-28 17:17:41', '2018-04-28 17:17:41'),
(87, 34, 210, 6, 275.00, 300.00, 0.00, 300.00, 0, 1, NULL, '2018-04-28 17:30:31', '2018-04-28 17:30:31'),
(88, 34, 207, 2, 325.00, 370.00, 0.00, 370.00, 0, 1, NULL, '2018-04-28 17:30:31', '2018-04-28 17:30:31'),
(89, 35, 205, 1, 385.00, 450.00, 0.00, 450.00, 0, 1, NULL, '2018-04-28 19:13:27', '2018-04-28 19:13:27'),
(90, 36, 110, 48, 11.90, 12.50, 0.00, 12.50, 0, 1, NULL, '2018-04-28 20:29:06', '2018-04-28 20:29:06'),
(91, 37, 458, 1, 1415.00, 1600.00, 0.00, 1600.00, 0, 1, NULL, '2018-04-28 21:09:47', '2018-04-28 21:09:47'),
(92, 38, 81, 12, 128.30, 135.00, 0.00, 135.00, 0, 1, NULL, '2018-04-28 21:17:16', '2018-04-28 21:17:16'),
(93, 39, 161, 1, 0.00, 70.00, 0.00, 70.00, 0, 1, NULL, '2018-04-28 21:58:59', '2018-04-28 21:58:59'),
(94, 40, 458, 20, 1415.00, 1450.00, 0.00, 1450.00, 0, 1, NULL, '2018-04-28 22:00:47', '2018-04-28 22:00:47'),
(95, 41, 207, 1, 325.00, 370.00, 0.00, 370.00, 0, 1, NULL, '2018-04-28 22:07:26', '2018-04-28 22:07:26'),
(96, 41, 210, 2, 275.00, 300.00, 0.00, 300.00, 0, 1, NULL, '2018-04-28 22:07:26', '2018-04-28 22:07:26'),
(97, 42, 683, 37, 300.00, 450.00, 0.00, 450.00, 0, 1, NULL, '2018-04-28 23:12:52', '2018-04-28 23:12:52'),
(98, 42, 683, 37, 300.00, 450.00, 0.00, 0.00, 1, 1, NULL, '2018-04-28 23:18:00', '2018-04-28 23:18:00'),
(99, 43, 155, 12, 0.00, 22.95, 0.00, 22.95, 0, 1, NULL, '2018-04-28 23:53:51', '2018-04-28 23:53:51'),
(100, 44, 55, 12, 22.60, 23.80, 0.00, 23.80, 0, 1, NULL, '2018-04-29 00:04:24', '2018-04-29 00:04:24'),
(101, 44, 25, 12, 24.20, 25.50, 0.00, 25.50, 0, 1, NULL, '2018-04-29 00:04:24', '2018-04-29 00:04:24'),
(102, 45, 502, 1, 95.00, 100.00, 0.00, 100.00, 0, 1, NULL, '2018-04-29 00:45:12', '2018-04-29 00:45:12'),
(103, 45, 47, 1, 104.50, 110.00, 0.00, 110.00, 0, 1, NULL, '2018-04-29 00:45:12', '2018-04-29 00:45:12'),
(104, 46, 25, 8, 24.20, 25.50, 0.00, 25.50, 0, 1, NULL, '2018-04-29 00:57:04', '2018-04-29 00:57:04'),
(105, 47, 205, 1, 385.00, 440.00, 0.00, 440.00, 0, 1, NULL, '2018-04-29 01:24:20', '2018-04-29 01:24:20'),
(106, 48, 479, 2, 110.00, 125.00, 0.00, 125.00, 0, 1, NULL, '2018-04-29 01:53:51', '2018-04-29 01:53:51'),
(107, 48, 507, 1, 400.00, 430.00, 0.00, 430.00, 0, 1, NULL, '2018-04-29 01:53:51', '2018-04-29 01:53:51'),
(108, 48, 523, 2, 450.00, 480.00, 0.00, 480.00, 0, 1, NULL, '2018-04-29 01:53:51', '2018-04-29 01:53:51'),
(109, 49, 16, 24, 14.30, 15.00, 0.00, 15.00, 0, 1, NULL, '2018-04-29 02:12:15', '2018-04-29 02:12:15'),
(110, 49, 503, 10, 88.00, 95.00, 0.00, 95.00, 0, 1, NULL, '2018-04-29 02:12:15', '2018-04-29 02:12:15'),
(111, 50, 39, 60, 14.70, 15.50, 0.00, 15.50, 0, 1, NULL, '2018-04-29 18:02:48', '2018-04-29 18:02:48'),
(112, 50, 75, 60, 23.40, 24.60, 0.00, 24.60, 0, 1, NULL, '2018-04-29 18:02:48', '2018-04-29 18:02:48'),
(113, 50, 111, 60, 10.00, 10.50, 0.00, 10.50, 0, 1, NULL, '2018-04-29 18:02:48', '2018-04-29 18:02:48'),
(114, 50, 47, 15, 104.50, 110.00, 0.00, 110.00, 0, 1, NULL, '2018-04-29 18:02:48', '2018-04-29 18:02:48'),
(115, 50, 429, 20, 55.00, 60.00, 0.00, 60.00, 0, 1, NULL, '2018-04-29 18:02:48', '2018-04-29 18:02:48'),
(116, 50, 14, 120, 14.30, 15.00, 0.00, 15.00, 0, 1, NULL, '2018-04-29 18:02:48', '2018-04-29 18:02:48'),
(117, 50, 16, 36, 14.30, 15.00, 0.00, 15.00, 0, 1, NULL, '2018-04-29 18:02:48', '2018-04-29 18:02:48'),
(118, 50, 19, 24, 17.40, 19.00, 0.00, 19.00, 0, 1, NULL, '2018-04-29 18:02:48', '2018-04-29 18:02:48');

-- --------------------------------------------------------

--
-- Table structure for table `sell_invoice`
--

CREATE TABLE IF NOT EXISTS `sell_invoice` (
  `invoiceID` int(10) unsigned NOT NULL AUTO_INCREMENT,
  `customerID` int(10) unsigned DEFAULT NULL,
  `status` varchar(30) COLLATE utf8mb4_unicode_ci DEFAULT 'Complete',
  `discount` double(8,2) DEFAULT '0.00',
  `otherCost` double(8,2) DEFAULT '0.00',
  `note` varchar(191) COLLATE utf8mb4_unicode_ci DEFAULT NULL,
  `checkOut` tinyint(1) DEFAULT '0',
  `checkOutDate` date DEFAULT NULL,
  `userID` int(10) unsigned DEFAULT NULL,
  `deleted_at` timestamp NULL DEFAULT NULL,
  `created_at` timestamp NULL DEFAULT NULL,
  `updated_at` timestamp NULL DEFAULT NULL,
  PRIMARY KEY (`invoiceID`),
  KEY `sell_invoice_customerid_index` (`customerID`),
  KEY `sell_invoice_userid_index` (`userID`)
) ENGINE=InnoDB  DEFAULT CHARSET=utf8mb4 COLLATE=utf8mb4_unicode_ci AUTO_INCREMENT=51 ;

--
-- Dumping data for table `sell_invoice`
--

INSERT INTO `sell_invoice` (`invoiceID`, `customerID`, `status`, `discount`, `otherCost`, `note`, `checkOut`, `checkOutDate`, `userID`, `deleted_at`, `created_at`, `updated_at`) VALUES
(1, 2, 'Paid', 0.00, 0.00, NULL, 0, '2018-04-15', 1, NULL, '2018-04-15 22:56:45', '2018-04-15 22:56:45'),
(2, 3, 'Paid', 0.00, 0.00, NULL, 0, '2018-04-16', 1, NULL, '2018-04-16 01:03:22', '2018-04-21 16:38:18'),
(3, 4, 'Paid', 2000.00, 0.00, NULL, 0, '2018-04-16', 1, NULL, '2018-04-16 19:09:37', '2018-04-21 16:37:58'),
(4, 5, 'Unpaid', 0.00, 0.00, NULL, 0, '2018-04-21', 1, NULL, '2018-04-21 20:56:05', '2018-04-21 20:56:05'),
(5, 6, 'Paid', 0.00, 0.00, NULL, 0, '2018-04-21', 1, NULL, '2018-04-21 21:20:51', '2018-04-21 21:20:51'),
(6, 7, 'Paid', 20.00, 0.00, NULL, 0, '2018-04-22', 1, NULL, '2018-04-22 19:44:53', '2018-04-22 19:44:53'),
(7, 3, 'Paid', 20550.60, 0.00, NULL, 0, '2018-04-22', 1, NULL, '2018-04-23 00:27:15', '2018-04-23 00:27:15'),
(8, 9, 'Unpaid', 0.00, 0.00, NULL, 0, '2018-04-22', 1, NULL, '2018-04-23 00:47:07', '2018-04-23 00:47:07'),
(9, 11, 'Paid', 1.60, 0.00, NULL, 0, '2018-04-22', 1, NULL, '2018-04-23 00:57:49', '2018-04-23 00:57:49'),
(10, 12, 'Partial', 0.00, 0.00, NULL, 0, '2018-04-23', 1, NULL, '2018-04-23 16:07:40', '2018-04-23 16:07:40'),
(11, 13, 'Partial', 0.00, 0.00, NULL, 0, '2018-04-23', 1, NULL, '2018-04-23 19:31:12', '2018-04-23 19:31:12'),
(12, 14, 'Unpaid', 0.00, 0.00, NULL, 0, '2018-04-23', 1, NULL, '2018-04-23 23:37:00', '2018-04-23 23:37:00'),
(13, 15, 'Paid', 0.00, 0.00, NULL, 0, '2018-04-23', 1, NULL, '2018-04-24 00:13:36', '2018-04-24 00:13:36'),
(14, 16, 'Paid', 0.00, 0.00, NULL, 0, '2018-04-23', 1, NULL, '2018-04-24 01:09:53', '2018-04-24 01:09:53'),
(15, 16, 'Paid', 0.00, 0.00, NULL, 0, '2018-04-24', 1, NULL, '2018-04-24 16:04:38', '2018-04-24 16:04:38'),
(16, 16, 'Paid', 0.00, 0.00, NULL, 0, '2018-04-24', 1, NULL, '2018-04-24 18:48:03', '2018-04-24 18:48:03'),
(17, 17, 'Partial', 0.00, 0.00, NULL, 0, '2018-04-24', 1, NULL, '2018-04-24 19:05:55', '2018-04-28 23:58:44'),
(19, 18, 'Partial', 0.00, 0.00, NULL, 0, '2018-04-22', 1, NULL, '2018-04-24 20:20:14', '2018-04-24 20:20:14'),
(20, 19, 'Paid', 0.00, 0.00, NULL, 0, '2018-04-24', 1, NULL, '2018-04-24 22:52:41', '2018-04-24 23:02:15'),
(21, 20, 'Unpaid', 0.00, 0.00, NULL, 0, '2018-04-24', 1, NULL, '2018-04-24 22:59:59', '2018-04-24 22:59:59'),
(22, 21, 'Unpaid', 0.00, 0.00, NULL, 0, '2018-04-24', 1, NULL, '2018-04-24 23:11:41', '2018-04-24 23:11:41'),
(23, 16, 'Paid', 0.00, 0.00, NULL, 0, '2018-04-24', 1, NULL, '2018-04-25 00:58:21', '2018-04-25 00:58:21'),
(24, 20, 'Unpaid', 0.00, 0.00, NULL, 0, '2018-04-25', 1, NULL, '2018-04-25 21:53:48', '2018-04-25 21:53:48'),
(25, 22, 'Paid', 52.00, 0.00, NULL, 0, '2018-04-25', 1, NULL, '2018-04-25 22:28:44', '2018-04-25 22:28:44'),
(26, 16, 'Paid', 420.00, 0.00, NULL, 0, '2018-04-25', 1, NULL, '2018-04-26 01:11:24', '2018-04-26 01:11:24'),
(27, 16, 'Paid', 0.00, 0.00, NULL, 0, '2018-04-25', 1, NULL, '2018-04-26 01:21:46', '2018-04-26 01:21:46'),
(28, 16, 'Paid', 0.00, 0.00, NULL, 0, '2018-04-26', 1, NULL, '2018-04-26 18:53:02', '2018-04-26 18:53:02'),
(29, 23, 'Paid', 0.00, 0.00, NULL, 0, '2018-04-26', 1, NULL, '2018-04-26 20:31:13', '2018-04-26 20:31:13'),
(30, 5, 'Paid', 20.00, 0.00, NULL, 0, '2018-04-26', 1, NULL, '2018-04-27 00:11:59', '2018-04-27 00:11:59'),
(31, 3, 'Unpaid', 0.00, 0.00, NULL, 0, '2018-04-26', 1, NULL, '2018-04-27 01:19:00', '2018-04-27 01:19:00'),
(32, 16, 'Paid', 0.00, 0.00, NULL, 0, '2018-04-28', 1, NULL, '2018-04-28 15:32:35', '2018-04-28 17:31:29'),
(33, 24, 'Paid', 2520.00, 0.00, NULL, 0, '2018-04-28', 1, NULL, '2018-04-28 17:17:41', '2018-04-28 17:24:06'),
(34, 16, 'Paid', 0.00, 0.00, NULL, 0, '2018-04-28', 1, NULL, '2018-04-28 17:30:31', '2018-04-28 17:30:31'),
(35, 16, 'Paid', 0.00, 0.00, NULL, 0, '2018-04-28', 1, NULL, '2018-04-28 19:13:27', '2018-04-28 19:13:27'),
(36, 20, 'Unpaid', 0.00, 0.00, NULL, 0, '2018-04-28', 1, NULL, '2018-04-28 20:29:06', '2018-04-28 20:29:06'),
(37, 25, 'Paid', 0.00, 0.00, NULL, 0, '2018-04-28', 1, NULL, '2018-04-28 21:09:47', '2018-04-28 21:09:47'),
(38, 26, 'Unpaid', 0.00, 0.00, NULL, 0, '2018-04-28', 1, NULL, '2018-04-28 21:17:16', '2018-04-28 21:17:16'),
(39, 16, 'Paid', 0.00, 0.00, NULL, 0, '2018-04-28', 1, NULL, '2018-04-28 21:58:59', '2018-04-28 21:58:59'),
(40, 26, 'Unpaid', 0.00, 0.00, NULL, 0, '2018-04-28', 1, NULL, '2018-04-28 22:00:47', '2018-04-28 22:00:47'),
(41, 6, 'Paid', 0.00, 0.00, NULL, 0, '2018-04-28', 1, NULL, '2018-04-28 22:07:26', '2018-04-28 22:07:26'),
(42, 27, 'Paid', 0.00, 0.00, NULL, 0, '2018-01-17', 1, NULL, '2018-04-28 23:12:52', '2018-04-28 23:37:32'),
(43, 17, 'Unpaid', 0.00, 0.00, NULL, 0, '2018-04-28', 1, NULL, '2018-04-28 23:53:51', '2018-04-28 23:53:51'),
(44, 28, 'Unpaid', 0.00, 0.00, NULL, 0, '2018-04-28', 1, NULL, '2018-04-29 00:04:24', '2018-04-29 00:04:24'),
(45, 29, 'Unpaid', 0.00, 0.00, NULL, 0, '2018-04-28', 1, NULL, '2018-04-29 00:45:12', '2018-04-29 00:45:12'),
(46, 28, 'Unpaid', 0.00, 0.00, NULL, 0, '2018-04-28', 1, NULL, '2018-04-29 00:57:04', '2018-04-29 00:57:04'),
(47, 16, 'Paid', 0.00, 0.00, NULL, 0, '2018-04-28', 1, NULL, '2018-04-29 01:24:20', '2018-04-29 01:24:20'),
(48, 26, 'Paid', 0.00, 0.00, NULL, 0, '2018-04-28', 1, NULL, '2018-04-29 01:53:51', '2018-04-29 01:53:51'),
(49, 16, 'Paid', 20.00, 0.00, NULL, 0, '2018-04-28', 1, NULL, '2018-04-29 02:12:15', '2018-04-29 02:12:15'),
(50, 9, 'Unpaid', 0.00, 0.00, NULL, 0, '2018-04-29', 1, NULL, '2018-04-29 18:02:48', '2018-04-29 18:02:48');

-- --------------------------------------------------------

--
-- Table structure for table `sell_transactions`
--

CREATE TABLE IF NOT EXISTS `sell_transactions` (
  `sellTransactionID` int(10) unsigned NOT NULL AUTO_INCREMENT,
  `invoiceID` int(10) unsigned DEFAULT NULL,
  `amount` double(15,2) NOT NULL DEFAULT '0.00',
  `paymentType` varchar(30) COLLATE utf8mb4_unicode_ci DEFAULT 'Cash',
  `chequeNumber` varchar(30) COLLATE utf8mb4_unicode_ci DEFAULT NULL,
  `bankName` varchar(191) COLLATE utf8mb4_unicode_ci DEFAULT NULL,
  `issueDate` date DEFAULT NULL,
  `userID` int(10) unsigned DEFAULT NULL,
  `deleted_at` timestamp NULL DEFAULT NULL,
  `created_at` timestamp NULL DEFAULT NULL,
  `updated_at` timestamp NULL DEFAULT NULL,
  PRIMARY KEY (`sellTransactionID`),
  KEY `sell_transactions_invoiceid_index` (`invoiceID`),
  KEY `sell_transactions_userid_index` (`userID`)
) ENGINE=InnoDB  DEFAULT CHARSET=utf8mb4 COLLATE=utf8mb4_unicode_ci AUTO_INCREMENT=39 ;

--
-- Dumping data for table `sell_transactions`
--

INSERT INTO `sell_transactions` (`sellTransactionID`, `invoiceID`, `amount`, `paymentType`, `chequeNumber`, `bankName`, `issueDate`, `userID`, `deleted_at`, `created_at`, `updated_at`) VALUES
(1, 1, 1280.00, 'Cash', NULL, NULL, NULL, 1, NULL, '2018-04-15 22:56:45', '2018-04-15 22:56:45'),
(2, 2, 6000.00, 'Cash', NULL, NULL, NULL, 1, NULL, '2018-04-16 20:46:18', '2018-04-16 20:46:18'),
(3, 3, 2000.00, 'Cash', NULL, NULL, NULL, 1, NULL, '2018-04-21 16:19:28', '2018-04-21 16:19:28'),
(4, 3, -2000.00, 'Cash', NULL, NULL, NULL, 1, NULL, '2018-04-21 16:37:58', '2018-04-21 16:37:58'),
(5, 2, 2190.00, 'Cash', NULL, NULL, NULL, 1, NULL, '2018-04-21 16:38:18', '2018-04-21 16:38:18'),
(6, 5, 600.00, 'Cash', NULL, NULL, NULL, 1, NULL, '2018-04-21 21:20:51', '2018-04-21 21:20:51'),
(7, 6, 7000.00, 'Cash', NULL, NULL, NULL, 1, NULL, '2018-04-22 19:44:53', '2018-04-22 19:44:53'),
(8, 9, 980.00, 'Cash', NULL, NULL, NULL, 1, NULL, '2018-04-23 00:57:49', '2018-04-23 00:57:49'),
(9, 10, 10000.00, 'Cash', NULL, NULL, NULL, 1, NULL, '2018-04-23 16:07:40', '2018-04-23 16:07:40'),
(10, 11, 340.00, 'Cash', NULL, NULL, NULL, 1, NULL, '2018-04-23 19:31:12', '2018-04-23 19:31:12'),
(11, 13, 370.00, 'Cash', NULL, NULL, NULL, 1, NULL, '2018-04-24 00:13:36', '2018-04-24 00:13:36'),
(12, 14, 520.00, 'Cash', NULL, NULL, NULL, 1, NULL, '2018-04-24 01:09:53', '2018-04-24 01:09:53'),
(13, 15, 1800.00, 'Cash', NULL, NULL, NULL, 1, NULL, '2018-04-24 16:04:38', '2018-04-24 16:04:38'),
(14, 16, 380.00, 'Cash', NULL, NULL, NULL, 1, NULL, '2018-04-24 18:48:03', '2018-04-24 18:48:03'),
(16, 19, 1500.00, 'Cash', NULL, NULL, NULL, 1, NULL, '2018-04-24 20:20:14', '2018-04-24 20:20:14'),
(17, 20, 14400.00, 'Cash', NULL, NULL, NULL, 1, NULL, '2018-04-24 23:02:15', '2018-04-24 23:02:15'),
(18, 23, 350.00, 'Cash', NULL, NULL, NULL, 1, NULL, '2018-04-25 00:58:21', '2018-04-25 00:58:21'),
(19, 25, 2000.00, 'Cash', NULL, NULL, NULL, 1, NULL, '2018-04-25 22:28:44', '2018-04-25 22:28:44'),
(20, 26, 24500.00, 'Cash', NULL, NULL, NULL, 1, NULL, '2018-04-26 01:11:24', '2018-04-26 01:11:24'),
(21, 27, 60.00, 'Cash', NULL, NULL, NULL, 1, NULL, '2018-04-26 01:21:46', '2018-04-26 01:21:46'),
(22, 17, 1000.00, 'Cash', NULL, NULL, NULL, 1, NULL, '2018-04-26 01:45:20', '2018-04-26 01:45:20'),
(23, 28, 185.00, 'Cash', NULL, NULL, NULL, 1, NULL, '2018-04-26 18:53:02', '2018-04-26 18:53:02'),
(24, 29, 625.00, 'Cash', NULL, NULL, NULL, 1, NULL, '2018-04-26 20:31:13', '2018-04-26 20:31:13'),
(25, 30, 1330.00, 'Cash', NULL, NULL, NULL, 1, NULL, '2018-04-27 00:11:59', '2018-04-27 00:11:59'),
(26, 33, 4100.00, 'Cash', NULL, NULL, NULL, 1, NULL, '2018-04-28 17:24:06', '2018-04-28 17:24:06'),
(27, 34, 2540.00, 'Cash', NULL, NULL, NULL, 1, NULL, '2018-04-28 17:30:31', '2018-04-28 17:30:31'),
(28, 32, 445.00, 'Cash', NULL, NULL, NULL, 1, NULL, '2018-04-28 17:31:29', '2018-04-28 17:31:29'),
(29, 35, 450.00, 'Cash', NULL, NULL, NULL, 1, NULL, '2018-04-28 19:13:27', '2018-04-28 19:13:27'),
(30, 37, 1600.00, 'Cash', NULL, NULL, NULL, 1, NULL, '2018-04-28 21:09:47', '2018-04-28 21:09:47'),
(31, 39, 70.00, 'Cash', NULL, NULL, NULL, 1, NULL, '2018-04-28 21:58:59', '2018-04-28 21:58:59'),
(32, 41, 970.00, 'Cash', NULL, NULL, NULL, 1, NULL, '2018-04-28 22:07:26', '2018-04-28 22:07:26'),
(33, 42, 16650.00, 'Cash', NULL, NULL, NULL, 1, NULL, '2018-04-28 23:12:52', '2018-04-28 23:12:52'),
(34, 42, -16650.00, 'Cash', NULL, NULL, NULL, 1, NULL, '2018-04-28 23:37:32', '2018-04-28 23:37:32'),
(35, 17, 500.00, 'Cash', NULL, NULL, NULL, 1, NULL, '2018-04-28 23:58:44', '2018-04-28 23:58:44'),
(36, 47, 440.00, 'Cash', NULL, NULL, NULL, 1, NULL, '2018-04-29 01:24:20', '2018-04-29 01:24:20'),
(37, 48, 1640.00, 'Cash', NULL, NULL, NULL, 1, NULL, '2018-04-29 01:53:51', '2018-04-29 01:53:51'),
(38, 49, 1290.00, 'Cash', NULL, NULL, NULL, 1, NULL, '2018-04-29 02:12:15', '2018-04-29 02:12:15');

-- --------------------------------------------------------

--
-- Table structure for table `suppliers`
--

CREATE TABLE IF NOT EXISTS `suppliers` (
  `supplierID` int(10) unsigned NOT NULL AUTO_INCREMENT,
  `supplierCategoryID` int(10) unsigned DEFAULT NULL,
  `name` varchar(191) COLLATE utf8mb4_unicode_ci DEFAULT NULL,
  `company` varchar(191) COLLATE utf8mb4_unicode_ci DEFAULT NULL,
  `contact` varchar(30) COLLATE utf8mb4_unicode_ci DEFAULT NULL,
  `email` varchar(160) COLLATE utf8mb4_unicode_ci DEFAULT NULL,
  `social` varchar(191) COLLATE utf8mb4_unicode_ci DEFAULT NULL,
  `address` varchar(191) COLLATE utf8mb4_unicode_ci DEFAULT NULL,
  `description` varchar(191) COLLATE utf8mb4_unicode_ci DEFAULT NULL,
  `userID` int(10) unsigned DEFAULT NULL,
  `deleted_at` timestamp NULL DEFAULT NULL,
  `created_at` timestamp NULL DEFAULT NULL,
  `updated_at` timestamp NULL DEFAULT NULL,
  PRIMARY KEY (`supplierID`),
  KEY `suppliers_suppliercategoryid_index` (`supplierCategoryID`),
  KEY `suppliers_userid_index` (`userID`)
) ENGINE=InnoDB  DEFAULT CHARSET=utf8mb4 COLLATE=utf8mb4_unicode_ci AUTO_INCREMENT=12 ;

--
-- Dumping data for table `suppliers`
--

INSERT INTO `suppliers` (`supplierID`, `supplierCategoryID`, `name`, `company`, `contact`, `email`, `social`, `address`, `description`, `userID`, `deleted_at`, `created_at`, `updated_at`) VALUES
(1, NULL, 'ffhi', NULL, '01548451425', NULL, NULL, NULL, NULL, 1, NULL, '2017-11-02 22:43:02', '2017-11-02 22:43:02'),
(2, NULL, 'Khan Trading', NULL, '01775178283', NULL, NULL, 'Dhaka', NULL, 1, NULL, '2017-11-02 22:45:32', '2017-11-02 22:45:32'),
(3, 1, 'No Customer', NULL, '00000000000000', NULL, NULL, NULL, NULL, 1, NULL, '2018-04-07 23:42:48', '2018-04-07 23:42:48'),
(4, 1, 'Power Plus', 'Power Plus Group', '01711133652', NULL, NULL, 'Dhaka', NULL, 1, NULL, '2018-04-11 16:51:45', '2018-04-11 16:51:45'),
(5, 1, 'Safayet & Brothers', 'Kingshan', '01711760187', NULL, NULL, 'Chattogram', NULL, 1, NULL, '2018-04-15 22:20:57', '2018-04-15 22:20:57'),
(6, 1, 'politon', 'Politon S L Co.Ltd', '01742 038392', NULL, NULL, 'Dhaka', NULL, 1, NULL, '2018-04-21 23:30:06', '2018-04-21 23:30:06'),
(7, 1, 'Al-Aqsa', 'Al-Aqsa E&L.Co.', '01710674180', NULL, NULL, 'Dhaka', NULL, 1, NULL, '2018-04-21 23:33:17', '2018-04-21 23:33:17'),
(8, 1, 'AG', 'Chisty Traders', '0173333143', NULL, NULL, 'Dhaka', NULL, 1, NULL, '2018-04-23 23:30:52', '2018-04-23 23:30:52'),
(9, 1, 'Syl Power', NULL, '01775178283', NULL, NULL, NULL, NULL, 1, NULL, '2018-04-25 14:49:56', '2018-04-25 14:49:56'),
(10, 1, 'Tabib', NULL, '01724800413', NULL, NULL, 'Dhaka', NULL, 1, NULL, '2018-04-26 00:56:25', '2018-04-26 00:56:25'),
(11, 1, 'Prodip', NULL, '01727723142', NULL, NULL, 'Sylhet', NULL, 1, NULL, '2018-04-26 23:51:36', '2018-04-26 23:51:36');

-- --------------------------------------------------------

--
-- Table structure for table `suppliers_category`
--

CREATE TABLE IF NOT EXISTS `suppliers_category` (
  `supplierCategoryID` int(10) unsigned NOT NULL AUTO_INCREMENT,
  `name` varchar(160) COLLATE utf8mb4_unicode_ci NOT NULL,
  `userID` int(10) unsigned DEFAULT NULL,
  `deleted_at` timestamp NULL DEFAULT NULL,
  `created_at` timestamp NULL DEFAULT NULL,
  `updated_at` timestamp NULL DEFAULT NULL,
  PRIMARY KEY (`supplierCategoryID`),
  UNIQUE KEY `suppliers_category_name_unique` (`name`),
  KEY `suppliers_category_userid_index` (`userID`)
) ENGINE=InnoDB  DEFAULT CHARSET=utf8mb4 COLLATE=utf8mb4_unicode_ci AUTO_INCREMENT=2 ;

--
-- Dumping data for table `suppliers_category`
--

INSERT INTO `suppliers_category` (`supplierCategoryID`, `name`, `userID`, `deleted_at`, `created_at`, `updated_at`) VALUES
(1, 'General', 1, NULL, '2018-04-07 23:42:26', '2018-04-07 23:42:26');

-- --------------------------------------------------------

--
-- Table structure for table `tempbuysell`
--

CREATE TABLE IF NOT EXISTS `tempbuysell` (
  `tempID` int(10) unsigned NOT NULL AUTO_INCREMENT,
  `productID` int(10) unsigned DEFAULT NULL,
  `quantity` int(11) DEFAULT '1',
  `buyPrice` double(8,2) DEFAULT '0.00',
  `sellPrice` double(8,2) DEFAULT '0.00',
  `discount` double(8,2) DEFAULT '0.00',
  `mainPrice` double(8,2) DEFAULT '0.00',
  `otherCost` double(8,2) DEFAULT '0.00',
  `refType` varchar(30) COLLATE utf8mb4_unicode_ci DEFAULT 'Sell',
  `userID` int(10) unsigned DEFAULT NULL,
  `created_at` timestamp NULL DEFAULT NULL,
  `updated_at` timestamp NULL DEFAULT NULL,
  PRIMARY KEY (`tempID`),
  KEY `tempbuysell_productid_index` (`productID`),
  KEY `tempbuysell_userid_index` (`userID`)
) ENGINE=InnoDB  DEFAULT CHARSET=utf8mb4 COLLATE=utf8mb4_unicode_ci AUTO_INCREMENT=625 ;

--
-- Dumping data for table `tempbuysell`
--

INSERT INTO `tempbuysell` (`tempID`, `productID`, `quantity`, `buyPrice`, `sellPrice`, `discount`, `mainPrice`, `otherCost`, `refType`, `userID`, `created_at`, `updated_at`) VALUES
(619, 559, 1, 3700.00, 5000.00, 0.00, 5000.00, 0.00, 'Sell', 1, '2018-04-29 18:06:57', '2018-04-29 18:06:57'),
(620, 567, 1, 43.00, 150.00, 0.00, 150.00, 0.00, 'Sell', 1, '2018-04-29 18:17:13', '2018-04-29 18:17:13'),
(621, 578, 7, 28.00, 45.00, 0.00, 45.00, 0.00, 'Sell', 1, '2018-04-29 18:20:21', '2018-04-29 18:20:21'),
(622, 577, 1, 215.00, 350.00, 0.00, 350.00, 0.00, 'Sell', 1, '2018-04-29 18:22:00', '2018-04-29 18:22:00'),
(623, 281, 3, 220.00, 280.00, 0.00, 280.00, 0.00, 'Sell', 1, '2018-04-29 18:23:51', '2018-04-29 18:30:15'),
(624, 54, 7, 16.30, 25.00, 0.00, 25.00, 0.00, 'Sell', 1, '2018-04-29 18:25:17', '2018-04-29 18:25:17');

-- --------------------------------------------------------

--
-- Table structure for table `users`
--

CREATE TABLE IF NOT EXISTS `users` (
  `id` int(10) unsigned NOT NULL AUTO_INCREMENT,
  `name` varchar(191) COLLATE utf8mb4_unicode_ci NOT NULL,
  `email` varchar(191) COLLATE utf8mb4_unicode_ci NOT NULL,
  `password` varchar(191) COLLATE utf8mb4_unicode_ci NOT NULL,
  `roles` varchar(15) COLLATE utf8mb4_unicode_ci NOT NULL DEFAULT 'Sells',
  `remember_token` varchar(100) COLLATE utf8mb4_unicode_ci DEFAULT NULL,
  `deleted_at` timestamp NULL DEFAULT NULL,
  `created_at` timestamp NULL DEFAULT NULL,
  `updated_at` timestamp NULL DEFAULT NULL,
  PRIMARY KEY (`id`),
  UNIQUE KEY `users_email_unique` (`email`)
) ENGINE=InnoDB  DEFAULT CHARSET=utf8mb4 COLLATE=utf8mb4_unicode_ci AUTO_INCREMENT=2 ;

--
-- Dumping data for table `users`
--

INSERT INTO `users` (`id`, `name`, `email`, `password`, `roles`, `remember_token`, `deleted_at`, `created_at`, `updated_at`) VALUES
(1, 'Super Admin', 'admin@admin.com', '$2y$10$xAhfFORFdSmD/th3MiQJee6uY8EIqxt9bhZdX8Eq6cZyLUMSnkVoO', 'Admin', 'gaTbA0q6zphUSZImExTLwrGnNSuPNySOADXggCCcXwbFFCXfQtSI5iUoFTOZ', NULL, '2017-11-01 19:52:05', '2018-02-27 07:28:32');

--
-- Constraints for dumped tables
--

--
-- Constraints for table `banks`
--
ALTER TABLE `banks`
  ADD CONSTRAINT `banks_userid_foreign` FOREIGN KEY (`userID`) REFERENCES `users` (`id`) ON DELETE NO ACTION ON UPDATE NO ACTION;

--
-- Constraints for table `bank_book`
--
ALTER TABLE `bank_book`
  ADD CONSTRAINT `bank_book_bankid_foreign` FOREIGN KEY (`bankID`) REFERENCES `banks` (`bankID`) ON DELETE CASCADE ON UPDATE NO ACTION,
  ADD CONSTRAINT `bank_book_userid_foreign` FOREIGN KEY (`userID`) REFERENCES `users` (`id`) ON DELETE SET NULL ON UPDATE NO ACTION;

--
-- Constraints for table `cash_book`
--
ALTER TABLE `cash_book`
  ADD CONSTRAINT `cash_book_userid_foreign` FOREIGN KEY (`userID`) REFERENCES `users` (`id`) ON DELETE NO ACTION ON UPDATE NO ACTION;

--
-- Constraints for table `customers`
--
ALTER TABLE `customers`
  ADD CONSTRAINT `customers_customercategoryid_foreign` FOREIGN KEY (`customerCategoryID`) REFERENCES `customers_category` (`customerCategoryID`) ON DELETE SET NULL ON UPDATE NO ACTION,
  ADD CONSTRAINT `customers_userid_foreign` FOREIGN KEY (`userID`) REFERENCES `users` (`id`) ON DELETE NO ACTION ON UPDATE NO ACTION;

--
-- Constraints for table `customers_category`
--
ALTER TABLE `customers_category`
  ADD CONSTRAINT `customers_category_userid_foreign` FOREIGN KEY (`userID`) REFERENCES `users` (`id`) ON DELETE NO ACTION ON UPDATE NO ACTION;

--
-- Constraints for table `customer_accounts`
--
ALTER TABLE `customer_accounts`
  ADD CONSTRAINT `customer_accounts_customerid_foreign` FOREIGN KEY (`customerID`) REFERENCES `customers` (`customerID`) ON DELETE CASCADE ON UPDATE NO ACTION,
  ADD CONSTRAINT `customer_accounts_userid_foreign` FOREIGN KEY (`userID`) REFERENCES `users` (`id`) ON DELETE NO ACTION ON UPDATE NO ACTION;

--
-- Constraints for table `expense`
--
ALTER TABLE `expense`
  ADD CONSTRAINT `expense_userid_foreign` FOREIGN KEY (`userID`) REFERENCES `users` (`id`) ON DELETE NO ACTION ON UPDATE NO ACTION;

--
-- Constraints for table `expense_transactions`
--
ALTER TABLE `expense_transactions`
  ADD CONSTRAINT `expense_transactions_userid_foreign` FOREIGN KEY (`userID`) REFERENCES `users` (`id`) ON DELETE NO ACTION ON UPDATE NO ACTION;

--
-- Constraints for table `products`
--
ALTER TABLE `products`
  ADD CONSTRAINT `products_productbrandid_foreign` FOREIGN KEY (`productBrandID`) REFERENCES `product_brand` (`productBrandID`) ON DELETE SET NULL ON UPDATE NO ACTION,
  ADD CONSTRAINT `products_productcategoryid_foreign` FOREIGN KEY (`productCategoryID`) REFERENCES `product_category` (`productCategoryID`) ON DELETE SET NULL ON UPDATE NO ACTION,
  ADD CONSTRAINT `products_productsizeid_foreign` FOREIGN KEY (`productSizeID`) REFERENCES `product_size` (`productSizeID`) ON DELETE SET NULL ON UPDATE NO ACTION,
  ADD CONSTRAINT `products_userid_foreign` FOREIGN KEY (`userID`) REFERENCES `users` (`id`) ON DELETE NO ACTION ON UPDATE NO ACTION;

--
-- Constraints for table `product_book`
--
ALTER TABLE `product_book`
  ADD CONSTRAINT `product_book_productid_foreign` FOREIGN KEY (`productID`) REFERENCES `products` (`productID`) ON DELETE SET NULL ON UPDATE NO ACTION,
  ADD CONSTRAINT `product_book_userid_foreign` FOREIGN KEY (`userID`) REFERENCES `users` (`id`) ON DELETE NO ACTION ON UPDATE NO ACTION;

--
-- Constraints for table `product_brand`
--
ALTER TABLE `product_brand`
  ADD CONSTRAINT `product_brand_userid_foreign` FOREIGN KEY (`userID`) REFERENCES `users` (`id`) ON DELETE NO ACTION ON UPDATE NO ACTION;

--
-- Constraints for table `product_category`
--
ALTER TABLE `product_category`
  ADD CONSTRAINT `product_category_userid_foreign` FOREIGN KEY (`userID`) REFERENCES `users` (`id`) ON DELETE NO ACTION ON UPDATE NO ACTION;

--
-- Constraints for table `product_damage`
--
ALTER TABLE `product_damage`
  ADD CONSTRAINT `product_damage_productid_foreign` FOREIGN KEY (`productID`) REFERENCES `products` (`productID`) ON DELETE CASCADE ON UPDATE NO ACTION,
  ADD CONSTRAINT `product_damage_userid_foreign` FOREIGN KEY (`userID`) REFERENCES `users` (`id`) ON DELETE NO ACTION ON UPDATE NO ACTION;

--
-- Constraints for table `product_size`
--
ALTER TABLE `product_size`
  ADD CONSTRAINT `product_size_userid_foreign` FOREIGN KEY (`userID`) REFERENCES `users` (`id`) ON DELETE NO ACTION ON UPDATE NO ACTION;

--
-- Constraints for table `purchase`
--
ALTER TABLE `purchase`
  ADD CONSTRAINT `purchase_productid_foreign` FOREIGN KEY (`productID`) REFERENCES `products` (`productID`) ON DELETE SET NULL ON UPDATE NO ACTION,
  ADD CONSTRAINT `purchase_receiptid_foreign` FOREIGN KEY (`receiptID`) REFERENCES `purchase_receipt` (`receiptID`) ON DELETE CASCADE ON UPDATE NO ACTION,
  ADD CONSTRAINT `purchase_userid_foreign` FOREIGN KEY (`userID`) REFERENCES `users` (`id`) ON DELETE NO ACTION ON UPDATE NO ACTION;

--
-- Constraints for table `purchase_receipt`
--
ALTER TABLE `purchase_receipt`
  ADD CONSTRAINT `purchase_receipt_supplierid_foreign` FOREIGN KEY (`supplierID`) REFERENCES `suppliers` (`supplierID`) ON DELETE NO ACTION ON UPDATE NO ACTION,
  ADD CONSTRAINT `purchase_receipt_userid_foreign` FOREIGN KEY (`userID`) REFERENCES `users` (`id`) ON DELETE NO ACTION ON UPDATE NO ACTION;

--
-- Constraints for table `purchase_transactions`
--
ALTER TABLE `purchase_transactions`
  ADD CONSTRAINT `purchase_transactions_receiptid_foreign` FOREIGN KEY (`receiptID`) REFERENCES `purchase_receipt` (`receiptID`) ON DELETE CASCADE ON UPDATE NO ACTION,
  ADD CONSTRAINT `purchase_transactions_userid_foreign` FOREIGN KEY (`userID`) REFERENCES `users` (`id`) ON DELETE NO ACTION ON UPDATE NO ACTION;

--
-- Constraints for table `sell`
--
ALTER TABLE `sell`
  ADD CONSTRAINT `sell_invoiceid_foreign` FOREIGN KEY (`invoiceID`) REFERENCES `sell_invoice` (`invoiceID`) ON DELETE CASCADE ON UPDATE NO ACTION,
  ADD CONSTRAINT `sell_productid_foreign` FOREIGN KEY (`productID`) REFERENCES `products` (`productID`) ON DELETE SET NULL ON UPDATE NO ACTION,
  ADD CONSTRAINT `sell_userid_foreign` FOREIGN KEY (`userID`) REFERENCES `users` (`id`) ON DELETE NO ACTION ON UPDATE NO ACTION;

--
-- Constraints for table `sell_invoice`
--
ALTER TABLE `sell_invoice`
  ADD CONSTRAINT `sell_invoice_customerid_foreign` FOREIGN KEY (`customerID`) REFERENCES `customers` (`customerID`) ON DELETE NO ACTION ON UPDATE NO ACTION,
  ADD CONSTRAINT `sell_invoice_userid_foreign` FOREIGN KEY (`userID`) REFERENCES `users` (`id`) ON DELETE NO ACTION ON UPDATE NO ACTION;

--
-- Constraints for table `sell_transactions`
--
ALTER TABLE `sell_transactions`
  ADD CONSTRAINT `sell_transactions_invoiceid_foreign` FOREIGN KEY (`invoiceID`) REFERENCES `sell_invoice` (`invoiceID`) ON DELETE CASCADE ON UPDATE NO ACTION,
  ADD CONSTRAINT `sell_transactions_userid_foreign` FOREIGN KEY (`userID`) REFERENCES `users` (`id`) ON DELETE NO ACTION ON UPDATE NO ACTION;

--
-- Constraints for table `suppliers`
--
ALTER TABLE `suppliers`
  ADD CONSTRAINT `suppliers_suppliercategoryid_foreign` FOREIGN KEY (`supplierCategoryID`) REFERENCES `suppliers_category` (`supplierCategoryID`) ON DELETE SET NULL ON UPDATE NO ACTION,
  ADD CONSTRAINT `suppliers_userid_foreign` FOREIGN KEY (`userID`) REFERENCES `users` (`id`) ON DELETE NO ACTION ON UPDATE NO ACTION;

--
-- Constraints for table `suppliers_category`
--
ALTER TABLE `suppliers_category`
  ADD CONSTRAINT `suppliers_category_userid_foreign` FOREIGN KEY (`userID`) REFERENCES `users` (`id`) ON DELETE NO ACTION ON UPDATE NO ACTION;

--
-- Constraints for table `tempbuysell`
--
ALTER TABLE `tempbuysell`
  ADD CONSTRAINT `tempbuysell_productid_foreign` FOREIGN KEY (`productID`) REFERENCES `products` (`productID`) ON DELETE CASCADE ON UPDATE NO ACTION,
  ADD CONSTRAINT `tempbuysell_userid_foreign` FOREIGN KEY (`userID`) REFERENCES `users` (`id`) ON DELETE CASCADE ON UPDATE NO ACTION;

/*!40101 SET CHARACTER_SET_CLIENT=@OLD_CHARACTER_SET_CLIENT */;
/*!40101 SET CHARACTER_SET_RESULTS=@OLD_CHARACTER_SET_RESULTS */;
/*!40101 SET COLLATION_CONNECTION=@OLD_COLLATION_CONNECTION */;
